Date,equity
2024-05-23 20:00:00+00:00,100000.0
2024-05-24 00:00:00+00:00,100000.0
2024-05-24 04:00:00+00:00,100000.0
2024-05-24 08:00:00+00:00,100000.0
2024-05-24 12:00:00+00:00,100000.0
2024-05-24 16:00:00+00:00,100000.0
2024-05-24 20:00:00+00:00,100000.0
2024-05-25 00:00:00+00:00,100000.0
2024-05-25 04:00:00+00:00,100000.0
2024-05-25 08:00:00+00:00,100000.0
2024-05-25 12:00:00+00:00,100000.0
2024-05-25 16:00:00+00:00,100000.0
2024-05-25 20:00:00+00:00,100000.0
2024-05-26 00:00:00+00:00,100000.0
2024-05-26 04:00:00+00:00,100000.0
2024-05-26 08:00:00+00:00,100000.0
2024-05-26 12:00:00+00:00,100000.0
2024-05-26 16:00:00+00:00,100000.0
2024-05-26 20:00:00+00:00,100000.0
2024-05-27 00:00:00+00:00,100000.0
2024-05-27 04:00:00+00:00,100000.0
2024-05-27 08:00:00+00:00,100000.0
2024-05-27 12:00:00+00:00,100000.0
2024-05-27 16:00:00+00:00,100000.0
2024-05-27 20:00:00+00:00,100000.0
2024-05-28 00:00:00+00:00,100000.0
2024-05-28 04:00:00+00:00,100000.0
2024-05-28 08:00:00+00:00,100000.0
2024-05-28 12:00:00+00:00,100000.0
2024-05-28 16:00:00+00:00,100000.0
2024-05-28 20:00:00+00:00,100000.0
2024-05-29 00:00:00+00:00,100000.0
2024-05-29 04:00:00+00:00,100000.0
2024-05-29 08:00:00+00:00,100000.0
2024-05-29 12:00:00+00:00,100000.0
2024-05-29 16:00:00+00:00,100000.0
2024-05-29 20:00:00+00:00,100000.0
2024-05-30 00:00:00+00:00,100000.0
2024-05-30 04:00:00+00:00,100000.0
2024-05-30 08:00:00+00:00,100000.0
2024-05-30 12:00:00+00:00,100000.0
2024-05-30 16:00:00+00:00,100000.0
2024-05-30 20:00:00+00:00,100000.0
2024-05-31 00:00:00+00:00,100000.0
2024-05-31 04:00:00+00:00,100000.0
2024-05-31 08:00:00+00:00,100000.0
2024-05-31 12:00:00+00:00,100000.0
2024-05-31 16:00:00+00:00,100000.0
2024-05-31 20:00:00+00:00,100000.0
2024-06-01 00:00:00+00:00,100000.0
2024-06-01 04:00:00+00:00,100000.0
2024-06-01 08:00:00+00:00,100000.0
2024-06-01 12:00:00+00:00,100000.0
2024-06-01 16:00:00+00:00,100000.0
2024-06-01 20:00:00+00:00,100000.0
2024-06-02 00:00:00+00:00,100000.0
2024-06-02 04:00:00+00:00,100000.0
2024-06-02 08:00:00+00:00,100000.0
2024-06-02 12:00:00+00:00,100000.0
2024-06-02 16:00:00+00:00,100000.0
2024-06-02 20:00:00+00:00,100000.0
2024-06-03 00:00:00+00:00,100000.0
2024-06-03 04:00:00+00:00,100000.0
2024-06-03 08:00:00+00:00,100000.0
2024-06-03 12:00:00+00:00,100000.0
2024-06-03 16:00:00+00:00,100000.0
2024-06-03 20:00:00+00:00,100000.0
2024-06-04 00:00:00+00:00,100000.0
2024-06-04 04:00:00+00:00,100000.0
2024-06-04 08:00:00+00:00,100000.0
2024-06-04 12:00:00+00:00,100000.0
2024-06-04 16:00:00+00:00,100000.0
2024-06-04 20:00:00+00:00,100000.0
2024-06-05 00:00:00+00:00,100000.0
2024-06-05 04:00:00+00:00,100000.0
2024-06-05 08:00:00+00:00,100000.0
2024-06-05 12:00:00+00:00,100000.0
2024-06-05 16:00:00+00:00,100000.0
2024-06-05 20:00:00+00:00,100000.0
2024-06-06 00:00:00+00:00,100000.0
2024-06-06 04:00:00+00:00,100000.0
2024-06-06 08:00:00+00:00,100000.0
2024-06-06 12:00:00+00:00,100000.0
2024-06-06 16:00:00+00:00,100000.0
2024-06-06 20:00:00+00:00,100000.0
2024-06-07 00:00:00+00:00,100000.0
2024-06-07 04:00:00+00:00,100000.0
2024-06-07 08:00:00+00:00,100000.0
2024-06-07 12:00:00+00:00,100000.0
2024-06-07 16:00:00+00:00,100000.0
2024-06-07 20:00:00+00:00,100000.0
2024-06-08 00:00:00+00:00,100000.0
2024-06-08 04:00:00+00:00,100000.0
2024-06-08 08:00:00+00:00,100000.0
2024-06-08 12:00:00+00:00,100000.0
2024-06-08 16:00:00+00:00,100000.0
2024-06-08 20:00:00+00:00,100000.0
2024-06-09 00:00:00+00:00,100000.0
2024-06-09 04:00:00+00:00,100000.0
2024-06-09 08:00:00+00:00,100000.0
2024-06-09 12:00:00+00:00,100000.0
2024-06-09 16:00:00+00:00,100000.0
2024-06-09 20:00:00+00:00,100000.0
2024-06-10 00:00:00+00:00,100000.0
2024-06-10 04:00:00+00:00,100000.0
2024-06-10 08:00:00+00:00,100000.0
2024-06-10 12:00:00+00:00,100000.0
2024-06-10 16:00:00+00:00,100000.0
2024-06-10 20:00:00+00:00,100000.0
2024-06-11 00:00:00+00:00,100000.0
2024-06-11 04:00:00+00:00,100000.0
2024-06-11 08:00:00+00:00,100000.0
2024-06-11 12:00:00+00:00,100000.0
2024-06-11 16:00:00+00:00,100000.0
2024-06-11 20:00:00+00:00,100000.0
2024-06-12 00:00:00+00:00,100000.0
2024-06-12 04:00:00+00:00,100000.0
2024-06-12 08:00:00+00:00,100000.0
2024-06-12 12:00:00+00:00,100000.0
2024-06-12 16:00:00+00:00,100000.0
2024-06-12 20:00:00+00:00,100000.0
2024-06-13 00:00:00+00:00,100000.0
2024-06-13 04:00:00+00:00,100000.0
2024-06-13 08:00:00+00:00,100000.0
2024-06-13 12:00:00+00:00,100000.0
2024-06-13 16:00:00+00:00,100000.0
2024-06-13 20:00:00+00:00,100000.0
2024-06-14 00:00:00+00:00,100000.0
2024-06-14 04:00:00+00:00,100000.0
2024-06-14 08:00:00+00:00,100000.0
2024-06-14 12:00:00+00:00,100000.0
2024-06-14 16:00:00+00:00,100000.0
2024-06-14 20:00:00+00:00,100000.0
2024-06-15 00:00:00+00:00,100000.0
2024-06-15 04:00:00+00:00,100000.0
2024-06-15 08:00:00+00:00,100000.0
2024-06-15 12:00:00+00:00,100000.0
2024-06-15 16:00:00+00:00,100000.0
2024-06-15 20:00:00+00:00,100000.0
2024-06-16 00:00:00+00:00,100000.0
2024-06-16 04:00:00+00:00,100000.0
2024-06-16 08:00:00+00:00,100000.0
2024-06-16 12:00:00+00:00,100000.0
2024-06-16 16:00:00+00:00,100000.0
2024-06-16 20:00:00+00:00,100000.0
2024-06-17 00:00:00+00:00,100000.0
2024-06-17 04:00:00+00:00,100000.0
2024-06-17 08:00:00+00:00,100000.0
2024-06-17 12:00:00+00:00,100000.0
2024-06-17 16:00:00+00:00,100000.0
2024-06-17 20:00:00+00:00,100000.0
2024-06-18 00:00:00+00:00,100000.0
2024-06-18 04:00:00+00:00,100000.0
2024-06-18 08:00:00+00:00,100000.0
2024-06-18 12:00:00+00:00,100000.0
2024-06-18 16:00:00+00:00,100000.0
2024-06-18 20:00:00+00:00,100000.0
2024-06-19 00:00:00+00:00,100000.0
2024-06-19 04:00:00+00:00,100000.0
2024-06-19 08:00:00+00:00,100000.0
2024-06-19 12:00:00+00:00,100000.0
2024-06-19 16:00:00+00:00,100000.0
2024-06-19 20:00:00+00:00,100000.0
2024-06-20 00:00:00+00:00,100000.0
2024-06-20 04:00:00+00:00,100000.0
2024-06-20 08:00:00+00:00,100000.0
2024-06-20 12:00:00+00:00,100000.0
2024-06-20 16:00:00+00:00,100000.0
2024-06-20 20:00:00+00:00,100000.0
2024-06-21 00:00:00+00:00,100000.0
2024-06-21 04:00:00+00:00,100000.0
2024-06-21 08:00:00+00:00,100000.0
2024-06-21 12:00:00+00:00,100000.0
2024-06-21 16:00:00+00:00,100000.0
2024-06-21 20:00:00+00:00,100000.0
2024-06-22 00:00:00+00:00,100000.0
2024-06-22 04:00:00+00:00,100000.0
2024-06-22 08:00:00+00:00,100000.0
2024-06-22 12:00:00+00:00,100000.0
2024-06-22 16:00:00+00:00,100000.0
2024-06-22 20:00:00+00:00,100000.0
2024-06-23 00:00:00+00:00,100000.0
2024-06-23 04:00:00+00:00,100000.0
2024-06-23 08:00:00+00:00,100000.0
2024-06-23 12:00:00+00:00,100000.0
2024-06-23 16:00:00+00:00,100000.0
2024-06-23 20:00:00+00:00,100000.0
2024-06-24 00:00:00+00:00,100000.0
2024-06-24 04:00:00+00:00,100000.0
2024-06-24 08:00:00+00:00,100000.0
2024-06-24 12:00:00+00:00,100000.0
2024-06-24 16:00:00+00:00,100000.0
2024-06-24 20:00:00+00:00,100000.0
2024-06-25 00:00:00+00:00,100000.0
2024-06-25 04:00:00+00:00,100000.0
2024-06-25 08:00:00+00:00,100000.0
2024-06-25 12:00:00+00:00,100000.0
2024-06-25 16:00:00+00:00,100000.0
2024-06-25 20:00:00+00:00,100000.0
2024-06-26 00:00:00+00:00,100000.0
2024-06-26 04:00:00+00:00,100000.0
2024-06-26 08:00:00+00:00,100000.0
2024-06-26 12:00:00+00:00,100000.0
2024-06-26 16:00:00+00:00,99990.0
2024-06-26 20:00:00+00:00,100013.75184081309
2024-06-27 00:00:00+00:00,100074.69108143845
2024-06-27 04:00:00+00:00,100086.56163269174
2024-06-27 08:00:00+00:00,100058.64080689465
2024-06-27 12:00:00+00:00,99877.91316292263
2024-06-27 16:00:00+00:00,99947.0389400327
2024-06-27 20:00:00+00:00,99963.74870281985
2024-06-28 00:00:00+00:00,99946.47878716126
2024-06-28 04:00:00+00:00,99910.05259238355
2024-06-28 08:00:00+00:00,100034.74297591703
2024-06-28 12:00:00+00:00,100018.0302236265
2024-06-28 16:00:00+00:00,100018.96242696382
2024-06-28 20:00:00+00:00,99927.65987889015
2024-06-29 00:00:00+00:00,99904.86518171875
2024-06-29 04:00:00+00:00,99885.47517519574
2024-06-29 08:00:00+00:00,99986.76561620427
2024-06-29 12:00:00+00:00,99954.3288959943
2024-06-29 16:00:00+00:00,99866.9612149357
2024-06-29 20:00:00+00:00,99873.40135619571
2024-06-30 00:00:00+00:00,99937.76769750555
2024-06-30 04:00:00+00:00,99823.32692131546
2024-06-30 08:00:00+00:00,99768.43731844117
2024-06-30 12:00:00+00:00,99682.19841449587
2024-06-30 16:00:00+00:00,99776.18682270375
2024-06-30 20:00:00+00:00,99848.4059511319
2024-07-01 00:00:00+00:00,99798.90743414886
2024-07-01 04:00:00+00:00,99700.20411316291
2024-07-01 08:00:00+00:00,99695.20411316291
2024-07-01 12:00:00+00:00,99647.49445195863
2024-07-01 16:00:00+00:00,99587.84830998936
2024-07-01 20:00:00+00:00,99534.47673992504
2024-07-02 00:00:00+00:00,99522.67395176132
2024-07-02 04:00:00+00:00,99627.10433986405
2024-07-02 08:00:00+00:00,99525.44947668216
2024-07-02 12:00:00+00:00,99422.95155242339
2024-07-02 16:00:00+00:00,99452.10634424092
2024-07-02 20:00:00+00:00,99475.49599427097
2024-07-03 00:00:00+00:00,99550.96935790167
2024-07-03 04:00:00+00:00,99647.15079836606
2024-07-03 08:00:00+00:00,99607.19721003695
2024-07-03 12:00:00+00:00,99761.1475721046
2024-07-03 16:00:00+00:00,99841.69662639206
2024-07-03 20:00:00+00:00,99815.11305331963
2024-07-04 00:00:00+00:00,99874.21178891223
2024-07-04 04:00:00+00:00,99677.53827208966
2024-07-04 08:00:00+00:00,99685.59831515829
2024-07-04 12:00:00+00:00,99793.51616566398
2024-07-04 16:00:00+00:00,99821.54529308045
2024-07-04 20:00:00+00:00,99875.08098085453
2024-07-05 00:00:00+00:00,100079.1151763157
2024-07-05 04:00:00+00:00,100064.59133695475
2024-07-05 08:00:00+00:00,100127.1337539809
2024-07-05 12:00:00+00:00,100069.36881744718
2024-07-05 16:00:00+00:00,100086.34738936245
2024-07-05 20:00:00+00:00,100049.06857002461
2024-07-06 00:00:00+00:00,100111.76213638659
2024-07-06 04:00:00+00:00,100057.05134744971
2024-07-06 08:00:00+00:00,100052.05134744971
2024-07-06 12:00:00+00:00,100069.9719814284
2024-07-06 16:00:00+00:00,100209.8357538535
2024-07-06 20:00:00+00:00,100212.18775619155
2024-07-07 00:00:00+00:00,100261.74585626932
2024-07-07 04:00:00+00:00,100251.30907146541
2024-07-07 08:00:00+00:00,100166.38029348175
2024-07-07 12:00:00+00:00,100254.01699251571
2024-07-07 16:00:00+00:00,100228.6399061576
2024-07-07 20:00:00+00:00,100150.75064580393
2024-07-08 00:00:00+00:00,100128.44459225694
2024-07-08 04:00:00+00:00,100110.26066110101
2024-07-08 08:00:00+00:00,99953.40986221719
2024-07-08 12:00:00+00:00,100176.5496917869
2024-07-08 16:00:00+00:00,100277.08721143108
2024-07-08 20:00:00+00:00,100186.15205087443
2024-07-09 00:00:00+00:00,100319.71401491047
2024-07-09 04:00:00+00:00,100371.31916287157
2024-07-09 08:00:00+00:00,100218.16731287877
2024-07-09 12:00:00+00:00,100295.76202168957
2024-07-09 16:00:00+00:00,100284.42259615421
2024-07-09 20:00:00+00:00,100228.22771117227
2024-07-10 00:00:00+00:00,100297.15447118861
2024-07-10 04:00:00+00:00,100689.48044449123
2024-07-10 08:00:00+00:00,100940.23091822932
2024-07-10 12:00:00+00:00,100830.57140710941
2024-07-10 16:00:00+00:00,100801.54409191747
2024-07-10 20:00:00+00:00,100866.85454302949
2024-07-11 00:00:00+00:00,100873.02785573756
2024-07-11 04:00:00+00:00,100770.83289208027
2024-07-11 08:00:00+00:00,100770.83289208027
2024-07-11 12:00:00+00:00,100765.83289208027
2024-07-11 16:00:00+00:00,100780.66602610261
2024-07-11 20:00:00+00:00,100711.78809311605
2024-07-12 00:00:00+00:00,100735.66490349341
2024-07-12 04:00:00+00:00,100651.40784334854
2024-07-12 08:00:00+00:00,100639.59132526054
2024-07-12 12:00:00+00:00,100673.49846583891
2024-07-12 16:00:00+00:00,100516.92733997891
2024-07-12 20:00:00+00:00,100414.66886304322
2024-07-13 00:00:00+00:00,100423.28803192847
2024-07-13 04:00:00+00:00,100564.64512605591
2024-07-13 08:00:00+00:00,100629.22324377538
2024-07-13 12:00:00+00:00,100561.13463179115
2024-07-13 16:00:00+00:00,100567.18677062904
2024-07-13 20:00:00+00:00,100574.8838440218
2024-07-14 00:00:00+00:00,100456.47003519353
2024-07-14 04:00:00+00:00,100475.68561092284
2024-07-14 08:00:00+00:00,100680.02562938853
2024-07-14 12:00:00+00:00,100692.1817935973
2024-07-14 16:00:00+00:00,100638.12347406252
2024-07-14 20:00:00+00:00,100700.43693491208
2024-07-15 00:00:00+00:00,100695.45611740915
2024-07-15 04:00:00+00:00,100787.66442482392
2024-07-15 08:00:00+00:00,100453.30120306264
2024-07-15 12:00:00+00:00,100235.4684727342
2024-07-15 16:00:00+00:00,100346.85127714912
2024-07-15 20:00:00+00:00,100384.76686764308
2024-07-16 00:00:00+00:00,100299.80328432893
2024-07-16 04:00:00+00:00,100398.09021810965
2024-07-16 08:00:00+00:00,100398.09021810965
2024-07-16 12:00:00+00:00,100398.09021810965
2024-07-16 16:00:00+00:00,100398.09021810965
2024-07-16 20:00:00+00:00,100393.09021810965
2024-07-17 00:00:00+00:00,100320.82585838113
2024-07-17 04:00:00+00:00,100335.16945367675
2024-07-17 08:00:00+00:00,100082.47941417454
2024-07-17 12:00:00+00:00,100146.19107356253
2024-07-17 16:00:00+00:00,99994.1288466717
2024-07-17 20:00:00+00:00,100077.1457578014
2024-07-18 00:00:00+00:00,100372.87021303717
2024-07-18 04:00:00+00:00,100214.88363363185
2024-07-18 08:00:00+00:00,100281.9647137435
2024-07-18 12:00:00+00:00,100079.32058520654
2024-07-18 16:00:00+00:00,100020.10417942905
2024-07-18 20:00:00+00:00,100277.0741461459
2024-07-19 00:00:00+00:00,100177.78165064417
2024-07-19 04:00:00+00:00,100278.70707852859
2024-07-19 08:00:00+00:00,100108.15887804974
2024-07-19 12:00:00+00:00,99868.40820491068
2024-07-19 16:00:00+00:00,100074.11323871095
2024-07-19 20:00:00+00:00,99783.72332810299
2024-07-20 00:00:00+00:00,99778.5053847192
2024-07-20 04:00:00+00:00,99811.08737802658
2024-07-20 08:00:00+00:00,99723.87004652167
2024-07-20 12:00:00+00:00,99909.0676967637
2024-07-20 16:00:00+00:00,99975.56652560938
2024-07-20 20:00:00+00:00,99996.38582277425
2024-07-21 00:00:00+00:00,99690.74500853612
2024-07-21 04:00:00+00:00,99405.93491890313
2024-07-21 08:00:00+00:00,99405.93491890313
2024-07-21 12:00:00+00:00,99405.93491890313
2024-07-21 16:00:00+00:00,99405.93491890313
2024-07-21 20:00:00+00:00,99405.93491890313
2024-07-22 00:00:00+00:00,99405.93491890313
2024-07-22 04:00:00+00:00,99405.93491890313
2024-07-22 08:00:00+00:00,99400.93491890313
2024-07-22 12:00:00+00:00,99419.30136658772
2024-07-22 16:00:00+00:00,99427.19360003143
2024-07-22 20:00:00+00:00,99444.70843060363
2024-07-23 00:00:00+00:00,99513.8095586086
2024-07-23 04:00:00+00:00,99539.85412503469
2024-07-23 08:00:00+00:00,99570.09089404129
2024-07-23 12:00:00+00:00,99538.29670168247
2024-07-23 16:00:00+00:00,99535.58925710776
2024-07-23 20:00:00+00:00,99521.72478447056
2024-07-24 00:00:00+00:00,99477.71270998042
2024-07-24 04:00:00+00:00,99503.03925845047
2024-07-24 08:00:00+00:00,99476.57488437767
2024-07-24 12:00:00+00:00,99497.84369095216
2024-07-24 16:00:00+00:00,99523.005787122
2024-07-24 20:00:00+00:00,99532.52948053612
2024-07-25 00:00:00+00:00,99504.97063325447
2024-07-25 04:00:00+00:00,99506.4648890522
2024-07-25 08:00:00+00:00,99528.36227422075
2024-07-25 12:00:00+00:00,99490.33785505121
2024-07-25 16:00:00+00:00,99403.21767419134
2024-07-25 20:00:00+00:00,99467.91848745968
2024-07-26 00:00:00+00:00,99470.99100427251
2024-07-26 04:00:00+00:00,99598.02376743646
2024-07-26 08:00:00+00:00,99598.02376743646
2024-07-26 12:00:00+00:00,99593.02376743646
2024-07-26 16:00:00+00:00,99530.24238577098
2024-07-26 20:00:00+00:00,99593.81751010517
2024-07-27 00:00:00+00:00,99689.10152302797
2024-07-27 04:00:00+00:00,99718.90166902865
2024-07-27 08:00:00+00:00,99730.07869115508
2024-07-27 12:00:00+00:00,99757.37240621953
2024-07-27 16:00:00+00:00,99782.31340967873
2024-07-27 20:00:00+00:00,99734.30499557743
2024-07-28 00:00:00+00:00,99738.24905226618
2024-07-28 04:00:00+00:00,99746.41645784838
2024-07-28 08:00:00+00:00,99748.95188564649
2024-07-28 12:00:00+00:00,99764.83889480415
2024-07-28 16:00:00+00:00,99718.40437053528
2024-07-28 20:00:00+00:00,99722.78447592164
2024-07-29 00:00:00+00:00,99722.71443535658
2024-07-29 04:00:00+00:00,99769.61252794901
2024-07-29 08:00:00+00:00,99782.71020241553
2024-07-29 12:00:00+00:00,99752.0600545781
2024-07-29 16:00:00+00:00,99764.74818515817
2024-07-29 20:00:00+00:00,99755.57648923641
2024-07-30 00:00:00+00:00,99753.33996638677
2024-07-30 04:00:00+00:00,99758.85831680433
2024-07-30 08:00:00+00:00,99758.74090639004
2024-07-30 12:00:00+00:00,99746.22915118853
2024-07-30 16:00:00+00:00,99736.2753814679
2024-07-30 20:00:00+00:00,99711.45870840896
2024-07-31 00:00:00+00:00,99762.69733386567
2024-07-31 04:00:00+00:00,99789.63631131455
2024-07-31 08:00:00+00:00,99788.80744866739
2024-07-31 12:00:00+00:00,99790.42868158969
2024-07-31 16:00:00+00:00,99809.46697462414
2024-07-31 20:00:00+00:00,99816.17896954258
2024-08-01 00:00:00+00:00,99847.53905683845
2024-08-01 04:00:00+00:00,99845.35215443485
2024-08-01 08:00:00+00:00,99853.94609274654
2024-08-01 12:00:00+00:00,99882.769543418
2024-08-01 16:00:00+00:00,99849.74583158444
2024-08-01 20:00:00+00:00,99809.57375045685
2024-08-02 00:00:00+00:00,99809.74517384243
2024-08-02 04:00:00+00:00,99797.77073020676
2024-08-02 08:00:00+00:00,99794.88462269708
2024-08-02 12:00:00+00:00,99830.63838714254
2024-08-02 16:00:00+00:00,99842.83989400744
2024-08-02 20:00:00+00:00,99897.97679984031
2024-08-03 00:00:00+00:00,100002.35509657147
2024-08-03 04:00:00+00:00,100028.04033529974
2024-08-03 08:00:00+00:00,100022.49609101338
2024-08-03 12:00:00+00:00,100021.67205021827
2024-08-03 16:00:00+00:00,99995.68003349684
2024-08-03 20:00:00+00:00,100029.826190961
2024-08-04 00:00:00+00:00,100047.10370552844
2024-08-04 04:00:00+00:00,100065.67187175143
2024-08-04 08:00:00+00:00,100054.170006923
2024-08-04 12:00:00+00:00,100173.41725985093
2024-08-04 16:00:00+00:00,100207.8818639679
2024-08-04 20:00:00+00:00,100318.93290128255
2024-08-05 00:00:00+00:00,100841.71251514286
2024-08-05 04:00:00+00:00,100903.26552964687
2024-08-05 08:00:00+00:00,100898.26552964687
2024-08-05 12:00:00+00:00,100851.64996700964
2024-08-05 16:00:00+00:00,100784.06270892987
2024-08-05 20:00:00+00:00,100661.74773612297
2024-08-06 00:00:00+00:00,100623.20671582031
2024-08-06 04:00:00+00:00,100568.68442074374
2024-08-06 08:00:00+00:00,100558.26237928127
2024-08-06 12:00:00+00:00,100453.72402312714
2024-08-06 16:00:00+00:00,100420.07556844127
2024-08-06 20:00:00+00:00,100321.21840309753
2024-08-07 00:00:00+00:00,100333.62482141434
2024-08-07 04:00:00+00:00,100242.95956101663
2024-08-07 08:00:00+00:00,100267.23312905645
2024-08-07 12:00:00+00:00,100193.673312494
2024-08-07 16:00:00+00:00,100079.34411501924
2024-08-07 20:00:00+00:00,100111.5469374269
2024-08-08 00:00:00+00:00,100073.6926883162
2024-08-08 04:00:00+00:00,100003.63282317344
2024-08-08 08:00:00+00:00,99702.53371416619
2024-08-08 12:00:00+00:00,99903.57354401324
2024-08-08 16:00:00+00:00,99816.56864061314
2024-08-08 20:00:00+00:00,100168.2468539544
2024-08-09 00:00:00+00:00,99937.48394449789
2024-08-09 04:00:00+00:00,99920.95136662212
2024-08-09 08:00:00+00:00,99878.01462048036
2024-08-09 12:00:00+00:00,100146.38934736751
2024-08-09 16:00:00+00:00,100169.58129054663
2024-08-09 20:00:00+00:00,100328.89211451319
2024-08-10 00:00:00+00:00,100211.56004349126
2024-08-10 04:00:00+00:00,100248.644884219
2024-08-10 08:00:00+00:00,100258.46939589949
2024-08-10 12:00:00+00:00,100217.80324991135
2024-08-10 16:00:00+00:00,100180.58385059594
2024-08-10 20:00:00+00:00,100202.16228059815
2024-08-11 00:00:00+00:00,100232.50120301962
2024-08-11 04:00:00+00:00,100277.3248587678
2024-08-11 08:00:00+00:00,100264.1034999697
2024-08-11 12:00:00+00:00,100299.20589700637
2024-08-11 16:00:00+00:00,100347.01602604505
2024-08-11 20:00:00+00:00,100546.30008749223
2024-08-12 00:00:00+00:00,100624.44405710869
2024-08-12 04:00:00+00:00,100635.62869356666
2024-08-12 08:00:00+00:00,100406.15570936023
2024-08-12 12:00:00+00:00,100291.02089321346
2024-08-12 16:00:00+00:00,100196.03488869732
2024-08-12 20:00:00+00:00,100190.52375473674
2024-08-13 00:00:00+00:00,100123.34185182874
2024-08-13 04:00:00+00:00,100085.98026665812
2024-08-13 08:00:00+00:00,100191.7664152566
2024-08-13 12:00:00+00:00,100077.06626077685
2024-08-13 16:00:00+00:00,99904.07795501428
2024-08-13 20:00:00+00:00,99958.23379955933
2024-08-14 00:00:00+00:00,99978.28003941376
2024-08-14 04:00:00+00:00,99864.66592450811
2024-08-14 08:00:00+00:00,100257.48015322904
2024-08-14 12:00:00+00:00,100021.95674668868
2024-08-14 16:00:00+00:00,99745.45308957782
2024-08-14 20:00:00+00:00,99854.23279288327
2024-08-15 00:00:00+00:00,99901.47876582766
2024-08-15 04:00:00+00:00,100015.04120279197
2024-08-15 08:00:00+00:00,99986.73073592741
2024-08-15 12:00:00+00:00,99920.95965751461
2024-08-15 16:00:00+00:00,99703.20517564354
2024-08-15 20:00:00+00:00,99645.66322340381
2024-08-16 00:00:00+00:00,99623.75638523918
2024-08-16 04:00:00+00:00,99551.43543940695
2024-08-16 08:00:00+00:00,99709.3681120511
2024-08-16 12:00:00+00:00,99785.6659195043
2024-08-16 16:00:00+00:00,99690.03686795662
2024-08-16 20:00:00+00:00,99685.25616643885
2024-08-17 00:00:00+00:00,99676.24659723489
2024-08-17 04:00:00+00:00,99797.94416605547
2024-08-17 08:00:00+00:00,99619.35918994201
2024-08-17 12:00:00+00:00,99717.12298519762
2024-08-17 16:00:00+00:00,99393.2266350666
2024-08-17 20:00:00+00:00,99386.51718689507
2024-08-18 00:00:00+00:00,99261.45186089592
2024-08-18 04:00:00+00:00,99290.66218933409
2024-08-18 08:00:00+00:00,99347.53452539351
2024-08-18 12:00:00+00:00,99498.40044057945
2024-08-18 16:00:00+00:00,99579.83809393914
2024-08-18 20:00:00+00:00,99388.03636161702
2024-08-19 00:00:00+00:00,99583.14897813271
2024-08-19 04:00:00+00:00,99496.36429512882
2024-08-19 08:00:00+00:00,99593.37186790313
2024-08-19 12:00:00+00:00,99290.73212501497
2024-08-19 16:00:00+00:00,99335.92974322423
2024-08-19 20:00:00+00:00,99425.5786691385
2024-08-20 00:00:00+00:00,99435.96462560567
2024-08-20 04:00:00+00:00,99619.2691600916
2024-08-20 08:00:00+00:00,99629.22125228663
2024-08-20 12:00:00+00:00,99534.93585618846
2024-08-20 16:00:00+00:00,99577.27811780541
2024-08-20 20:00:00+00:00,99592.9714884801
2024-08-21 00:00:00+00:00,99556.38200268567
2024-08-21 04:00:00+00:00,99542.1727593177
2024-08-21 08:00:00+00:00,99605.87792798138
2024-08-21 12:00:00+00:00,99446.15759580294
2024-08-21 16:00:00+00:00,99064.82765711319
2024-08-21 20:00:00+00:00,99193.13003145237
2024-08-22 00:00:00+00:00,99104.48355398385
2024-08-22 04:00:00+00:00,99402.78466978602
2024-08-22 08:00:00+00:00,99319.31586284266
2024-08-22 12:00:00+00:00,99185.1921663946
2024-08-22 16:00:00+00:00,99188.06419160275
2024-08-22 20:00:00+00:00,99011.14911233536
2024-08-23 00:00:00+00:00,99277.82065948097
2024-08-23 04:00:00+00:00,99382.56065746583
2024-08-23 08:00:00+00:00,99165.87086269054
2024-08-23 12:00:00+00:00,99198.67624464618
2024-08-23 16:00:00+00:00,99339.33309010869
2024-08-23 20:00:00+00:00,99528.94705275266
2024-08-24 00:00:00+00:00,99665.3549768412
2024-08-24 04:00:00+00:00,99959.96109740568
2024-08-24 08:00:00+00:00,100055.02978686342
2024-08-24 12:00:00+00:00,100132.63797546316
2024-08-24 16:00:00+00:00,99981.05290192468
2024-08-24 20:00:00+00:00,99653.73987566575
2024-08-25 00:00:00+00:00,99521.20348253784
2024-08-25 04:00:00+00:00,99365.18049055971
2024-08-25 08:00:00+00:00,99332.92563087858
2024-08-25 12:00:00+00:00,99340.19371281264
2024-08-25 16:00:00+00:00,99282.73084877772
2024-08-25 20:00:00+00:00,99261.96665370911
2024-08-26 00:00:00+00:00,99246.222777697
2024-08-26 04:00:00+00:00,99243.75301890145
2024-08-26 08:00:00+00:00,99108.22937965534
2024-08-26 12:00:00+00:00,99074.27292149975
2024-08-26 16:00:00+00:00,98924.70151470517
2024-08-26 20:00:00+00:00,98922.6145416533
2024-08-27 00:00:00+00:00,98869.5413806243
2024-08-27 04:00:00+00:00,98927.52919058637
2024-08-27 08:00:00+00:00,98908.50245321139
2024-08-27 12:00:00+00:00,98939.8805965886
2024-08-27 16:00:00+00:00,98807.93804033994
2024-08-27 20:00:00+00:00,98544.75977303735
2024-08-28 00:00:00+00:00,98500.98759089042
2024-08-28 04:00:00+00:00,98562.82722606818
2024-08-28 08:00:00+00:00,98612.94052017953
2024-08-28 12:00:00+00:00,98438.7635963719
2024-08-28 16:00:00+00:00,98302.31038132227
2024-08-28 20:00:00+00:00,98306.8051773018
2024-08-29 00:00:00+00:00,98412.83638635815
2024-08-29 04:00:00+00:00,98206.55880899681
2024-08-29 08:00:00+00:00,98245.86322925147
2024-08-29 12:00:00+00:00,98250.75712454377
2024-08-29 16:00:00+00:00,97967.41034135842
2024-08-29 20:00:00+00:00,97984.87201259426
2024-08-30 00:00:00+00:00,98189.68758695593
2024-08-30 04:00:00+00:00,97934.41542633696
2024-08-30 08:00:00+00:00,97971.7171097015
2024-08-30 12:00:00+00:00,97915.29226123668
2024-08-30 16:00:00+00:00,97929.2235571241
2024-08-30 20:00:00+00:00,97899.6555695624
2024-08-31 00:00:00+00:00,97936.39021970054
2024-08-31 04:00:00+00:00,97967.96399571968
2024-08-31 08:00:00+00:00,97973.27426791893
2024-08-31 12:00:00+00:00,97999.61822780278
2024-08-31 16:00:00+00:00,98046.6875302798
2024-08-31 20:00:00+00:00,98066.8968939141
2024-09-01 00:00:00+00:00,98058.43153555699
2024-09-01 04:00:00+00:00,98029.83263848761
2024-09-01 08:00:00+00:00,98010.48269758261
2024-09-01 12:00:00+00:00,98005.9738047859
2024-09-01 16:00:00+00:00,97993.05510526896
2024-09-01 20:00:00+00:00,97854.03035696312
2024-09-02 00:00:00+00:00,97858.33060942515
2024-09-02 04:00:00+00:00,97916.24717082123
2024-09-02 08:00:00+00:00,97859.18934962232
2024-09-02 12:00:00+00:00,97659.1879051504
2024-09-02 16:00:00+00:00,97579.45389656199
2024-09-02 20:00:00+00:00,97661.75936044706
2024-09-03 00:00:00+00:00,97685.33154051364
2024-09-03 04:00:00+00:00,97685.54184145978
2024-09-03 08:00:00+00:00,97543.76287717414
2024-09-03 12:00:00+00:00,97368.89123037184
2024-09-03 16:00:00+00:00,97307.8960763742
2024-09-03 20:00:00+00:00,97162.69189267949
2024-09-04 00:00:00+00:00,97107.57650856151
2024-09-04 04:00:00+00:00,97013.21087536913
2024-09-04 08:00:00+00:00,97013.21087536913
2024-09-04 12:00:00+00:00,97013.21087536913
2024-09-04 16:00:00+00:00,97013.21087536913
2024-09-04 20:00:00+00:00,97013.21087536913
2024-09-05 00:00:00+00:00,97013.21087536913
2024-09-05 04:00:00+00:00,97013.21087536913
2024-09-05 08:00:00+00:00,97013.21087536913
2024-09-05 12:00:00+00:00,97013.21087536913
2024-09-05 16:00:00+00:00,97013.21087536913
2024-09-05 20:00:00+00:00,97013.21087536913
2024-09-06 00:00:00+00:00,97013.21087536913
2024-09-06 04:00:00+00:00,97013.21087536913
2024-09-06 08:00:00+00:00,97013.21087536913
2024-09-06 12:00:00+00:00,97008.21087536913
2024-09-06 16:00:00+00:00,96971.54691781166
2024-09-06 20:00:00+00:00,96975.63002428097
2024-09-07 00:00:00+00:00,97024.15667178883
2024-09-07 04:00:00+00:00,97048.32425712959
2024-09-07 08:00:00+00:00,97097.28411937477
2024-09-07 12:00:00+00:00,97178.27191164697
2024-09-07 16:00:00+00:00,97202.3363599692
2024-09-07 20:00:00+00:00,97210.28501711033
2024-09-08 00:00:00+00:00,97212.23951364384
2024-09-08 04:00:00+00:00,97263.62982790802
2024-09-08 08:00:00+00:00,97263.62982790802
2024-09-08 12:00:00+00:00,97263.62982790802
2024-09-08 16:00:00+00:00,97263.62982790802
2024-09-08 20:00:00+00:00,97263.62982790802
2024-09-09 00:00:00+00:00,97263.62982790802
2024-09-09 04:00:00+00:00,97253.62982790802
2024-09-09 08:00:00+00:00,97257.95941081677
2024-09-09 12:00:00+00:00,97221.95899664666
2024-09-09 16:00:00+00:00,97333.78624526608
2024-09-09 20:00:00+00:00,97395.1263023787
2024-09-10 00:00:00+00:00,97274.13440516469
2024-09-10 04:00:00+00:00,97417.76758922922
2024-09-10 08:00:00+00:00,97310.61641728332
2024-09-10 12:00:00+00:00,97303.85191306168
2024-09-10 16:00:00+00:00,97330.07546655391
2024-09-10 20:00:00+00:00,97314.98409902152
2024-09-11 00:00:00+00:00,97026.25914834702
2024-09-11 04:00:00+00:00,96977.55148799293
2024-09-11 08:00:00+00:00,97064.53797819726
2024-09-11 12:00:00+00:00,96908.17630946235
2024-09-11 16:00:00+00:00,96926.29052807382
2024-09-11 20:00:00+00:00,96783.34185609888
2024-09-12 00:00:00+00:00,96750.19903802317
2024-09-12 04:00:00+00:00,96934.17909760601
2024-09-12 08:00:00+00:00,96765.54488295915
2024-09-12 12:00:00+00:00,98368.54207393667
2024-09-12 16:00:00+00:00,98593.65192378557
2024-09-12 20:00:00+00:00,98702.4611423851
2024-09-13 00:00:00+00:00,98708.03209323817
2024-09-13 04:00:00+00:00,98924.2624131323
2024-09-13 08:00:00+00:00,99172.91751686313
2024-09-13 12:00:00+00:00,99073.46600129355
2024-09-13 16:00:00+00:00,99155.80276274834
2024-09-13 20:00:00+00:00,99172.01946940695
2024-09-14 00:00:00+00:00,99211.24478560484
2024-09-14 04:00:00+00:00,98990.79890639753
2024-09-14 08:00:00+00:00,98952.61689113823
2024-09-14 12:00:00+00:00,98977.407584378
2024-09-14 16:00:00+00:00,98923.77876015817
2024-09-14 20:00:00+00:00,98826.66901125666
2024-09-15 00:00:00+00:00,98897.21597368299
2024-09-15 04:00:00+00:00,98922.03681794708
2024-09-15 08:00:00+00:00,98749.02439247312
2024-09-15 12:00:00+00:00,98479.30231667477
2024-09-15 16:00:00+00:00,98517.23929968671
2024-09-15 20:00:00+00:00,98666.25637234702
2024-09-16 00:00:00+00:00,98919.33696567849
2024-09-16 04:00:00+00:00,98769.94112620947
2024-09-16 08:00:00+00:00,98816.31573988184
2024-09-16 12:00:00+00:00,98928.07278153338
2024-09-16 16:00:00+00:00,98809.22492956829
2024-09-16 20:00:00+00:00,98924.70646544358
2024-09-17 00:00:00+00:00,99033.26928074574
2024-09-17 04:00:00+00:00,99087.98789232344
2024-09-17 08:00:00+00:00,99072.96073786361
2024-09-17 12:00:00+00:00,99254.17124547005
2024-09-17 16:00:00+00:00,99254.89549819076
2024-09-17 20:00:00+00:00,99393.90486002134
2024-09-18 00:00:00+00:00,99415.03707920249
2024-09-18 04:00:00+00:00,99444.28365581256
2024-09-18 08:00:00+00:00,99396.06751235914
2024-09-18 12:00:00+00:00,99401.00600560344
2024-09-18 16:00:00+00:00,99544.6193160301
2024-09-18 20:00:00+00:00,99680.2431725254
2024-09-19 00:00:00+00:00,99833.22236547848
2024-09-19 04:00:00+00:00,99993.86745060443
2024-09-19 08:00:00+00:00,100012.63176825424
2024-09-19 12:00:00+00:00,100025.80953954173
2024-09-19 16:00:00+00:00,100060.67427241858
2024-09-19 20:00:00+00:00,100069.60024848905
2024-09-20 00:00:00+00:00,100059.73077536566
2024-09-20 04:00:00+00:00,100346.96405728646
2024-09-20 08:00:00+00:00,100301.43989895731
2024-09-20 12:00:00+00:00,100336.52985913653
2024-09-20 16:00:00+00:00,100286.97689350843
2024-09-20 20:00:00+00:00,100291.37539806169
2024-09-21 00:00:00+00:00,100233.49013389093
2024-09-21 04:00:00+00:00,100164.38572520875
2024-09-21 08:00:00+00:00,100267.22912056732
2024-09-21 12:00:00+00:00,100104.6681699135
2024-09-21 16:00:00+00:00,100285.84266523874
2024-09-21 20:00:00+00:00,100298.09177188364
2024-09-22 00:00:00+00:00,100500.04774244987
2024-09-22 04:00:00+00:00,100532.83606035044
2024-09-22 08:00:00+00:00,100498.47021861396
2024-09-22 12:00:00+00:00,100470.62956710074
2024-09-22 16:00:00+00:00,100331.92359986079
2024-09-22 20:00:00+00:00,100332.36719443541
2024-09-23 00:00:00+00:00,100288.24198221091
2024-09-23 04:00:00+00:00,100489.63084975598
2024-09-23 08:00:00+00:00,100504.05381219175
2024-09-23 12:00:00+00:00,100538.36618905021
2024-09-23 16:00:00+00:00,100558.84134491769
2024-09-23 20:00:00+00:00,100627.3128244262
2024-09-24 00:00:00+00:00,100663.05448929005
2024-09-24 04:00:00+00:00,100477.55685693362
2024-09-24 08:00:00+00:00,100387.95718498837
2024-09-24 12:00:00+00:00,100308.79575090714
2024-09-24 16:00:00+00:00,100348.65651813649
2024-09-24 20:00:00+00:00,100490.97795438189
2024-09-25 00:00:00+00:00,100530.20808257993
2024-09-25 04:00:00+00:00,100697.78367011098
2024-09-25 08:00:00+00:00,100736.898179435
2024-09-25 12:00:00+00:00,100697.84663676063
2024-09-25 16:00:00+00:00,100432.27444615374
2024-09-25 20:00:00+00:00,100430.39516284782
2024-09-26 00:00:00+00:00,100387.00094929709
2024-09-26 04:00:00+00:00,100358.01632172505
2024-09-26 08:00:00+00:00,100341.77767978692
2024-09-26 12:00:00+00:00,100380.47032995852
2024-09-26 16:00:00+00:00,100478.74108118126
2024-09-26 20:00:00+00:00,100472.31746872628
2024-09-27 00:00:00+00:00,100289.97046162923
2024-09-27 04:00:00+00:00,100177.24221839257
2024-09-27 08:00:00+00:00,100198.40116779332
2024-09-27 12:00:00+00:00,100311.65289009057
2024-09-27 16:00:00+00:00,100433.71754605518
2024-09-27 20:00:00+00:00,100461.68383281854
2024-09-28 00:00:00+00:00,100408.93220486677
2024-09-28 04:00:00+00:00,100325.59145576398
2024-09-28 08:00:00+00:00,100285.07172882049
2024-09-28 12:00:00+00:00,100301.49381321446
2024-09-28 16:00:00+00:00,100307.12482319874
2024-09-28 20:00:00+00:00,100379.41596603638
2024-09-29 00:00:00+00:00,100319.27305917261
2024-09-29 04:00:00+00:00,100416.3279015474
2024-09-29 08:00:00+00:00,100421.89420879101
2024-09-29 12:00:00+00:00,100336.69232205852
2024-09-29 16:00:00+00:00,100363.9823430439
2024-09-29 20:00:00+00:00,100252.59882931737
2024-09-30 00:00:00+00:00,100260.90127104185
2024-09-30 04:00:00+00:00,100349.28367443707
2024-09-30 08:00:00+00:00,100308.166920752
2024-09-30 12:00:00+00:00,100193.1661789975
2024-09-30 16:00:00+00:00,100131.11404055642
2024-09-30 20:00:00+00:00,99959.9119131187
2024-10-01 00:00:00+00:00,99948.0897864516
2024-10-01 04:00:00+00:00,100099.98124367108
2024-10-01 08:00:00+00:00,100129.21933872766
2024-10-01 12:00:00+00:00,99920.66249664972
2024-10-01 16:00:00+00:00,99743.87522741116
2024-10-01 20:00:00+00:00,99622.99430190815
2024-10-02 00:00:00+00:00,99672.55094072405
2024-10-02 04:00:00+00:00,99423.11293218174
2024-10-02 08:00:00+00:00,99209.47315347496
2024-10-02 12:00:00+00:00,99122.83863716343
2024-10-02 16:00:00+00:00,99024.73865987897
2024-10-02 20:00:00+00:00,99184.78926514318
2024-10-03 00:00:00+00:00,99357.63839027878
2024-10-03 04:00:00+00:00,99483.9636652213
2024-10-03 08:00:00+00:00,99440.56773237494
2024-10-03 12:00:00+00:00,99705.82358979763
2024-10-03 16:00:00+00:00,99970.56144258766
2024-10-03 20:00:00+00:00,99947.17882151445
2024-10-04 00:00:00+00:00,100045.77398712051
2024-10-04 04:00:00+00:00,99953.66360520927
2024-10-04 08:00:00+00:00,99970.35354512531
2024-10-04 12:00:00+00:00,99949.15960332255
2024-10-04 16:00:00+00:00,99920.34760274763
2024-10-04 20:00:00+00:00,99915.46416127757
2024-10-05 00:00:00+00:00,100024.19557683605
2024-10-05 04:00:00+00:00,100023.09427757778
2024-10-05 08:00:00+00:00,100015.56939386133
2024-10-05 12:00:00+00:00,99991.7408401783
2024-10-05 16:00:00+00:00,100073.92560710806
2024-10-05 20:00:00+00:00,100066.32276123333
2024-10-06 00:00:00+00:00,100087.10252839778
2024-10-06 04:00:00+00:00,99962.78866315848
2024-10-06 08:00:00+00:00,100025.32567441095
2024-10-06 12:00:00+00:00,99784.9086194752
2024-10-06 16:00:00+00:00,99758.15409701031
2024-10-06 20:00:00+00:00,99860.96553876299
2024-10-07 00:00:00+00:00,100018.72208377947
2024-10-07 04:00:00+00:00,99879.90954348315
2024-10-07 08:00:00+00:00,99931.75474817902
2024-10-07 12:00:00+00:00,100001.73941040217
2024-10-07 16:00:00+00:00,100010.0868969459
2024-10-07 20:00:00+00:00,99861.82417408939
2024-10-08 00:00:00+00:00,99931.10483537636
2024-10-08 04:00:00+00:00,99822.43005624464
2024-10-08 08:00:00+00:00,99735.3667029944
2024-10-08 12:00:00+00:00,99891.04546962921
2024-10-08 16:00:00+00:00,100005.35496599822
2024-10-08 20:00:00+00:00,99975.59796122972
2024-10-09 00:00:00+00:00,100042.22667108504
2024-10-09 04:00:00+00:00,100006.34404004565
2024-10-09 08:00:00+00:00,100032.2480053316
2024-10-09 12:00:00+00:00,99993.41857727268
2024-10-09 16:00:00+00:00,100044.1241407232
2024-10-09 20:00:00+00:00,100060.37653508534
2024-10-10 00:00:00+00:00,100075.79105305637
2024-10-10 04:00:00+00:00,100037.55259187949
2024-10-10 08:00:00+00:00,100038.83323053589
2024-10-10 12:00:00+00:00,100039.73011476322
2024-10-10 16:00:00+00:00,100062.99002690685
2024-10-10 20:00:00+00:00,100087.11559928233
2024-10-11 00:00:00+00:00,100089.07526987499
2024-10-11 04:00:00+00:00,100061.71579089173
2024-10-11 08:00:00+00:00,100106.19075407862
2024-10-11 12:00:00+00:00,100155.12833182477
2024-10-11 16:00:00+00:00,100186.30976022597
2024-10-11 20:00:00+00:00,100115.90208595406
2024-10-12 00:00:00+00:00,100030.69141691324
2024-10-12 04:00:00+00:00,99989.29699071031
2024-10-12 08:00:00+00:00,100351.46396610065
2024-10-12 12:00:00+00:00,100243.21831416618
2024-10-12 16:00:00+00:00,100129.38134222857
2024-10-12 20:00:00+00:00,100012.85966266529
2024-10-13 00:00:00+00:00,100087.57396054968
2024-10-13 04:00:00+00:00,100079.32134164742
2024-10-13 08:00:00+00:00,99934.84261436199
2024-10-13 12:00:00+00:00,99822.19343812847
2024-10-13 16:00:00+00:00,99724.09679485287
2024-10-13 20:00:00+00:00,99790.24461968913
2024-10-14 00:00:00+00:00,99933.27778568938
2024-10-14 04:00:00+00:00,99825.95527901228
2024-10-14 08:00:00+00:00,99782.97997935828
2024-10-14 12:00:00+00:00,99719.62287618482
2024-10-14 16:00:00+00:00,99683.08535177186
2024-10-14 20:00:00+00:00,99622.85232002566
2024-10-15 00:00:00+00:00,99851.19177710825
2024-10-15 04:00:00+00:00,99786.18263701205
2024-10-15 08:00:00+00:00,99939.23020470535
2024-10-15 12:00:00+00:00,99815.43517121009
2024-10-15 16:00:00+00:00,99958.2604855017
2024-10-15 20:00:00+00:00,100069.696238125
2024-10-16 00:00:00+00:00,99938.29069011303
2024-10-16 04:00:00+00:00,100157.12068643738
2024-10-16 08:00:00+00:00,100003.17719594344
2024-10-16 12:00:00+00:00,99890.11873541388
2024-10-16 16:00:00+00:00,99928.40512207305
2024-10-16 20:00:00+00:00,100009.53140936108
2024-10-17 00:00:00+00:00,99927.64559953008
2024-10-17 04:00:00+00:00,100073.8144744733
2024-10-17 08:00:00+00:00,100209.26094985695
2024-10-17 12:00:00+00:00,100208.62827133622
2024-10-17 16:00:00+00:00,100188.61037533876
2024-10-17 20:00:00+00:00,100026.48471248598
2024-10-18 00:00:00+00:00,100052.73206803971
2024-10-18 04:00:00+00:00,100044.12744384047
2024-10-18 08:00:00+00:00,100145.77355530862
2024-10-18 12:00:00+00:00,100148.74644752908
2024-10-18 16:00:00+00:00,100079.01390101826
2024-10-18 20:00:00+00:00,100064.47472280389
2024-10-19 00:00:00+00:00,100057.50425897677
2024-10-19 04:00:00+00:00,100043.90609397275
2024-10-19 08:00:00+00:00,100074.46494070928
2024-10-19 12:00:00+00:00,100069.6049615009
2024-10-19 16:00:00+00:00,100025.62276535702
2024-10-19 20:00:00+00:00,99938.59254803351
2024-10-20 00:00:00+00:00,99958.23304521955
2024-10-20 04:00:00+00:00,100047.77842846792
2024-10-20 08:00:00+00:00,100036.4978054595
2024-10-20 12:00:00+00:00,99998.70621378782
2024-10-20 16:00:00+00:00,100114.95384590366
2024-10-20 20:00:00+00:00,99980.56538990843
2024-10-21 00:00:00+00:00,100018.73465069813
2024-10-21 04:00:00+00:00,100057.7932744171
2024-10-21 08:00:00+00:00,100044.89330659046
2024-10-21 12:00:00+00:00,100055.74267752023
2024-10-21 16:00:00+00:00,99971.99405598633
2024-10-21 20:00:00+00:00,99962.7292770207
2024-10-22 00:00:00+00:00,99953.45479724703
2024-10-22 04:00:00+00:00,99870.50422681776
2024-10-22 08:00:00+00:00,99648.7505019059
2024-10-22 12:00:00+00:00,99705.07664505688
2024-10-22 16:00:00+00:00,99741.24648564254
2024-10-22 20:00:00+00:00,99785.07287386412
2024-10-23 00:00:00+00:00,99903.136357213
2024-10-23 04:00:00+00:00,100001.16672901456
2024-10-23 08:00:00+00:00,100003.34634088905
2024-10-23 12:00:00+00:00,99920.87333181099
2024-10-23 16:00:00+00:00,99704.95561042182
2024-10-23 20:00:00+00:00,99773.95602574428
2024-10-24 00:00:00+00:00,99695.35271289072
2024-10-24 04:00:00+00:00,99776.84643153686
2024-10-24 08:00:00+00:00,99740.56438135722
2024-10-24 12:00:00+00:00,99714.7016907193
2024-10-24 16:00:00+00:00,99700.22831657328
2024-10-24 20:00:00+00:00,99707.05303466685
2024-10-25 00:00:00+00:00,99674.98602156734
2024-10-25 04:00:00+00:00,99699.54722358388
2024-10-25 08:00:00+00:00,99652.89552599024
2024-10-25 12:00:00+00:00,99723.89075159162
2024-10-25 16:00:00+00:00,99717.09387476236
2024-10-25 20:00:00+00:00,99746.30399325931
2024-10-26 00:00:00+00:00,99720.67060162965
2024-10-26 04:00:00+00:00,99769.76825655397
2024-10-26 08:00:00+00:00,99759.67499773191
2024-10-26 12:00:00+00:00,99768.18707232233
2024-10-26 16:00:00+00:00,99737.4558615757
2024-10-26 20:00:00+00:00,99759.65737372151
2024-10-27 00:00:00+00:00,99798.82301847782
2024-10-27 04:00:00+00:00,99773.2100941243
2024-10-27 08:00:00+00:00,99779.3435150938
2024-10-27 12:00:00+00:00,99792.16394769512
2024-10-27 16:00:00+00:00,99805.4335519672
2024-10-27 20:00:00+00:00,99835.3963889093
2024-10-28 00:00:00+00:00,99784.42799485482
2024-10-28 04:00:00+00:00,99794.87012275132
2024-10-28 08:00:00+00:00,99809.25864950006
2024-10-28 12:00:00+00:00,99769.23467968892
2024-10-28 16:00:00+00:00,99800.00054331102
2024-10-28 20:00:00+00:00,99846.97468524196
2024-10-29 00:00:00+00:00,99739.53452047479
2024-10-29 04:00:00+00:00,99754.95652728781
2024-10-29 08:00:00+00:00,99787.12175022326
2024-10-29 12:00:00+00:00,99749.0719632665
2024-10-29 16:00:00+00:00,99796.37590232385
2024-10-29 20:00:00+00:00,99766.50942606622
2024-10-30 00:00:00+00:00,99730.38957651416
2024-10-30 04:00:00+00:00,99611.45971671067
2024-10-30 08:00:00+00:00,99569.77348699186
2024-10-30 12:00:00+00:00,99534.27462169254
2024-10-30 16:00:00+00:00,99573.7959803857
2024-10-30 20:00:00+00:00,99578.76017183023
2024-10-31 00:00:00+00:00,99497.44344633476
2024-10-31 04:00:00+00:00,99468.3741897055
2024-10-31 08:00:00+00:00,99402.78460319986
2024-10-31 12:00:00+00:00,99370.25531257481
2024-10-31 16:00:00+00:00,99247.42473525109
2024-10-31 20:00:00+00:00,99332.45621311202
2024-11-01 00:00:00+00:00,99234.23983315642
2024-11-01 04:00:00+00:00,99215.91101410388
2024-11-01 08:00:00+00:00,99232.66291102234
2024-11-01 12:00:00+00:00,99063.02865227891
2024-11-01 16:00:00+00:00,99056.69732883475
2024-11-01 20:00:00+00:00,99084.39909501001
2024-11-02 00:00:00+00:00,99087.36197252385
2024-11-02 04:00:00+00:00,99156.35076948097
2024-11-02 08:00:00+00:00,99144.96637922787
2024-11-02 12:00:00+00:00,99074.74201629506
2024-11-02 16:00:00+00:00,99071.04296998102
2024-11-02 20:00:00+00:00,99031.25736999794
2024-11-03 00:00:00+00:00,98856.15671356877
2024-11-03 04:00:00+00:00,98847.43946101762
2024-11-03 08:00:00+00:00,98842.43946101762
2024-11-03 12:00:00+00:00,98870.63819572808
2024-11-03 16:00:00+00:00,98876.80724528428
2024-11-03 20:00:00+00:00,98925.0852556382
2024-11-04 00:00:00+00:00,98965.66405857512
2024-11-04 04:00:00+00:00,98943.3172680724
2024-11-04 08:00:00+00:00,98925.81250525876
2024-11-04 12:00:00+00:00,98912.58817565066
2024-11-04 16:00:00+00:00,98883.61704765764
2024-11-04 20:00:00+00:00,99036.29984121298
2024-11-05 00:00:00+00:00,99024.00046666677
2024-11-05 04:00:00+00:00,98797.3199202327
2024-11-05 08:00:00+00:00,98949.59679830911
2024-11-05 12:00:00+00:00,99045.02806109366
2024-11-05 16:00:00+00:00,99068.44323006195
2024-11-05 20:00:00+00:00,98946.8012628808
2024-11-06 00:00:00+00:00,98628.42146907788
2024-11-06 04:00:00+00:00,98870.73473372907
2024-11-06 08:00:00+00:00,98953.90444968244
2024-11-06 12:00:00+00:00,99037.00691025025
2024-11-06 16:00:00+00:00,99035.62499133761
2024-11-06 20:00:00+00:00,98946.38516195954
2024-11-07 00:00:00+00:00,98603.2847373601
2024-11-07 04:00:00+00:00,98599.05116096252
2024-11-07 08:00:00+00:00,98841.64913062318
2024-11-07 12:00:00+00:00,98973.52516579069
2024-11-07 16:00:00+00:00,98749.35341921597
2024-11-07 20:00:00+00:00,98804.59098200139
2024-11-08 00:00:00+00:00,98762.61960895016
2024-11-08 04:00:00+00:00,98720.4110922699
2024-11-08 08:00:00+00:00,98720.4110922699
2024-11-08 12:00:00+00:00,98720.4110922699
2024-11-08 16:00:00+00:00,98720.4110922699
2024-11-08 20:00:00+00:00,98715.4110922699
2024-11-09 00:00:00+00:00,98758.66574197513
2024-11-09 04:00:00+00:00,98786.75872736194
2024-11-09 08:00:00+00:00,98739.49883188798
2024-11-09 12:00:00+00:00,98743.38808454268
2024-11-09 16:00:00+00:00,98751.42662336586
2024-11-09 20:00:00+00:00,98682.53727014626
2024-11-10 00:00:00+00:00,98676.23564886888
2024-11-10 04:00:00+00:00,98421.41779587968
2024-11-10 08:00:00+00:00,98376.38012282147
2024-11-10 12:00:00+00:00,98346.4520927389
2024-11-10 16:00:00+00:00,98359.79042074463
2024-11-10 20:00:00+00:00,98403.13002868652
2024-11-11 00:00:00+00:00,98499.83692014348
2024-11-11 04:00:00+00:00,98564.75282107654
2024-11-11 08:00:00+00:00,98416.0928557527
2024-11-11 12:00:00+00:00,98452.63200726324
2024-11-11 16:00:00+00:00,98397.49064483133
2024-11-11 20:00:00+00:00,98280.38708443173
2024-11-12 00:00:00+00:00,98201.26024930608
2024-11-12 04:00:00+00:00,98101.18848690556
2024-11-12 08:00:00+00:00,98096.18848690556
2024-11-12 12:00:00+00:00,98108.6186548335
2024-11-12 16:00:00+00:00,98098.56315226572
2024-11-12 20:00:00+00:00,98070.59394338843
2024-11-13 00:00:00+00:00,98066.25507477295
2024-11-13 04:00:00+00:00,97968.6808678976
2024-11-13 08:00:00+00:00,97806.39769330651
2024-11-13 12:00:00+00:00,98340.20767141817
2024-11-13 16:00:00+00:00,98293.16434016438
2024-11-13 20:00:00+00:00,98433.44768882757
2024-11-14 00:00:00+00:00,98547.1933094502
2024-11-14 04:00:00+00:00,98431.33819919355
2024-11-14 08:00:00+00:00,98232.10402644564
2024-11-14 12:00:00+00:00,97961.40139969657
2024-11-14 16:00:00+00:00,98202.23106071848
2024-11-14 20:00:00+00:00,98100.82553368523
2024-11-15 00:00:00+00:00,98033.23702810243
2024-11-15 04:00:00+00:00,97887.55534976216
2024-11-15 08:00:00+00:00,98127.6992891001
2024-11-15 12:00:00+00:00,98286.84981539423
2024-11-15 16:00:00+00:00,98614.26603655702
2024-11-15 20:00:00+00:00,98572.05266561019
2024-11-16 00:00:00+00:00,98338.89953091845
2024-11-16 04:00:00+00:00,98634.68705126134
2024-11-16 08:00:00+00:00,99344.94402133187
2024-11-16 12:00:00+00:00,99240.95629428212
2024-11-16 16:00:00+00:00,99537.11781995404
2024-11-16 20:00:00+00:00,100381.19477895179
2024-11-17 00:00:00+00:00,100418.9228151002
2024-11-17 04:00:00+00:00,100439.7577110456
2024-11-17 08:00:00+00:00,100463.54143702547
2024-11-17 12:00:00+00:00,100555.19894314048
2024-11-17 16:00:00+00:00,100507.15415379703
2024-11-17 20:00:00+00:00,100437.470176327
2024-11-18 00:00:00+00:00,100486.41813729364
2024-11-18 04:00:00+00:00,100551.17672153919
2024-11-18 08:00:00+00:00,100614.88798651016
2024-11-18 12:00:00+00:00,100664.57309954306
2024-11-18 16:00:00+00:00,100629.2878575633
2024-11-18 20:00:00+00:00,100455.58844167786
2024-11-19 00:00:00+00:00,100397.46839065295
2024-11-19 04:00:00+00:00,100466.80985068168
2024-11-19 08:00:00+00:00,100457.99062652995
2024-11-19 12:00:00+00:00,100635.2055550445
2024-11-19 16:00:00+00:00,100605.05175593765
2024-11-19 20:00:00+00:00,100554.97851918802
2024-11-20 00:00:00+00:00,100540.22171460371
2024-11-20 04:00:00+00:00,100667.01231095145
2024-11-20 08:00:00+00:00,100933.65383627055
2024-11-20 12:00:00+00:00,100996.31187224097
2024-11-20 16:00:00+00:00,101431.74409169435
2024-11-20 20:00:00+00:00,101263.9394984817
2024-11-21 00:00:00+00:00,101325.56862578767
2024-11-21 04:00:00+00:00,101408.58565809904
2024-11-21 08:00:00+00:00,101327.76632267715
2024-11-21 12:00:00+00:00,101025.96564538634
2024-11-21 16:00:00+00:00,101044.65907039674
2024-11-21 20:00:00+00:00,100889.57094678828
2024-11-22 00:00:00+00:00,100679.72461367624
2024-11-22 04:00:00+00:00,100589.52733266675
2024-11-22 08:00:00+00:00,100151.08055244993
2024-11-22 12:00:00+00:00,99831.25912740346
2024-11-22 16:00:00+00:00,99590.54254401696
2024-11-22 20:00:00+00:00,99291.29786307541
2024-11-23 00:00:00+00:00,98016.64494168042
2024-11-23 04:00:00+00:00,97995.9270952002
2024-11-23 08:00:00+00:00,97966.96596023758
2024-11-23 12:00:00+00:00,98005.05660488602
2024-11-23 16:00:00+00:00,97903.62675943157
2024-11-23 20:00:00+00:00,98134.84833487593
2024-11-24 00:00:00+00:00,97665.80047854122
2024-11-24 04:00:00+00:00,97570.90816905627
2024-11-24 08:00:00+00:00,97586.00045615573
2024-11-24 12:00:00+00:00,97635.93489758373
2024-11-24 16:00:00+00:00,97247.63031520825
2024-11-24 20:00:00+00:00,96892.7887606787
2024-11-25 00:00:00+00:00,96939.16544915775
2024-11-25 04:00:00+00:00,97015.20014715158
2024-11-25 08:00:00+00:00,97282.16968890344
2024-11-25 12:00:00+00:00,97625.94065857028
2024-11-25 16:00:00+00:00,97368.78767859603
2024-11-25 20:00:00+00:00,97463.54642357273
2024-11-26 00:00:00+00:00,97286.59955911961
2024-11-26 04:00:00+00:00,97263.7391864667
2024-11-26 08:00:00+00:00,97541.06668304182
2024-11-26 12:00:00+00:00,97602.59599619526
2024-11-26 16:00:00+00:00,97706.40929709106
2024-11-26 20:00:00+00:00,97739.26236042737
2024-11-27 00:00:00+00:00,97835.0605233737
2024-11-27 04:00:00+00:00,97726.67284902101
2024-11-27 08:00:00+00:00,98008.12787502311
2024-11-27 12:00:00+00:00,97928.6913546237
2024-11-27 16:00:00+00:00,97833.2685768572
2024-11-27 20:00:00+00:00,97854.92285548784
2024-11-28 00:00:00+00:00,97763.49164687977
2024-11-28 04:00:00+00:00,97651.03560730323
2024-11-28 08:00:00+00:00,97673.1600667513
2024-11-28 12:00:00+00:00,97635.21079586676
2024-11-28 16:00:00+00:00,97567.3409423262
2024-11-28 20:00:00+00:00,97589.28961689169
2024-11-29 00:00:00+00:00,97797.31169287906
2024-11-29 04:00:00+00:00,97665.97271456015
2024-11-29 08:00:00+00:00,97686.06144803569
2024-11-29 12:00:00+00:00,97582.34407954142
2024-11-29 16:00:00+00:00,97600.96342517066
2024-11-29 20:00:00+00:00,97383.92647893746
2024-11-30 00:00:00+00:00,97487.36245240177
2024-11-30 04:00:00+00:00,97565.02613343683
2024-11-30 08:00:00+00:00,97044.56727303988
2024-11-30 12:00:00+00:00,96660.66543480735
2024-11-30 16:00:00+00:00,95943.16438183308
2024-11-30 20:00:00+00:00,95397.51520733545
2024-12-01 00:00:00+00:00,95607.80861512118
2024-12-01 04:00:00+00:00,95475.73884416906
2024-12-01 08:00:00+00:00,95548.34318723717
2024-12-01 12:00:00+00:00,95699.11442889881
2024-12-01 16:00:00+00:00,95809.89013353722
2024-12-01 20:00:00+00:00,95604.8405951826
2024-12-02 00:00:00+00:00,95323.3369684828
2024-12-02 04:00:00+00:00,95276.04248070564
2024-12-02 08:00:00+00:00,95502.8910129312
2024-12-02 12:00:00+00:00,95671.65981889272
2024-12-02 16:00:00+00:00,95265.79912821628
2024-12-02 20:00:00+00:00,95734.6948628424
2024-12-03 00:00:00+00:00,95349.92075428797
2024-12-03 04:00:00+00:00,95532.07716418356
2024-12-03 08:00:00+00:00,95532.07716418356
2024-12-03 12:00:00+00:00,95532.07716418356
2024-12-03 16:00:00+00:00,95532.07716418356
2024-12-03 20:00:00+00:00,95532.07716418356
2024-12-04 00:00:00+00:00,95527.07716418356
2024-12-04 04:00:00+00:00,95424.48927825781
2024-12-04 08:00:00+00:00,95266.23915028172
2024-12-04 12:00:00+00:00,95432.29352655524
2024-12-04 16:00:00+00:00,95390.88096310549
2024-12-04 20:00:00+00:00,95343.7938729913
2024-12-05 00:00:00+00:00,95360.64785417414
2024-12-05 04:00:00+00:00,95325.19798750662
2024-12-05 08:00:00+00:00,95317.01407444979
2024-12-05 12:00:00+00:00,95291.26758247441
2024-12-05 16:00:00+00:00,95297.37330827904
2024-12-05 20:00:00+00:00,95284.30207733993
2024-12-06 00:00:00+00:00,95401.38785172321
2024-12-06 04:00:00+00:00,95362.02770833527
2024-12-06 08:00:00+00:00,95301.3785011893
2024-12-06 12:00:00+00:00,95481.63444323085
2024-12-06 16:00:00+00:00,95590.53288300909
2024-12-06 20:00:00+00:00,95525.61608002547
2024-12-07 00:00:00+00:00,95595.89005081715
2024-12-07 04:00:00+00:00,95492.62748691777
2024-12-07 08:00:00+00:00,95476.87596130054
2024-12-07 12:00:00+00:00,95451.9810960833
2024-12-07 16:00:00+00:00,95414.46250421055
2024-12-07 20:00:00+00:00,95449.39098657152
2024-12-08 00:00:00+00:00,95431.0751186329
2024-12-08 04:00:00+00:00,95432.48540916336
2024-12-08 08:00:00+00:00,95427.48540916336
2024-12-08 12:00:00+00:00,95481.6663108247
2024-12-08 16:00:00+00:00,95497.89792842108
2024-12-08 20:00:00+00:00,95521.56509936461
2024-12-09 00:00:00+00:00,95339.08887899494
2024-12-09 04:00:00+00:00,95375.07197432271
2024-12-09 08:00:00+00:00,95376.53579919376
2024-12-09 12:00:00+00:00,95377.39335801553
2024-12-09 16:00:00+00:00,95408.30883113609
2024-12-09 20:00:00+00:00,95309.24694643269
2024-12-10 00:00:00+00:00,95336.69419730369
2024-12-10 04:00:00+00:00,95341.96357461278
2024-12-10 08:00:00+00:00,95318.6611924503
2024-12-10 12:00:00+00:00,95389.0243320385
2024-12-10 16:00:00+00:00,95531.42481454856
2024-12-10 20:00:00+00:00,95676.5185896404
2024-12-11 00:00:00+00:00,95584.5350602312
2024-12-11 04:00:00+00:00,95562.5922079593
2024-12-11 08:00:00+00:00,95698.32328490898
2024-12-11 12:00:00+00:00,95889.93319817616
2024-12-11 16:00:00+00:00,95872.60071130631
2024-12-11 20:00:00+00:00,95891.61188645658
2024-12-12 00:00:00+00:00,95582.50639039544
2024-12-12 04:00:00+00:00,95591.35852876064
2024-12-12 08:00:00+00:00,95441.91195265052
2024-12-12 12:00:00+00:00,95574.31288020054
2024-12-12 16:00:00+00:00,95738.98248721857
2024-12-12 20:00:00+00:00,95806.69588535508
2024-12-13 00:00:00+00:00,95445.93157148882
2024-12-13 04:00:00+00:00,95571.21334562374
2024-12-13 08:00:00+00:00,95616.25425473317
2024-12-13 12:00:00+00:00,95623.5257720086
2024-12-13 16:00:00+00:00,95702.97652745187
2024-12-13 20:00:00+00:00,95678.22877536144
2024-12-14 00:00:00+00:00,95547.19781878768
2024-12-14 04:00:00+00:00,95563.37347511531
2024-12-14 08:00:00+00:00,95497.77159097981
2024-12-14 12:00:00+00:00,95555.84602222641
2024-12-14 16:00:00+00:00,95634.90347812264
2024-12-14 20:00:00+00:00,95649.64129297635
2024-12-15 00:00:00+00:00,95670.47012409446
2024-12-15 04:00:00+00:00,95700.8665132342
2024-12-15 08:00:00+00:00,95668.38112455656
2024-12-15 12:00:00+00:00,95673.52993595987
2024-12-15 16:00:00+00:00,95690.57063094396
2024-12-15 20:00:00+00:00,95520.42082268358
2024-12-16 00:00:00+00:00,95442.2458756217
2024-12-16 04:00:00+00:00,95436.00352774114
2024-12-16 08:00:00+00:00,95498.11604248671
2024-12-16 12:00:00+00:00,95456.76436719
2024-12-16 16:00:00+00:00,95748.53175177425
2024-12-16 20:00:00+00:00,95662.65841624058
2024-12-17 00:00:00+00:00,95562.75569376115
2024-12-17 04:00:00+00:00,95516.61043101846
2024-12-17 08:00:00+00:00,95839.76475332468
2024-12-17 12:00:00+00:00,95611.63809330136
2024-12-17 16:00:00+00:00,95801.79813548301
2024-12-17 20:00:00+00:00,95975.2105040378
2024-12-18 00:00:00+00:00,96197.29332880671
2024-12-18 04:00:00+00:00,96475.52994358118
2024-12-18 08:00:00+00:00,96548.93646499366
2024-12-18 12:00:00+00:00,96535.82989142532
2024-12-18 16:00:00+00:00,96501.72180099726
2024-12-18 20:00:00+00:00,96429.21501281408
2024-12-19 00:00:00+00:00,96422.71505423305
2024-12-19 04:00:00+00:00,96471.13184776054
2024-12-19 08:00:00+00:00,96557.4118408409
2024-12-19 12:00:00+00:00,96662.68328225487
2024-12-19 16:00:00+00:00,96565.89044146334
2024-12-19 20:00:00+00:00,96596.8692299733
2024-12-20 00:00:00+00:00,96809.65441835808
2024-12-20 04:00:00+00:00,96815.78548010273
2024-12-20 08:00:00+00:00,96595.31272822517
2024-12-20 12:00:00+00:00,97161.21045709883
2024-12-20 16:00:00+00:00,97482.7688356439
2024-12-20 20:00:00+00:00,97244.84783518878
2024-12-21 00:00:00+00:00,97307.01787982216
2024-12-21 04:00:00+00:00,97650.06874362122
2024-12-21 08:00:00+00:00,97129.18659988105
2024-12-21 12:00:00+00:00,96919.3094694538
2024-12-21 16:00:00+00:00,96687.68563473
2024-12-21 20:00:00+00:00,96702.47539819268
2024-12-22 00:00:00+00:00,96781.6407415782
2024-12-22 04:00:00+00:00,96780.95949940114
2024-12-22 08:00:00+00:00,96577.54556023386
2024-12-22 12:00:00+00:00,96631.86128039993
2024-12-22 16:00:00+00:00,96384.24467809005
2024-12-22 20:00:00+00:00,96542.42368448357
2024-12-23 00:00:00+00:00,96802.74294607168
2024-12-23 04:00:00+00:00,96728.27322993122
2024-12-23 08:00:00+00:00,96735.78935456504
2024-12-23 12:00:00+00:00,96702.95635648309
2024-12-23 16:00:00+00:00,96799.25792554913
2024-12-23 20:00:00+00:00,96861.74866405947
2024-12-24 00:00:00+00:00,96813.51776358574
2024-12-24 04:00:00+00:00,96800.82917728483
2024-12-24 08:00:00+00:00,96825.95676007794
2024-12-24 12:00:00+00:00,96848.59145005679
2024-12-24 16:00:00+00:00,96743.40877845706
2024-12-24 20:00:00+00:00,96792.0504607859
2024-12-25 00:00:00+00:00,96797.6703837541
2024-12-25 04:00:00+00:00,96783.52499340948
2024-12-25 08:00:00+00:00,96768.12915193498
2024-12-25 12:00:00+00:00,96770.65713119108
2024-12-25 16:00:00+00:00,96769.54630247045
2024-12-25 20:00:00+00:00,96782.34839617055
2024-12-26 00:00:00+00:00,96728.14357711331
2024-12-26 04:00:00+00:00,96740.4771624257
2024-12-26 08:00:00+00:00,96752.1945641087
2024-12-26 12:00:00+00:00,96740.64744521794
2024-12-26 16:00:00+00:00,96724.49029034561
2024-12-26 20:00:00+00:00,96734.58512887212
2024-12-27 00:00:00+00:00,96756.76039036238
2024-12-27 04:00:00+00:00,96782.23753186522
2024-12-27 08:00:00+00:00,96922.87214502793
2024-12-27 12:00:00+00:00,96887.91241676317
2024-12-27 16:00:00+00:00,96782.12477518417
2024-12-27 20:00:00+00:00,96753.8869381044
2024-12-28 00:00:00+00:00,96750.163409763
2024-12-28 04:00:00+00:00,96682.7230805827
2024-12-28 08:00:00+00:00,96727.37465502035
2024-12-28 12:00:00+00:00,96742.76586320519
2024-12-28 16:00:00+00:00,96755.00699923087
2024-12-28 20:00:00+00:00,96739.3935236257
2024-12-29 00:00:00+00:00,96768.86155680733
2024-12-29 04:00:00+00:00,96816.45302691129
2024-12-29 08:00:00+00:00,96815.22267595617
2024-12-29 12:00:00+00:00,96820.44471161881
2024-12-29 16:00:00+00:00,96825.59455269315
2024-12-29 20:00:00+00:00,96849.09659696545
2024-12-30 00:00:00+00:00,96832.73871464422
2024-12-30 04:00:00+00:00,96862.71754850305
2024-12-30 08:00:00+00:00,96847.57543902111
2024-12-30 12:00:00+00:00,96855.96966625773
2024-12-30 16:00:00+00:00,96926.19862858413
2024-12-30 20:00:00+00:00,96935.36778937715
2024-12-31 00:00:00+00:00,97069.38654331704
2024-12-31 04:00:00+00:00,97155.94704979204
2024-12-31 08:00:00+00:00,97214.8799868873
2024-12-31 12:00:00+00:00,97306.1415348271
2024-12-31 16:00:00+00:00,97212.37815893143
2024-12-31 20:00:00+00:00,97235.14865038135
2025-01-01 00:00:00+00:00,97109.7448882763
2025-01-01 04:00:00+00:00,97094.80949105427
2025-01-01 08:00:00+00:00,97186.07267650988
2025-01-01 12:00:00+00:00,97229.18617489199
2025-01-01 16:00:00+00:00,97432.67119119126
2025-01-01 20:00:00+00:00,97721.3549739334
2025-01-02 00:00:00+00:00,98028.63993178318
2025-01-02 04:00:00+00:00,98240.43068821057
2025-01-02 08:00:00+00:00,98418.32903960855
2025-01-02 12:00:00+00:00,98447.65724127831
2025-01-02 16:00:00+00:00,98482.52391206085
2025-01-02 20:00:00+00:00,98427.68993834093
2025-01-03 00:00:00+00:00,98463.648991715
2025-01-03 04:00:00+00:00,98208.99700185446
2025-01-03 08:00:00+00:00,98295.21330283169
2025-01-03 12:00:00+00:00,98517.51224746364
2025-01-03 16:00:00+00:00,98883.92845133513
2025-01-03 20:00:00+00:00,98842.0435952001
2025-01-04 00:00:00+00:00,98886.95303361822
2025-01-04 04:00:00+00:00,98941.22819324
2025-01-04 08:00:00+00:00,98933.99079036742
2025-01-04 12:00:00+00:00,99093.45283858056
2025-01-04 16:00:00+00:00,99170.12483331321
2025-01-04 20:00:00+00:00,99383.86918382344
2025-01-05 00:00:00+00:00,99255.89076567454
2025-01-05 04:00:00+00:00,99397.98097454457
2025-01-05 08:00:00+00:00,99358.51532798608
2025-01-05 12:00:00+00:00,99318.8597213325
2025-01-05 16:00:00+00:00,99437.10351730614
2025-01-05 20:00:00+00:00,99532.88223322998
2025-01-06 00:00:00+00:00,99512.190983309
2025-01-06 04:00:00+00:00,99695.20771565558
2025-01-06 08:00:00+00:00,99897.35054295608
2025-01-06 12:00:00+00:00,100040.49605931052
2025-01-06 16:00:00+00:00,100115.44807465434
2025-01-06 20:00:00+00:00,100171.49391558736
2025-01-07 00:00:00+00:00,100129.26143604281
2025-01-07 04:00:00+00:00,100123.31698960616
2025-01-07 08:00:00+00:00,100159.9436711882
2025-01-07 12:00:00+00:00,100013.2699149396
2025-01-07 16:00:00+00:00,99924.94690506632
2025-01-07 20:00:00+00:00,99900.23601489968
2025-01-08 00:00:00+00:00,99783.40760206024
2025-01-08 04:00:00+00:00,99828.84857708047
2025-01-08 08:00:00+00:00,99871.19950496692
2025-01-08 12:00:00+00:00,99935.88974438378
2025-01-08 16:00:00+00:00,99849.93477058975
2025-01-08 20:00:00+00:00,99977.78353053243
2025-01-09 00:00:00+00:00,99975.9631789017
2025-01-09 04:00:00+00:00,99892.65022610311
2025-01-09 08:00:00+00:00,99916.84772868517
2025-01-09 12:00:00+00:00,100087.60031981669
2025-01-09 16:00:00+00:00,99974.73292696611
2025-01-09 20:00:00+00:00,100085.02880647003
2025-01-10 00:00:00+00:00,100308.0681561691
2025-01-10 04:00:00+00:00,100322.2518116097
2025-01-10 08:00:00+00:00,100198.95874821502
2025-01-10 12:00:00+00:00,100064.35602765957
2025-01-10 16:00:00+00:00,100177.49679731719
2025-01-10 20:00:00+00:00,100040.86427279447
2025-01-11 00:00:00+00:00,99919.94297948887
2025-01-11 04:00:00+00:00,99962.09932901827
2025-01-11 08:00:00+00:00,100044.7077525157
2025-01-11 12:00:00+00:00,100050.48230796192
2025-01-11 16:00:00+00:00,100077.99911395267
2025-01-11 20:00:00+00:00,100163.75794295616
2025-01-12 00:00:00+00:00,100070.61379591262
2025-01-12 04:00:00+00:00,99972.80236777873
2025-01-12 08:00:00+00:00,99974.47190376905
2025-01-12 12:00:00+00:00,99969.74546757032
2025-01-12 16:00:00+00:00,99914.1841403606
2025-01-12 20:00:00+00:00,99908.3156272546
2025-01-13 00:00:00+00:00,99885.48366550161
2025-01-13 04:00:00+00:00,99824.61500866896
2025-01-13 08:00:00+00:00,99587.95434036401
2025-01-13 12:00:00+00:00,99688.26919366283
2025-01-13 16:00:00+00:00,99620.304903541
2025-01-13 20:00:00+00:00,99775.8440253353
2025-01-14 00:00:00+00:00,99759.94743479506
2025-01-14 04:00:00+00:00,99722.32972940688
2025-01-14 08:00:00+00:00,99738.3390066514
2025-01-14 12:00:00+00:00,99784.97260157205
2025-01-14 16:00:00+00:00,99554.22782683418
2025-01-14 20:00:00+00:00,99624.06537364835
2025-01-15 00:00:00+00:00,99424.51406218164
2025-01-15 04:00:00+00:00,99501.36129661027
2025-01-15 08:00:00+00:00,99396.79265693725
2025-01-15 12:00:00+00:00,99485.24677306702
2025-01-15 16:00:00+00:00,99893.516999691
2025-01-15 20:00:00+00:00,99699.12845723142
2025-01-16 00:00:00+00:00,99639.02932138987
2025-01-16 04:00:00+00:00,99699.994451548
2025-01-16 08:00:00+00:00,99141.63035750375
2025-01-16 12:00:00+00:00,99038.03394644156
2025-01-16 16:00:00+00:00,98904.16781019238
2025-01-16 20:00:00+00:00,98866.20504813037
2025-01-17 00:00:00+00:00,99077.03097604675
2025-01-17 04:00:00+00:00,98884.09874028846
2025-01-17 08:00:00+00:00,98951.80403733738
2025-01-17 12:00:00+00:00,98899.97912838808
2025-01-17 16:00:00+00:00,98891.07748559992
2025-01-17 20:00:00+00:00,98972.01768862696
2025-01-18 00:00:00+00:00,98904.53013627825
2025-01-18 04:00:00+00:00,98852.3875204275
2025-01-18 08:00:00+00:00,98840.50397039023
2025-01-18 12:00:00+00:00,98793.3580980694
2025-01-18 16:00:00+00:00,98820.73035614
2025-01-18 20:00:00+00:00,98798.83002164621
2025-01-19 00:00:00+00:00,98869.53305802729
2025-01-19 04:00:00+00:00,98920.92838133109
2025-01-19 08:00:00+00:00,98890.296716033
2025-01-19 12:00:00+00:00,98851.50879239531
2025-01-19 16:00:00+00:00,98909.53392115475
2025-01-19 20:00:00+00:00,98764.86949480696
2025-01-20 00:00:00+00:00,98752.55487052751
2025-01-20 04:00:00+00:00,98667.50573947835
2025-01-20 08:00:00+00:00,98616.81094183789
2025-01-20 12:00:00+00:00,98464.39267804437
2025-01-20 16:00:00+00:00,98480.39874949909
2025-01-20 20:00:00+00:00,98473.4811536725
2025-01-21 00:00:00+00:00,98464.61885723485
2025-01-21 04:00:00+00:00,98522.23728945678
2025-01-21 08:00:00+00:00,98416.24283971112
2025-01-21 12:00:00+00:00,98294.81538577536
2025-01-21 16:00:00+00:00,98356.73593488205
2025-01-21 20:00:00+00:00,98381.11668989462
2025-01-22 00:00:00+00:00,98448.92073947657
2025-01-22 04:00:00+00:00,98440.2184425519
2025-01-22 08:00:00+00:00,98488.65797823315
2025-01-22 12:00:00+00:00,98405.53288681674
2025-01-22 16:00:00+00:00,98431.62056974729
2025-01-22 20:00:00+00:00,98442.37306719324
2025-01-23 00:00:00+00:00,98334.43472131081
2025-01-23 04:00:00+00:00,98516.47159658813
2025-01-23 08:00:00+00:00,98502.17627180791
2025-01-23 12:00:00+00:00,98462.45154941654
2025-01-23 16:00:00+00:00,98432.42963683855
2025-01-23 20:00:00+00:00,98364.02110387628
2025-01-24 00:00:00+00:00,98271.94613558197
2025-01-24 04:00:00+00:00,98069.40038572912
2025-01-24 08:00:00+00:00,98096.17668650846
2025-01-24 12:00:00+00:00,98149.03401394446
2025-01-24 16:00:00+00:00,98196.9452402947
2025-01-24 20:00:00+00:00,98179.12634972962
2025-01-25 00:00:00+00:00,98055.73024231844
2025-01-25 04:00:00+00:00,98189.98002286733
2025-01-25 08:00:00+00:00,98202.44345267664
2025-01-25 12:00:00+00:00,97989.45931722147
2025-01-25 16:00:00+00:00,98057.97137799417
2025-01-25 20:00:00+00:00,98359.0716844393
2025-01-26 00:00:00+00:00,98511.15075317398
2025-01-26 04:00:00+00:00,98435.28844057999
2025-01-26 08:00:00+00:00,98390.04224104824
2025-01-26 12:00:00+00:00,98316.57299061296
2025-01-26 16:00:00+00:00,98414.82960637704
2025-01-26 20:00:00+00:00,98416.65887571739
2025-01-27 00:00:00+00:00,98244.14920405221
2025-01-27 04:00:00+00:00,98103.19763368723
2025-01-27 08:00:00+00:00,98103.19763368723
2025-01-27 12:00:00+00:00,98103.19763368723
2025-01-27 16:00:00+00:00,98098.19763368723
2025-01-27 20:00:00+00:00,98054.07638546129
2025-01-28 00:00:00+00:00,98017.35709724444
2025-01-28 04:00:00+00:00,97980.92677666675
2025-01-28 08:00:00+00:00,98008.20881609332
2025-01-28 12:00:00+00:00,97978.47300143058
2025-01-28 16:00:00+00:00,97921.31505626143
2025-01-28 20:00:00+00:00,97921.31505626143
2025-01-29 00:00:00+00:00,97921.31505626143
2025-01-29 04:00:00+00:00,97921.31505626143
2025-01-29 08:00:00+00:00,97921.31505626143
2025-01-29 12:00:00+00:00,97921.31505626143
2025-01-29 16:00:00+00:00,97916.31505626143
2025-01-29 20:00:00+00:00,97906.92884258374
2025-01-30 00:00:00+00:00,97876.86284944697
2025-01-30 04:00:00+00:00,97869.307034504
2025-01-30 08:00:00+00:00,97861.16398960215
2025-01-30 12:00:00+00:00,97822.93587117779
2025-01-30 16:00:00+00:00,97834.10900088739
2025-01-30 20:00:00+00:00,97768.8313344703
2025-01-31 00:00:00+00:00,97722.8319918384
2025-01-31 04:00:00+00:00,97612.20337490621
2025-01-31 08:00:00+00:00,97657.01394125923
2025-01-31 12:00:00+00:00,97637.00994953608
2025-01-31 16:00:00+00:00,97651.31417617397
2025-01-31 20:00:00+00:00,97609.63428178152
2025-02-01 00:00:00+00:00,97597.09174502025
2025-02-01 04:00:00+00:00,97599.97523406643
2025-02-01 08:00:00+00:00,97594.97523406643
2025-02-01 12:00:00+00:00,97638.14529644386
2025-02-01 16:00:00+00:00,97654.68811402106
2025-02-01 20:00:00+00:00,97694.10422594668
2025-02-02 00:00:00+00:00,97750.03886734796
2025-02-02 04:00:00+00:00,97742.1543543037
2025-02-02 08:00:00+00:00,97794.95232442276
2025-02-02 12:00:00+00:00,97773.91638732026
2025-02-02 16:00:00+00:00,97619.88153822318
2025-02-02 20:00:00+00:00,97525.92535405916
2025-02-03 00:00:00+00:00,96838.46152835779
2025-02-03 04:00:00+00:00,97002.55641595124
2025-02-03 08:00:00+00:00,97094.87805438586
2025-02-03 12:00:00+00:00,97259.99244176356
2025-02-03 16:00:00+00:00,97432.55803939441
2025-02-03 20:00:00+00:00,97623.73043918329
2025-02-04 00:00:00+00:00,97461.98715149051
2025-02-04 04:00:00+00:00,97408.36566219092
2025-02-04 08:00:00+00:00,97408.61758622853
2025-02-04 12:00:00+00:00,97379.37661101611
2025-02-04 16:00:00+00:00,97411.80407842506
2025-02-04 20:00:00+00:00,97508.57583746698
2025-02-05 00:00:00+00:00,97468.79426558201
2025-02-05 04:00:00+00:00,97501.13875110686
2025-02-05 08:00:00+00:00,97398.8286210412
2025-02-05 12:00:00+00:00,97367.88930414675
2025-02-05 16:00:00+00:00,97511.77607184248
2025-02-05 20:00:00+00:00,97624.68401765428
2025-02-06 00:00:00+00:00,97659.89293427985
2025-02-06 04:00:00+00:00,97605.96687372243
2025-02-06 08:00:00+00:00,97600.86364276816
2025-02-06 12:00:00+00:00,97609.91854538833
2025-02-06 16:00:00+00:00,97554.18003704795
2025-02-06 20:00:00+00:00,97547.8773247994
2025-02-07 00:00:00+00:00,97608.58867797062
2025-02-07 04:00:00+00:00,97634.55134437027
2025-02-07 08:00:00+00:00,97664.84260271146
2025-02-07 12:00:00+00:00,97706.33367070787
2025-02-07 16:00:00+00:00,97651.75898502825
2025-02-07 20:00:00+00:00,97646.20056852074
2025-02-08 00:00:00+00:00,97642.50980648711
2025-02-08 04:00:00+00:00,97654.38707444655
2025-02-08 08:00:00+00:00,97725.63787800122
2025-02-08 12:00:00+00:00,97827.51234596681
2025-02-08 16:00:00+00:00,97987.44097400275
2025-02-08 20:00:00+00:00,97840.17650821507
2025-02-09 00:00:00+00:00,97800.12055787156
2025-02-09 04:00:00+00:00,97914.95393132835
2025-02-09 08:00:00+00:00,97824.75358690761
2025-02-09 12:00:00+00:00,97670.3377700965
2025-02-09 16:00:00+00:00,97667.95043520375
2025-02-09 20:00:00+00:00,97679.48327445456
2025-02-10 00:00:00+00:00,97624.16290460258
2025-02-10 04:00:00+00:00,97802.46642886828
2025-02-10 08:00:00+00:00,97818.95744180214
2025-02-10 12:00:00+00:00,97864.93362598628
2025-02-10 16:00:00+00:00,97863.98864947316
2025-02-10 20:00:00+00:00,97871.43255977439
2025-02-11 00:00:00+00:00,97915.15496146963
2025-02-11 04:00:00+00:00,98005.55840265725
2025-02-11 08:00:00+00:00,98035.28590727075
2025-02-11 12:00:00+00:00,98013.95910813427
2025-02-11 16:00:00+00:00,98071.21979098742
2025-02-11 20:00:00+00:00,98072.36705433123
2025-02-12 00:00:00+00:00,98152.26522157612
2025-02-12 04:00:00+00:00,98161.83687841309
2025-02-12 08:00:00+00:00,98224.24728682346
2025-02-12 12:00:00+00:00,98171.21497937207
2025-02-12 16:00:00+00:00,98159.58870454643
2025-02-12 20:00:00+00:00,98356.36544921614
2025-02-13 00:00:00+00:00,98507.907156981
2025-02-13 04:00:00+00:00,98458.77243555189
2025-02-13 08:00:00+00:00,98590.07990660884
2025-02-13 12:00:00+00:00,98558.19813562001
2025-02-13 16:00:00+00:00,98531.63230972248
2025-02-13 20:00:00+00:00,98580.09450952784
2025-02-14 00:00:00+00:00,98487.49714543262
2025-02-14 04:00:00+00:00,98555.77994747883
2025-02-14 08:00:00+00:00,98696.37726313376
2025-02-14 12:00:00+00:00,98816.26769655354
2025-02-14 16:00:00+00:00,98877.81953743043
2025-02-14 20:00:00+00:00,98895.14701549466
2025-02-15 00:00:00+00:00,98894.23008738509
2025-02-15 04:00:00+00:00,98949.82535106783
2025-02-15 08:00:00+00:00,98920.32107276928
2025-02-15 12:00:00+00:00,98874.82771587906
2025-02-15 16:00:00+00:00,98842.0109316497
2025-02-15 20:00:00+00:00,98798.0460214557
2025-02-16 00:00:00+00:00,98852.35246916524
2025-02-16 04:00:00+00:00,98786.93681528463
2025-02-16 08:00:00+00:00,98805.45972203783
2025-02-16 12:00:00+00:00,98802.98300327863
2025-02-16 16:00:00+00:00,98763.70620998993
2025-02-16 20:00:00+00:00,98719.56983118723
2025-02-17 00:00:00+00:00,98720.2471535719
2025-02-17 04:00:00+00:00,98740.4531240604
2025-02-17 08:00:00+00:00,98687.92763882167
2025-02-17 12:00:00+00:00,98656.04667189551
2025-02-17 16:00:00+00:00,98556.58463753777
2025-02-17 20:00:00+00:00,98565.56611419609
2025-02-18 00:00:00+00:00,98725.27808566605
2025-02-18 04:00:00+00:00,98850.9207853195
2025-02-18 08:00:00+00:00,99029.727395093
2025-02-18 12:00:00+00:00,98899.8972980631
2025-02-18 16:00:00+00:00,99231.31848911477
2025-02-18 20:00:00+00:00,99139.07183168315
2025-02-19 00:00:00+00:00,99146.21626208418
2025-02-19 04:00:00+00:00,99153.42852331327
2025-02-19 08:00:00+00:00,99160.6475958467
2025-02-19 12:00:00+00:00,98958.24550575382
2025-02-19 16:00:00+00:00,98900.81912929336
2025-02-19 20:00:00+00:00,99043.59612799558
2025-02-20 00:00:00+00:00,99016.39400340046
2025-02-20 04:00:00+00:00,98747.10156900546
2025-02-20 08:00:00+00:00,98934.21050500113
2025-02-20 12:00:00+00:00,99031.62333481293
2025-02-20 16:00:00+00:00,99318.16860660467
2025-02-20 20:00:00+00:00,99468.63421154601
2025-02-21 00:00:00+00:00,99140.94253501511
2025-02-21 04:00:00+00:00,99249.38832007811
2025-02-21 08:00:00+00:00,99250.64106132134
2025-02-21 12:00:00+00:00,99266.89301601618
2025-02-21 16:00:00+00:00,99014.21696922515
2025-02-21 20:00:00+00:00,99019.47275912682
2025-02-22 00:00:00+00:00,99059.45505349112
2025-02-22 04:00:00+00:00,99098.3300446362
2025-02-22 08:00:00+00:00,98995.14030086994
2025-02-22 12:00:00+00:00,98957.11064019764
2025-02-22 16:00:00+00:00,98888.11975689439
2025-02-22 20:00:00+00:00,98717.92814873098
2025-02-23 00:00:00+00:00,98841.34704192122
2025-02-23 04:00:00+00:00,99040.38213238519
2025-02-23 08:00:00+00:00,99050.6989598377
2025-02-23 12:00:00+00:00,98928.42551296702
2025-02-23 16:00:00+00:00,98868.0846145639
2025-02-23 20:00:00+00:00,98859.37449035251
2025-02-24 00:00:00+00:00,98240.0262856508
2025-02-24 04:00:00+00:00,98388.51797644516
2025-02-24 08:00:00+00:00,98348.29385353024
2025-02-24 12:00:00+00:00,98145.69746235132
2025-02-24 16:00:00+00:00,98163.52360460135
2025-02-24 20:00:00+00:00,98015.38411730247
2025-02-25 00:00:00+00:00,97778.43375125405
2025-02-25 04:00:00+00:00,97539.357670362
2025-02-25 08:00:00+00:00,97654.43401892741
2025-02-25 12:00:00+00:00,97173.84989511114
2025-02-25 16:00:00+00:00,97036.3380269322
2025-02-25 20:00:00+00:00,97240.08205650595
2025-02-26 00:00:00+00:00,97062.61738633079
2025-02-26 04:00:00+00:00,96958.85523376225
2025-02-26 08:00:00+00:00,96953.85523376225
2025-02-26 12:00:00+00:00,96927.27342305817
2025-02-26 16:00:00+00:00,96852.0877634232
2025-02-26 20:00:00+00:00,96833.68433226107
2025-02-27 00:00:00+00:00,96564.76823255663
2025-02-27 04:00:00+00:00,96959.67304065106
2025-02-27 08:00:00+00:00,97090.61793740252
2025-02-27 12:00:00+00:00,96963.9173616338
2025-02-27 16:00:00+00:00,97049.07992511315
2025-02-27 20:00:00+00:00,97056.78426628675
2025-02-28 00:00:00+00:00,96998.07473403604
2025-02-28 04:00:00+00:00,97024.71084811611
2025-02-28 08:00:00+00:00,96780.58166342699
2025-02-28 12:00:00+00:00,96788.5894996135
2025-02-28 16:00:00+00:00,96264.86595286998
2025-02-28 20:00:00+00:00,96339.6799833873
2025-03-01 00:00:00+00:00,96375.83628543238
2025-03-01 04:00:00+00:00,96044.58113564226
2025-03-01 08:00:00+00:00,95253.75922493312
2025-03-01 12:00:00+00:00,95422.88239114614
2025-03-01 16:00:00+00:00,95340.4175367604
2025-03-01 20:00:00+00:00,95284.82404666801
2025-03-02 00:00:00+00:00,95110.21633589485
2025-03-02 04:00:00+00:00,94950.14118680282
2025-03-02 08:00:00+00:00,94935.1521743282
2025-03-02 12:00:00+00:00,94965.02400061976
2025-03-02 16:00:00+00:00,95353.79642920638
2025-03-02 20:00:00+00:00,95266.34305389946
2025-03-03 00:00:00+00:00,95503.34131693115
2025-03-03 04:00:00+00:00,95520.89141370617
2025-03-03 08:00:00+00:00,95426.338715536
2025-03-03 12:00:00+00:00,95515.47202453665
2025-03-03 16:00:00+00:00,95356.37601196462
2025-03-03 20:00:00+00:00,95450.67588593377
2025-03-04 00:00:00+00:00,95467.09325507525
2025-03-04 04:00:00+00:00,95443.29161170247
2025-03-04 08:00:00+00:00,95484.31420236573
2025-03-04 12:00:00+00:00,95460.95487767705
2025-03-04 16:00:00+00:00,95499.28648446342
2025-03-04 20:00:00+00:00,95459.01141192367
2025-03-05 00:00:00+00:00,95040.84806127919
2025-03-05 04:00:00+00:00,94972.41547369186
2025-03-05 08:00:00+00:00,95007.03289777112
2025-03-05 12:00:00+00:00,94989.02340784762
2025-03-05 16:00:00+00:00,95064.53299394033
2025-03-05 20:00:00+00:00,95233.40615028798
2025-03-06 00:00:00+00:00,95200.06696707706
2025-03-06 04:00:00+00:00,94931.34626628237
2025-03-06 08:00:00+00:00,95049.46351228001
2025-03-06 12:00:00+00:00,95082.34943587678
2025-03-06 16:00:00+00:00,95060.48674614108
2025-03-06 20:00:00+00:00,95061.92548195901
2025-03-07 00:00:00+00:00,94889.15466243442
2025-03-07 04:00:00+00:00,94828.19465391389
2025-03-07 08:00:00+00:00,94836.18045887978
2025-03-07 12:00:00+00:00,94928.57360646377
2025-03-07 16:00:00+00:00,94802.42479066856
2025-03-07 20:00:00+00:00,94636.6664184401
2025-03-08 00:00:00+00:00,94684.23194914263
2025-03-08 04:00:00+00:00,94898.87637131185
2025-03-08 08:00:00+00:00,94862.12499172857
2025-03-08 12:00:00+00:00,94950.3083028596
2025-03-08 16:00:00+00:00,94928.46822988453
2025-03-08 20:00:00+00:00,94899.12380317734
2025-03-09 00:00:00+00:00,94995.15776243684
2025-03-09 04:00:00+00:00,94927.64925712993
2025-03-09 08:00:00+00:00,95049.28403530826
2025-03-09 12:00:00+00:00,94809.85936215948
2025-03-09 16:00:00+00:00,94767.47454560609
2025-03-09 20:00:00+00:00,94842.02053930996
2025-03-10 00:00:00+00:00,94623.98405003133
2025-03-10 04:00:00+00:00,95222.53448276152
2025-03-10 08:00:00+00:00,95424.16482476146
2025-03-10 12:00:00+00:00,95590.07745849932
2025-03-10 16:00:00+00:00,95777.89229515001
2025-03-10 20:00:00+00:00,95716.5866817222
2025-03-11 00:00:00+00:00,95596.03925765477
2025-03-11 04:00:00+00:00,95528.54743141549
2025-03-11 08:00:00+00:00,95534.58410615884
2025-03-11 12:00:00+00:00,95663.72822395037
2025-03-11 16:00:00+00:00,95539.42641925055
2025-03-11 20:00:00+00:00,95542.05303306897
2025-03-12 00:00:00+00:00,95524.93386147606
2025-03-12 04:00:00+00:00,95488.24137905924
2025-03-12 08:00:00+00:00,95602.64213631509
2025-03-12 12:00:00+00:00,95743.50465791512
2025-03-12 16:00:00+00:00,95644.82087794947
2025-03-12 20:00:00+00:00,95701.39771915956
2025-03-13 00:00:00+00:00,95582.2742620687
2025-03-13 04:00:00+00:00,95568.89893732914
2025-03-13 08:00:00+00:00,95643.10502744008
2025-03-13 12:00:00+00:00,95521.10659519181
2025-03-13 16:00:00+00:00,95485.64372586421
2025-03-13 20:00:00+00:00,95530.53856484512
2025-03-14 00:00:00+00:00,95477.7132788753
2025-03-14 04:00:00+00:00,95662.81525579684
2025-03-14 08:00:00+00:00,95679.6536467855
2025-03-14 12:00:00+00:00,95958.22864349102
2025-03-14 16:00:00+00:00,95941.2288949547
2025-03-14 20:00:00+00:00,95806.22215386668
2025-03-15 00:00:00+00:00,95658.88930105402
2025-03-15 04:00:00+00:00,95659.76421501028
2025-03-15 08:00:00+00:00,95527.08846819984
2025-03-15 12:00:00+00:00,95268.12886694112
2025-03-15 16:00:00+00:00,94964.04230810284
2025-03-15 20:00:00+00:00,94508.79538483787
2025-03-16 00:00:00+00:00,95119.37801206441
2025-03-16 04:00:00+00:00,95315.1949253599
2025-03-16 08:00:00+00:00,95499.44223664717
2025-03-16 12:00:00+00:00,95243.76813889384
2025-03-16 16:00:00+00:00,95346.8703812631
2025-03-16 20:00:00+00:00,95100.16065803861
2025-03-17 00:00:00+00:00,93503.47037729525
2025-03-17 04:00:00+00:00,93125.88909828127
2025-03-17 08:00:00+00:00,93176.0328555729
2025-03-17 12:00:00+00:00,93076.43052673923
2025-03-17 16:00:00+00:00,93328.56688883636
2025-03-17 20:00:00+00:00,93057.73533306536
2025-03-18 00:00:00+00:00,93069.77917279534
2025-03-18 04:00:00+00:00,92637.69658874639
2025-03-18 08:00:00+00:00,92532.01480411696
2025-03-18 12:00:00+00:00,92406.75120422008
2025-03-18 16:00:00+00:00,92404.07047931853
2025-03-18 20:00:00+00:00,92409.74775199106
2025-03-19 00:00:00+00:00,92444.25282372783
2025-03-19 04:00:00+00:00,92511.06710371631
2025-03-19 08:00:00+00:00,92524.14594273646
2025-03-19 12:00:00+00:00,92708.6450367502
2025-03-19 16:00:00+00:00,92748.79933091259
2025-03-19 20:00:00+00:00,92873.96372513432
2025-03-20 00:00:00+00:00,92878.39697442719
2025-03-20 04:00:00+00:00,92851.59767946007
2025-03-20 08:00:00+00:00,92869.8728745445
2025-03-20 12:00:00+00:00,92812.72809293537
2025-03-20 16:00:00+00:00,92747.27067478556
2025-03-20 20:00:00+00:00,92829.60588454378
2025-03-21 00:00:00+00:00,92834.0810167591
2025-03-21 04:00:00+00:00,92814.57856140916
2025-03-21 08:00:00+00:00,92779.63717033977
2025-03-21 12:00:00+00:00,92674.11963359232
2025-03-21 16:00:00+00:00,92703.09324212262
2025-03-21 20:00:00+00:00,92506.85327454246
2025-03-22 00:00:00+00:00,92830.10188113345
2025-03-22 04:00:00+00:00,93007.71692611699
2025-03-22 08:00:00+00:00,92877.29154071481
2025-03-22 12:00:00+00:00,92474.06867999634
2025-03-22 16:00:00+00:00,92333.66449251548
2025-03-22 20:00:00+00:00,92352.74367848637
2025-03-23 00:00:00+00:00,91993.709267573
2025-03-23 04:00:00+00:00,92320.92452798836
2025-03-23 08:00:00+00:00,92286.61972688031
2025-03-23 12:00:00+00:00,92514.214849185
2025-03-23 16:00:00+00:00,92140.2662942222
2025-03-23 20:00:00+00:00,92199.49881904073
2025-03-24 00:00:00+00:00,92251.60920749891
2025-03-24 04:00:00+00:00,91671.11777668774
2025-03-24 08:00:00+00:00,91467.89866359998
2025-03-24 12:00:00+00:00,91594.62962113073
2025-03-24 16:00:00+00:00,91615.51687768185
2025-03-24 20:00:00+00:00,91554.34799922127
2025-03-25 00:00:00+00:00,91472.21947714197
2025-03-25 04:00:00+00:00,91390.92291254013
2025-03-25 08:00:00+00:00,91547.62748873969
2025-03-25 12:00:00+00:00,91016.17375407876
2025-03-25 16:00:00+00:00,91001.32143498735
2025-03-25 20:00:00+00:00,90929.25199544974
2025-03-26 00:00:00+00:00,90865.32187304347
2025-03-26 04:00:00+00:00,91261.47077199939
2025-03-26 08:00:00+00:00,91394.5209062917
2025-03-26 12:00:00+00:00,91350.48847680575
2025-03-26 16:00:00+00:00,90316.17642107804
2025-03-26 20:00:00+00:00,90352.1012519874
2025-03-27 00:00:00+00:00,90199.66433533677
2025-03-27 04:00:00+00:00,90212.08998569193
2025-03-27 08:00:00+00:00,90148.10850991214
2025-03-27 12:00:00+00:00,90518.96693640135
2025-03-27 16:00:00+00:00,90369.46238840673
2025-03-27 20:00:00+00:00,90183.80310222245
2025-03-28 00:00:00+00:00,90224.25118903314
2025-03-28 04:00:00+00:00,90168.84860279829
2025-03-28 08:00:00+00:00,90168.84860279829
2025-03-28 12:00:00+00:00,90168.84860279829
2025-03-28 16:00:00+00:00,90163.84860279829
2025-03-28 20:00:00+00:00,90184.82226259126
2025-03-29 00:00:00+00:00,90169.75148098354
2025-03-29 04:00:00+00:00,90114.67834735206
2025-03-29 08:00:00+00:00,90111.8779494885
2025-03-29 12:00:00+00:00,90044.20610169863
2025-03-29 16:00:00+00:00,89994.07965127839
2025-03-29 20:00:00+00:00,90060.57608160848
2025-03-30 00:00:00+00:00,90165.69951932445
2025-03-30 04:00:00+00:00,90224.77688469371
2025-03-30 08:00:00+00:00,90206.24725282227
2025-03-30 12:00:00+00:00,90240.0450865224
2025-03-30 16:00:00+00:00,90237.68665253712
2025-03-30 20:00:00+00:00,90210.45656829982
2025-03-31 00:00:00+00:00,90179.10046336566
2025-03-31 04:00:00+00:00,90108.3783422271
2025-03-31 08:00:00+00:00,90281.89670377679
2025-03-31 12:00:00+00:00,90247.64921789343
2025-03-31 16:00:00+00:00,90275.50785164801
2025-03-31 20:00:00+00:00,90244.13199099734
2025-04-01 00:00:00+00:00,90197.2470400832
2025-04-01 04:00:00+00:00,90305.72106138643
2025-04-01 08:00:00+00:00,90167.98887916334
2025-04-01 12:00:00+00:00,90148.6227221116
2025-04-01 16:00:00+00:00,90097.86579247078
2025-04-01 20:00:00+00:00,90233.93252822683
2025-04-02 00:00:00+00:00,90355.89776154587
2025-04-02 04:00:00+00:00,90082.65696798284
2025-04-02 08:00:00+00:00,90130.75945244533
2025-04-02 12:00:00+00:00,90119.52049861914
2025-04-02 16:00:00+00:00,90154.88307717565
2025-04-02 20:00:00+00:00,90211.68281555455
2025-04-03 00:00:00+00:00,90141.93781029397
2025-04-03 04:00:00+00:00,90144.37558366478
2025-04-03 08:00:00+00:00,90158.1024520458
2025-04-03 12:00:00+00:00,90211.28088506397
2025-04-03 16:00:00+00:00,90115.2897572305
2025-04-03 20:00:00+00:00,90251.62191909629
2025-04-04 00:00:00+00:00,90218.3513917946
2025-04-04 04:00:00+00:00,90172.79875291158
2025-04-04 08:00:00+00:00,90161.67647446944
2025-04-04 12:00:00+00:00,90132.38367892425
2025-04-04 16:00:00+00:00,90220.2551343429
2025-04-04 20:00:00+00:00,90246.5320332744
2025-04-05 00:00:00+00:00,90231.00550201374
2025-04-05 04:00:00+00:00,90280.48885009119
2025-04-05 08:00:00+00:00,90285.74005998844
2025-04-05 12:00:00+00:00,90294.58860204452
2025-04-05 16:00:00+00:00,90285.03306549114
2025-04-05 20:00:00+00:00,90278.01522238863
2025-04-06 00:00:00+00:00,90298.43474107477
2025-04-06 04:00:00+00:00,90273.97909458535
2025-04-06 08:00:00+00:00,90262.78771041863
2025-04-06 12:00:00+00:00,90221.33461757959
2025-04-06 16:00:00+00:00,90182.88965559396
2025-04-06 20:00:00+00:00,90135.11080494238
2025-04-07 00:00:00+00:00,90133.55411376739
2025-04-07 04:00:00+00:00,90077.25252973528
2025-04-07 08:00:00+00:00,90231.88517597945
2025-04-07 12:00:00+00:00,90226.88517597945
2025-04-07 16:00:00+00:00,90227.98225118865
2025-04-07 20:00:00+00:00,90177.45479882236
2025-04-08 00:00:00+00:00,90129.8032257523
2025-04-08 04:00:00+00:00,90137.39568015483
2025-04-08 08:00:00+00:00,90024.431676363
2025-04-08 12:00:00+00:00,90158.6336764665
2025-04-08 16:00:00+00:00,90356.56896481411
2025-04-08 20:00:00+00:00,90487.88857221545
2025-04-09 00:00:00+00:00,90396.18300587799
2025-04-09 04:00:00+00:00,90344.6493881299
2025-04-09 08:00:00+00:00,90565.26860941315
2025-04-09 12:00:00+00:00,90343.61185469852
2025-04-09 16:00:00+00:00,89947.41921203953
2025-04-09 20:00:00+00:00,89266.95569354383
2025-04-10 00:00:00+00:00,89161.6021286047
2025-04-10 04:00:00+00:00,89254.68028306289
2025-04-10 08:00:00+00:00,89238.3503316315
2025-04-10 12:00:00+00:00,90124.64416442307
2025-04-10 16:00:00+00:00,89838.86931374953
2025-04-10 20:00:00+00:00,90037.29071995789
2025-04-11 00:00:00+00:00,89960.92716624454
2025-04-11 04:00:00+00:00,89673.47719773048
2025-04-11 08:00:00+00:00,89873.41758531421
2025-04-11 12:00:00+00:00,89876.41199543104
2025-04-11 16:00:00+00:00,89714.8196409527
2025-04-11 20:00:00+00:00,89787.11203540993
2025-04-12 00:00:00+00:00,89602.9497121386
2025-04-12 04:00:00+00:00,89686.89831226807
2025-04-12 08:00:00+00:00,89699.08879189173
2025-04-12 12:00:00+00:00,89629.30822995314
2025-04-12 16:00:00+00:00,89628.58484435167
2025-04-12 20:00:00+00:00,89636.87994156545
2025-04-13 00:00:00+00:00,89618.9776549693
2025-04-13 04:00:00+00:00,89488.46661569714
2025-04-13 08:00:00+00:00,89174.77015389374
2025-04-13 12:00:00+00:00,89204.4867121753
2025-04-13 16:00:00+00:00,89186.97145711239
2025-04-13 20:00:00+00:00,89301.90612977221
2025-04-14 00:00:00+00:00,89360.62379201388
2025-04-14 04:00:00+00:00,89390.6998703502
2025-04-14 08:00:00+00:00,89431.16963556698
2025-04-14 12:00:00+00:00,89271.2255518629
2025-04-14 16:00:00+00:00,89214.64851800016
2025-04-14 20:00:00+00:00,89313.97851999753
2025-04-15 00:00:00+00:00,89431.41842602685
2025-04-15 04:00:00+00:00,89537.10965439171
2025-04-15 08:00:00+00:00,89523.6687288514
2025-04-15 12:00:00+00:00,89603.40661411882
2025-04-15 16:00:00+00:00,89558.4489552904
2025-04-15 20:00:00+00:00,89514.19519200221
2025-04-16 00:00:00+00:00,89615.59490572657
2025-04-16 04:00:00+00:00,89367.0526198861
2025-04-16 08:00:00+00:00,89271.90454952826
2025-04-16 12:00:00+00:00,89046.63630811736
2025-04-16 16:00:00+00:00,89067.68756083399
2025-04-16 20:00:00+00:00,89073.51361659847
2025-04-17 00:00:00+00:00,89118.15201220811
2025-04-17 04:00:00+00:00,88890.84800045498
2025-04-17 08:00:00+00:00,88865.87052219926
2025-04-17 12:00:00+00:00,88851.97512673496
2025-04-17 16:00:00+00:00,88925.59128987789
2025-04-17 20:00:00+00:00,88927.65524878782
2025-04-18 00:00:00+00:00,88874.79355928075
2025-04-18 04:00:00+00:00,88888.57590677417
2025-04-18 08:00:00+00:00,88918.48755431794
2025-04-18 12:00:00+00:00,88995.49355576262
2025-04-18 16:00:00+00:00,89015.81239247404
2025-04-18 20:00:00+00:00,88977.09380650998
2025-04-19 00:00:00+00:00,88881.27918558761
2025-04-19 04:00:00+00:00,88932.08908019972
2025-04-19 08:00:00+00:00,88982.97066590766
2025-04-19 12:00:00+00:00,88927.04680239891
2025-04-19 16:00:00+00:00,88988.98869379162
2025-04-19 20:00:00+00:00,88994.68644866016
2025-04-20 00:00:00+00:00,89214.9371204215
2025-04-20 04:00:00+00:00,89119.54575406597
2025-04-20 08:00:00+00:00,89054.91858859546
2025-04-20 12:00:00+00:00,88916.18972575721
2025-04-20 16:00:00+00:00,88916.45068877643
2025-04-20 20:00:00+00:00,88882.899901179
2025-04-21 00:00:00+00:00,89067.71946014577
2025-04-21 04:00:00+00:00,89019.57631295832
2025-04-21 08:00:00+00:00,89009.31481203935
2025-04-21 12:00:00+00:00,88881.0328643357
2025-04-21 16:00:00+00:00,88865.73271663605
2025-04-21 20:00:00+00:00,89092.0072250298
2025-04-22 00:00:00+00:00,89189.5918386165
2025-04-22 04:00:00+00:00,89145.82847806343
2025-04-22 08:00:00+00:00,89122.85783668271
2025-04-22 12:00:00+00:00,89159.80993771374
2025-04-22 16:00:00+00:00,89169.85518268411
2025-04-22 20:00:00+00:00,89179.30802358777
2025-04-23 00:00:00+00:00,89065.53507637673
2025-04-23 04:00:00+00:00,88982.880970082
2025-04-23 08:00:00+00:00,88967.63126521056
2025-04-23 12:00:00+00:00,88962.26095041221
2025-04-23 16:00:00+00:00,88940.45552800692
2025-04-23 20:00:00+00:00,88838.88859721938
2025-04-24 00:00:00+00:00,88883.19761087689
2025-04-24 04:00:00+00:00,88957.23948344403
2025-04-24 08:00:00+00:00,88981.28357130352
2025-04-24 12:00:00+00:00,88983.86450246655
2025-04-24 16:00:00+00:00,89034.73791286482
2025-04-24 20:00:00+00:00,89046.94494218608
2025-04-25 00:00:00+00:00,88885.29630833
2025-04-25 04:00:00+00:00,88804.15435567776
2025-04-25 08:00:00+00:00,88899.51790003027
2025-04-25 12:00:00+00:00,88862.14727651405
2025-04-25 16:00:00+00:00,88782.16397253299
2025-04-25 20:00:00+00:00,88810.48339282427
2025-04-26 00:00:00+00:00,88797.92012696649
2025-04-26 04:00:00+00:00,88926.67439822796
2025-04-26 08:00:00+00:00,89057.7437294874
2025-04-26 12:00:00+00:00,89142.49036731661
2025-04-26 16:00:00+00:00,89174.55266902482
2025-04-26 20:00:00+00:00,89192.1886510485
2025-04-27 00:00:00+00:00,89278.39300265946
2025-04-27 04:00:00+00:00,89291.87217930352
2025-04-27 08:00:00+00:00,89327.33402742355
2025-04-27 12:00:00+00:00,89341.43171861129
2025-04-27 16:00:00+00:00,89308.19571817973
2025-04-27 20:00:00+00:00,89313.39730923602
2025-04-28 00:00:00+00:00,89320.57235254685
2025-04-28 04:00:00+00:00,89434.39262627409
2025-04-28 08:00:00+00:00,89412.73256015265
2025-04-28 12:00:00+00:00,89394.14475057721
2025-04-28 16:00:00+00:00,89469.55162087534
2025-04-28 20:00:00+00:00,89433.93382730738
2025-04-29 00:00:00+00:00,89387.23252159245
2025-04-29 04:00:00+00:00,89349.98713765734
2025-04-29 08:00:00+00:00,89426.56026432742
2025-04-29 12:00:00+00:00,89431.28973120882
2025-04-29 16:00:00+00:00,89445.48475975632
2025-04-29 20:00:00+00:00,89451.57216736274
2025-04-30 00:00:00+00:00,89436.52586944908
2025-04-30 04:00:00+00:00,89378.46019393363
2025-04-30 08:00:00+00:00,89436.7565448574
2025-04-30 12:00:00+00:00,89489.29613109017
2025-04-30 16:00:00+00:00,89498.86074514806
2025-04-30 20:00:00+00:00,89400.89630756302
2025-05-01 00:00:00+00:00,89415.58031378653
2025-05-01 04:00:00+00:00,89439.0630108129
2025-05-01 08:00:00+00:00,89459.68231780456
2025-05-01 12:00:00+00:00,89435.71001291218
2025-05-01 16:00:00+00:00,89426.00997175045
2025-05-01 20:00:00+00:00,89381.3415144612
2025-05-02 00:00:00+00:00,89397.13815112686
2025-05-02 04:00:00+00:00,89401.51467501673
2025-05-02 08:00:00+00:00,89394.808633049
2025-05-02 12:00:00+00:00,89411.1665680751
2025-05-02 16:00:00+00:00,89384.73417477237
2025-05-02 20:00:00+00:00,89400.40233689366
2025-05-03 00:00:00+00:00,89432.59950378483
2025-05-03 04:00:00+00:00,89409.05104483652
2025-05-03 08:00:00+00:00,89329.92489062306
2025-05-03 12:00:00+00:00,89420.64312993895
2025-05-03 16:00:00+00:00,89295.25449172402
2025-05-03 20:00:00+00:00,89178.24269086924
2025-05-04 00:00:00+00:00,89210.96529582908
2025-05-04 04:00:00+00:00,89170.99585812993
2025-05-04 08:00:00+00:00,89287.5240989168
2025-05-04 12:00:00+00:00,89246.36097896319
2025-05-04 16:00:00+00:00,89313.40142227791
2025-05-04 20:00:00+00:00,89425.31502987124
2025-05-05 00:00:00+00:00,89417.17936030359
2025-05-05 04:00:00+00:00,89198.78098625329
2025-05-05 08:00:00+00:00,89180.12402553392
2025-05-05 12:00:00+00:00,89176.887845227
2025-05-05 16:00:00+00:00,89232.8636517336
2025-05-05 20:00:00+00:00,89213.40410738491
2025-05-06 00:00:00+00:00,89353.78645427428
2025-05-06 04:00:00+00:00,89361.54307913902
2025-05-06 08:00:00+00:00,89312.00126189912
2025-05-06 12:00:00+00:00,89281.97263022092
2025-05-06 16:00:00+00:00,89146.87286589903
2025-05-06 20:00:00+00:00,88922.0086857604
2025-05-07 00:00:00+00:00,88970.7113090208
2025-05-07 04:00:00+00:00,88837.274513937
2025-05-07 08:00:00+00:00,88876.69865570309
2025-05-07 12:00:00+00:00,88865.74579373856
2025-05-07 16:00:00+00:00,88912.9843974214
2025-05-07 20:00:00+00:00,88911.58698629779
2025-05-08 00:00:00+00:00,88708.3845745876
2025-05-08 04:00:00+00:00,88690.51878537786
2025-05-08 08:00:00+00:00,88628.82937931012
2025-05-08 12:00:00+00:00,88572.53543816961
2025-05-08 16:00:00+00:00,88539.72151689263
2025-05-08 20:00:00+00:00,88482.35110850398
2025-05-09 00:00:00+00:00,88704.86189954633
2025-05-09 04:00:00+00:00,88425.57848888455
2025-05-09 08:00:00+00:00,88592.30132060726
2025-05-09 12:00:00+00:00,88595.69809038118
2025-05-09 16:00:00+00:00,88541.5463808192
2025-05-09 20:00:00+00:00,88448.02147923247
2025-05-10 00:00:00+00:00,88533.36136135635
2025-05-10 04:00:00+00:00,88573.24829464602
2025-05-10 08:00:00+00:00,88648.50866766844
2025-05-10 12:00:00+00:00,88440.16563170958
2025-05-10 16:00:00+00:00,88234.27341773573
2025-05-10 20:00:00+00:00,88263.3192657486
2025-05-11 00:00:00+00:00,88560.55530045583
2025-05-11 04:00:00+00:00,88360.05337227916
2025-05-11 08:00:00+00:00,88388.54797189338
2025-05-11 12:00:00+00:00,88248.9631839388
2025-05-11 16:00:00+00:00,88300.8334848913
2025-05-11 20:00:00+00:00,88199.14841202143
2025-05-12 00:00:00+00:00,88313.04753176772
2025-05-12 04:00:00+00:00,88114.00541478225
2025-05-12 08:00:00+00:00,88180.74056445723
2025-05-12 12:00:00+00:00,88283.67672451964
2025-05-12 16:00:00+00:00,88251.95138744108
2025-05-12 20:00:00+00:00,88198.97970292142
2025-05-13 00:00:00+00:00,88280.6443466159
2025-05-13 04:00:00+00:00,88271.32088887166
2025-05-13 08:00:00+00:00,88228.40301918074
2025-05-13 12:00:00+00:00,88250.46789900784
2025-05-13 16:00:00+00:00,88421.85893182232
2025-05-13 20:00:00+00:00,88365.04126996554
2025-05-14 00:00:00+00:00,88300.62057003751
2025-05-14 04:00:00+00:00,88268.0736714216
2025-05-14 08:00:00+00:00,88346.47875425773
2025-05-14 12:00:00+00:00,88324.72964259035
2025-05-14 16:00:00+00:00,88261.92473176339
2025-05-14 20:00:00+00:00,88244.91682993143
2025-05-15 00:00:00+00:00,88438.20671817819
2025-05-15 04:00:00+00:00,88530.37736673988
2025-05-15 08:00:00+00:00,88433.40669930268
2025-05-15 12:00:00+00:00,87864.41641232092
2025-05-15 16:00:00+00:00,87866.70359189619
2025-05-15 20:00:00+00:00,87953.66440796325
2025-05-16 00:00:00+00:00,87833.57306720379
2025-05-16 04:00:00+00:00,87822.24215165891
2025-05-16 08:00:00+00:00,87800.12588248665
2025-05-16 12:00:00+00:00,87903.9777158996
2025-05-16 16:00:00+00:00,87871.69561490219
2025-05-16 20:00:00+00:00,87916.17514626027
2025-05-17 00:00:00+00:00,87819.49576882078
2025-05-17 04:00:00+00:00,87682.77150025064
2025-05-17 08:00:00+00:00,87728.52214955911
2025-05-17 12:00:00+00:00,87698.73079674045
2025-05-17 16:00:00+00:00,87736.46090219788
2025-05-17 20:00:00+00:00,87745.0929788693
2025-05-18 00:00:00+00:00,87729.0104340034
2025-05-18 04:00:00+00:00,87722.65780882341
2025-05-18 08:00:00+00:00,87683.55979361074
2025-05-18 12:00:00+00:00,87772.01527315308
2025-05-18 16:00:00+00:00,87787.33601790798
2025-05-18 20:00:00+00:00,87826.6197572284
2025-05-19 00:00:00+00:00,87788.57005376824
2025-05-19 04:00:00+00:00,87868.70046991836
2025-05-19 08:00:00+00:00,87921.33548859956
2025-05-19 12:00:00+00:00,87964.33403211062
2025-05-19 16:00:00+00:00,88023.82479980351
2025-05-19 20:00:00+00:00,87997.21810482763
2025-05-20 00:00:00+00:00,87859.17107358824
2025-05-20 04:00:00+00:00,87732.54724993494
2025-05-20 08:00:00+00:00,87731.24118016334
2025-05-20 12:00:00+00:00,87778.77371334448
2025-05-20 16:00:00+00:00,87878.87553083945
2025-05-20 20:00:00+00:00,87870.6459668629
2025-05-21 00:00:00+00:00,87878.01620920801
2025-05-21 04:00:00+00:00,87841.30389322426
2025-05-21 08:00:00+00:00,87794.7039658105
2025-05-21 12:00:00+00:00,88015.47196515047
2025-05-21 16:00:00+00:00,88073.36046187994
2025-05-21 20:00:00+00:00,88112.10106524992
2025-05-22 00:00:00+00:00,88129.7626753554
2025-05-22 04:00:00+00:00,88048.1672898956
2025-05-22 08:00:00+00:00,88035.61277823782
2025-05-22 12:00:00+00:00,88220.3009384815
2025-05-22 16:00:00+00:00,88256.74054182442
2025-05-22 20:00:00+00:00,88253.18858155278
2025-05-23 00:00:00+00:00,88364.84609096247
2025-05-23 04:00:00+00:00,88356.55419650832
2025-05-23 08:00:00+00:00,88295.41166232813
2025-05-23 12:00:00+00:00,88219.46430123215
2025-05-23 16:00:00+00:00,88373.47119845048
2025-05-23 20:00:00+00:00,88451.01615543338
2025-05-24 00:00:00+00:00,88356.43511332973
2025-05-24 04:00:00+00:00,88441.19104431309
2025-05-24 08:00:00+00:00,88360.74695012452
2025-05-24 12:00:00+00:00,88350.47776731534
2025-05-24 16:00:00+00:00,88324.47797566371
2025-05-24 20:00:00+00:00,88378.84816188755
2025-05-25 00:00:00+00:00,88341.24935975179
2025-05-25 04:00:00+00:00,88439.36275968539
2025-05-25 08:00:00+00:00,88448.48904248021
2025-05-25 12:00:00+00:00,88482.83284426067
2025-05-25 16:00:00+00:00,88466.43397171245
2025-05-25 20:00:00+00:00,88508.08479654216
2025-05-26 00:00:00+00:00,88231.5601367172
2025-05-26 04:00:00+00:00,88049.48386661145
2025-05-26 08:00:00+00:00,88022.6966653024
2025-05-26 12:00:00+00:00,87955.78239591616
2025-05-26 16:00:00+00:00,88129.05870509034
2025-05-26 20:00:00+00:00,88188.68998691485
2025-05-27 00:00:00+00:00,87951.87964853234
2025-05-27 04:00:00+00:00,87891.47016141073
2025-05-27 08:00:00+00:00,87927.1726359902
2025-05-27 12:00:00+00:00,88048.78880564582
2025-05-27 16:00:00+00:00,87942.11811258635
2025-05-27 20:00:00+00:00,87896.96407787385
2025-05-28 00:00:00+00:00,87790.18786385236
2025-05-28 04:00:00+00:00,87943.99941900781
2025-05-28 08:00:00+00:00,87907.19895466659
2025-05-28 12:00:00+00:00,88031.45423918827
2025-05-28 16:00:00+00:00,88082.58986613565
2025-05-28 20:00:00+00:00,88062.05582174685
2025-05-29 00:00:00+00:00,87803.65736493564
2025-05-29 04:00:00+00:00,87772.05707106418
2025-05-29 08:00:00+00:00,87854.00086989034
2025-05-29 12:00:00+00:00,88154.20591759615
2025-05-29 16:00:00+00:00,88083.91997596159
2025-05-29 20:00:00+00:00,88256.06874425657
2025-05-30 00:00:00+00:00,88159.19620098689
2025-05-30 04:00:00+00:00,88281.58355625282
2025-05-30 08:00:00+00:00,88368.13669272528
2025-05-30 12:00:00+00:00,88355.84062938712
2025-05-30 16:00:00+00:00,88297.57654286631
2025-05-30 20:00:00+00:00,88205.46671499286
2025-05-31 00:00:00+00:00,88229.73126150852
2025-05-31 04:00:00+00:00,88490.1046789536
2025-05-31 08:00:00+00:00,88301.99400468134
2025-05-31 12:00:00+00:00,88581.96138224553
2025-05-31 16:00:00+00:00,88686.10745849813
2025-05-31 20:00:00+00:00,88831.21490254042
2025-06-01 00:00:00+00:00,88702.45068040855
2025-06-01 04:00:00+00:00,88595.45765300034
2025-06-01 08:00:00+00:00,88570.24068890575
2025-06-01 12:00:00+00:00,88555.50923476598
2025-06-01 16:00:00+00:00,88554.51801266069
2025-06-01 20:00:00+00:00,88534.70364279697
2025-06-02 00:00:00+00:00,88581.41338987979
2025-06-02 04:00:00+00:00,88636.88173159912
2025-06-02 08:00:00+00:00,88649.38001734157
2025-06-02 12:00:00+00:00,88669.80698230112
2025-06-02 16:00:00+00:00,88685.45997574157
2025-06-02 20:00:00+00:00,88520.56412077772
2025-06-03 00:00:00+00:00,88550.06833971963
2025-06-03 04:00:00+00:00,88511.04863929517
2025-06-03 08:00:00+00:00,88472.65228646672
2025-06-03 12:00:00+00:00,88274.72964800824
2025-06-03 16:00:00+00:00,88158.50685698778
2025-06-03 20:00:00+00:00,88161.35695343971
2025-06-04 00:00:00+00:00,88045.6677507988
2025-06-04 04:00:00+00:00,88103.10050671789
2025-06-04 08:00:00+00:00,87993.56058434653
2025-06-04 12:00:00+00:00,88097.75732193973
2025-06-04 16:00:00+00:00,88090.56508083848
2025-06-04 20:00:00+00:00,87960.39478250321
2025-06-05 00:00:00+00:00,87878.31593910823
2025-06-05 04:00:00+00:00,88070.0195642487
2025-06-05 08:00:00+00:00,88078.2830696294
2025-06-05 12:00:00+00:00,88077.3374567338
2025-06-05 16:00:00+00:00,88255.00978473463
2025-06-05 20:00:00+00:00,87998.89316772412
2025-06-06 00:00:00+00:00,88128.02470765039
2025-06-06 04:00:00+00:00,88122.0153332704
2025-06-06 08:00:00+00:00,88065.63693460719
2025-06-06 12:00:00+00:00,88002.82589441747
2025-06-06 16:00:00+00:00,87936.32609128204
2025-06-06 20:00:00+00:00,87787.21170659387
2025-06-07 00:00:00+00:00,87852.01105027078
2025-06-07 04:00:00+00:00,87852.49808258173
2025-06-07 08:00:00+00:00,87729.64309581967
2025-06-07 12:00:00+00:00,87742.1607919736
2025-06-07 16:00:00+00:00,87506.32150039129
2025-06-07 20:00:00+00:00,87429.97885447383
2025-06-08 00:00:00+00:00,87417.56357000474
2025-06-08 04:00:00+00:00,87378.47874289178
2025-06-08 08:00:00+00:00,87506.40692542789
2025-06-08 12:00:00+00:00,87594.76110170574
2025-06-08 16:00:00+00:00,87684.72513812025
2025-06-08 20:00:00+00:00,87721.38759441048
2025-06-09 00:00:00+00:00,87658.26932419294
2025-06-09 04:00:00+00:00,87659.91605368898
2025-06-09 08:00:00+00:00,87768.90436191368
2025-06-09 12:00:00+00:00,87733.01674749442
2025-06-09 16:00:00+00:00,87652.21963454767
2025-06-09 20:00:00+00:00,87823.7206863868
2025-06-10 00:00:00+00:00,87797.36063875508
2025-06-10 04:00:00+00:00,87735.70847680062
2025-06-10 08:00:00+00:00,87887.95080560457
2025-06-10 12:00:00+00:00,87915.80532875122
2025-06-10 16:00:00+00:00,88449.82963177143
2025-06-10 20:00:00+00:00,88407.34815424943
2025-06-11 00:00:00+00:00,88566.84501740735
2025-06-11 04:00:00+00:00,88685.31279123558
2025-06-11 08:00:00+00:00,88699.78764368946
2025-06-11 12:00:00+00:00,88712.95053064122
2025-06-11 16:00:00+00:00,88707.95969007643
2025-06-11 20:00:00+00:00,88761.76278831622
2025-06-12 00:00:00+00:00,88828.8927382689
2025-06-12 04:00:00+00:00,88946.42307853256
2025-06-12 08:00:00+00:00,89020.83308870834
2025-06-12 12:00:00+00:00,88939.3497736855
2025-06-12 16:00:00+00:00,88830.7125487228
2025-06-12 20:00:00+00:00,88926.97372006034
2025-06-13 00:00:00+00:00,89098.31341538248
2025-06-13 04:00:00+00:00,89155.89873827633
2025-06-13 08:00:00+00:00,89139.85573209276
2025-06-13 12:00:00+00:00,89148.31801637862
2025-06-13 16:00:00+00:00,89219.70987133193
2025-06-13 20:00:00+00:00,89087.78422933385
2025-06-14 00:00:00+00:00,89125.1693384739
2025-06-14 04:00:00+00:00,89148.40199912123
2025-06-14 08:00:00+00:00,89198.83461138088
2025-06-14 12:00:00+00:00,89228.40818299443
2025-06-14 16:00:00+00:00,89282.5663659746
2025-06-14 20:00:00+00:00,89314.55343947047
2025-06-15 00:00:00+00:00,89237.7559983964
2025-06-15 04:00:00+00:00,89270.23986798224
2025-06-15 08:00:00+00:00,89309.85977520619
2025-06-15 12:00:00+00:00,89359.9627958107
2025-06-15 16:00:00+00:00,89450.84391966405
2025-06-15 20:00:00+00:00,89380.32760068699
2025-06-16 00:00:00+00:00,89374.9725750377
2025-06-16 04:00:00+00:00,89292.33984237668
2025-06-16 08:00:00+00:00,89322.41719477883
2025-06-16 12:00:00+00:00,89308.74483140609
2025-06-16 16:00:00+00:00,89167.32765091376
2025-06-16 20:00:00+00:00,89191.97593768258
2025-06-17 00:00:00+00:00,89307.33060407283
2025-06-17 04:00:00+00:00,89458.50260102557
2025-06-17 08:00:00+00:00,89568.42459064123
2025-06-17 12:00:00+00:00,89478.39783647086
2025-06-17 16:00:00+00:00,89634.16797671205
2025-06-17 20:00:00+00:00,89612.17977458048
2025-06-18 00:00:00+00:00,89709.8659327415
2025-06-18 04:00:00+00:00,89834.78620416543
2025-06-18 08:00:00+00:00,89831.98169567825
2025-06-18 12:00:00+00:00,89561.97394390688
2025-06-18 16:00:00+00:00,89587.41652907128
2025-06-18 20:00:00+00:00,89376.65190450015
2025-06-19 00:00:00+00:00,89351.71164828811
2025-06-19 04:00:00+00:00,89295.13773273466
2025-06-19 08:00:00+00:00,89247.59919715083
2025-06-19 12:00:00+00:00,89382.82379806261
2025-06-19 16:00:00+00:00,89458.73416248996
2025-06-19 20:00:00+00:00,89475.44184195824
2025-06-20 00:00:00+00:00,89433.48378680166
2025-06-20 04:00:00+00:00,89452.33165076883
2025-06-20 08:00:00+00:00,89380.03065830373
2025-06-20 12:00:00+00:00,89209.81864931858
2025-06-20 16:00:00+00:00,89291.98192050474
2025-06-20 20:00:00+00:00,89399.58503749546
2025-06-21 00:00:00+00:00,89172.94386436504
2025-06-21 04:00:00+00:00,88885.39204580006
2025-06-21 08:00:00+00:00,88921.27260323822
2025-06-21 12:00:00+00:00,89016.99761244471
2025-06-21 16:00:00+00:00,88978.5261146803
2025-06-21 20:00:00+00:00,89057.06382916485
2025-06-22 00:00:00+00:00,89275.6403244964
2025-06-22 04:00:00+00:00,89355.88224707739
2025-06-22 08:00:00+00:00,89164.78673495217
2025-06-22 12:00:00+00:00,88757.56437399203
2025-06-22 16:00:00+00:00,88512.85283083384
2025-06-22 20:00:00+00:00,88930.58576411063
2025-06-23 00:00:00+00:00,89154.36166367798
2025-06-23 04:00:00+00:00,89265.26821109447
2025-06-23 08:00:00+00:00,89090.89334555497
2025-06-23 12:00:00+00:00,88971.89506746025
2025-06-23 16:00:00+00:00,89162.47521602522
2025-06-23 20:00:00+00:00,89768.31669475345
2025-06-24 00:00:00+00:00,89715.9413035242
2025-06-24 04:00:00+00:00,89729.15589923218
2025-06-24 08:00:00+00:00,89696.1111390339
2025-06-24 12:00:00+00:00,89227.50049474645
2025-06-24 16:00:00+00:00,89096.56336852792
2025-06-24 20:00:00+00:00,89165.19165473506
2025-06-25 00:00:00+00:00,89181.68427440248
2025-06-25 04:00:00+00:00,89236.70709853753
2025-06-25 08:00:00+00:00,89263.4545885985
2025-06-25 12:00:00+00:00,89143.34656025725
2025-06-25 16:00:00+00:00,89088.97178614764
2025-06-25 20:00:00+00:00,88918.47632795383
2025-06-26 00:00:00+00:00,89056.12222720691
2025-06-26 04:00:00+00:00,88896.09918880684
2025-06-26 08:00:00+00:00,88946.50444467476
2025-06-26 12:00:00+00:00,88956.09923966987
2025-06-26 16:00:00+00:00,88712.92794206021
2025-06-26 20:00:00+00:00,88776.24805120786
2025-06-27 00:00:00+00:00,88729.95180876233
2025-06-27 04:00:00+00:00,88830.0987106346
2025-06-27 08:00:00+00:00,88971.2324522887
2025-06-27 12:00:00+00:00,88997.47292013413
2025-06-27 16:00:00+00:00,88899.07472177727
2025-06-27 20:00:00+00:00,88863.90969386158
2025-06-28 00:00:00+00:00,88885.88954207505
2025-06-28 04:00:00+00:00,89086.00607559002
2025-06-28 08:00:00+00:00,89023.77499383866
2025-06-28 12:00:00+00:00,89042.77039575111
2025-06-28 16:00:00+00:00,88860.59027191614
2025-06-28 20:00:00+00:00,88971.07902965668
2025-06-29 00:00:00+00:00,88992.38102913348
2025-06-29 04:00:00+00:00,88859.62319673803
2025-06-29 08:00:00+00:00,89079.76052907293
2025-06-29 12:00:00+00:00,88845.4902027585
2025-06-29 16:00:00+00:00,88603.42181820793
2025-06-29 20:00:00+00:00,88788.27783634573
2025-06-30 00:00:00+00:00,88763.14336399836
2025-06-30 04:00:00+00:00,88516.0712036127
2025-06-30 08:00:00+00:00,88630.82933851879
2025-06-30 12:00:00+00:00,88699.65157581665
2025-06-30 16:00:00+00:00,88874.55514091472
2025-06-30 20:00:00+00:00,88819.283383089
2025-07-01 00:00:00+00:00,88926.73656346396
2025-07-01 04:00:00+00:00,88835.91822227812
2025-07-01 08:00:00+00:00,88819.84886095866
2025-07-01 12:00:00+00:00,88720.08845183514
2025-07-01 16:00:00+00:00,88553.97739489775
2025-07-01 20:00:00+00:00,88629.96909014549
2025-07-02 00:00:00+00:00,88853.34746706185
2025-07-02 04:00:00+00:00,88980.6469248224
2025-07-02 08:00:00+00:00,89028.50325016049
2025-07-02 12:00:00+00:00,89156.17188571377
2025-07-02 16:00:00+00:00,89104.67486123058
2025-07-02 20:00:00+00:00,88989.71940038963
2025-07-03 00:00:00+00:00,88885.33086372398
2025-07-03 04:00:00+00:00,89147.0943936853
2025-07-03 08:00:00+00:00,89299.34916040236
2025-07-03 12:00:00+00:00,89249.58627059821
2025-07-03 16:00:00+00:00,89259.25548144963
2025-07-03 20:00:00+00:00,89303.16424195208
2025-07-04 00:00:00+00:00,89330.35846831193
2025-07-04 04:00:00+00:00,89349.90566896868
2025-07-04 08:00:00+00:00,89334.54966892899
2025-07-04 12:00:00+00:00,89310.24296124156
2025-07-04 16:00:00+00:00,89689.99752392346
2025-07-04 20:00:00+00:00,89694.18626472456
2025-07-05 00:00:00+00:00,89604.0512939084
2025-07-05 04:00:00+00:00,89508.7806008192
2025-07-05 08:00:00+00:00,89577.05197121027
2025-07-05 12:00:00+00:00,89614.60238539484
2025-07-05 16:00:00+00:00,89595.91782343732
2025-07-05 20:00:00+00:00,89626.92546820974
2025-07-06 00:00:00+00:00,89537.85395302802
2025-07-06 04:00:00+00:00,89431.6964116763
2025-07-06 08:00:00+00:00,89426.6964116763
2025-07-06 12:00:00+00:00,89382.34036329706
2025-07-06 16:00:00+00:00,89391.27005138804
2025-07-06 20:00:00+00:00,89389.24500048997
2025-07-07 00:00:00+00:00,89410.62984389797
2025-07-07 04:00:00+00:00,89462.45411382892
2025-07-07 08:00:00+00:00,89330.13597156489
2025-07-07 12:00:00+00:00,89253.35264850363
2025-07-07 16:00:00+00:00,89350.23594555863
2025-07-07 20:00:00+00:00,89411.22190028586
2025-07-08 00:00:00+00:00,89431.44092907825
2025-07-08 04:00:00+00:00,89344.76139694035
2025-07-08 08:00:00+00:00,89321.21274467383
2025-07-08 12:00:00+00:00,89239.40370520925
2025-07-08 16:00:00+00:00,89160.75650985375
2025-07-08 20:00:00+00:00,89151.44053189887
2025-07-09 00:00:00+00:00,89051.45089153606
2025-07-09 04:00:00+00:00,89003.43337978779
2025-07-09 08:00:00+00:00,88799.23776797671
2025-07-09 12:00:00+00:00,88719.6065387231
2025-07-09 16:00:00+00:00,89049.94639315453
2025-07-09 20:00:00+00:00,89269.07606599295
2025-07-10 00:00:00+00:00,89447.52024292406
2025-07-10 04:00:00+00:00,89416.3818813286
2025-07-10 08:00:00+00:00,89343.71047364215
2025-07-10 12:00:00+00:00,89313.69571017892
2025-07-10 16:00:00+00:00,89150.17871658305
2025-07-10 20:00:00+00:00,89318.52515511191
2025-07-11 00:00:00+00:00,89125.62412772408
2025-07-11 04:00:00+00:00,89219.65579672142
2025-07-11 08:00:00+00:00,89272.64613505572
2025-07-11 12:00:00+00:00,89216.83020786742
2025-07-11 16:00:00+00:00,89101.01784962781
2025-07-11 20:00:00+00:00,89119.46526822985
2025-07-12 00:00:00+00:00,89011.96748308449
2025-07-12 04:00:00+00:00,89208.6634521447
2025-07-12 08:00:00+00:00,89198.01314740279
2025-07-12 12:00:00+00:00,89560.9643000851
2025-07-12 16:00:00+00:00,89600.28112390067
2025-07-12 20:00:00+00:00,89578.82219816573
2025-07-13 00:00:00+00:00,89513.0872854591
2025-07-13 04:00:00+00:00,89227.71955853251
2025-07-13 08:00:00+00:00,89222.85201060046
2025-07-13 12:00:00+00:00,88999.1215705231
2025-07-13 16:00:00+00:00,88990.66958882436
2025-07-13 20:00:00+00:00,89061.59646660504
2025-07-14 00:00:00+00:00,88539.56695050617
2025-07-14 04:00:00+00:00,88327.42912808564
2025-07-14 08:00:00+00:00,88463.3495500317
2025-07-14 12:00:00+00:00,88545.10393786809
2025-07-14 16:00:00+00:00,88705.70225870119
2025-07-14 20:00:00+00:00,88800.59357135155
2025-07-15 00:00:00+00:00,88724.96129367338
2025-07-15 04:00:00+00:00,88691.30990466726
2025-07-15 08:00:00+00:00,88381.8986282606
2025-07-15 12:00:00+00:00,88334.70454532882
2025-07-15 16:00:00+00:00,88314.8233293222
2025-07-15 20:00:00+00:00,88175.50752167424
2025-07-16 00:00:00+00:00,88173.95870210543
2025-07-16 04:00:00+00:00,88023.65948705302
2025-07-16 08:00:00+00:00,88034.51615516683
2025-07-16 12:00:00+00:00,87958.65326241752
2025-07-16 16:00:00+00:00,87876.2053268083
2025-07-16 20:00:00+00:00,87890.84202772369
2025-07-17 00:00:00+00:00,87880.60630528131
2025-07-17 04:00:00+00:00,87703.36778270386
2025-07-17 08:00:00+00:00,87482.28114724532
2025-07-17 12:00:00+00:00,87505.16038328556
2025-07-17 16:00:00+00:00,87542.28712573113
2025-07-17 20:00:00+00:00,87161.79021367712
2025-07-18 00:00:00+00:00,86792.09987380917
2025-07-18 04:00:00+00:00,86870.85991225323
2025-07-18 08:00:00+00:00,86867.94123424837
2025-07-18 12:00:00+00:00,86833.76328045326
2025-07-18 16:00:00+00:00,86836.82219281686
2025-07-18 20:00:00+00:00,86817.36497675814
2025-07-19 00:00:00+00:00,86842.20989551551
2025-07-19 04:00:00+00:00,86728.37200587029
2025-07-19 08:00:00+00:00,86634.66831819316
2025-07-19 12:00:00+00:00,86678.6771389702
2025-07-19 16:00:00+00:00,86137.08521264416
2025-07-19 20:00:00+00:00,86096.40154129325
2025-07-20 00:00:00+00:00,85822.59262198504
2025-07-20 04:00:00+00:00,85864.79238960828
2025-07-20 08:00:00+00:00,85922.93143401788
2025-07-20 12:00:00+00:00,86044.88041812187
2025-07-20 16:00:00+00:00,85831.22915587694
2025-07-20 20:00:00+00:00,85689.76406799568
2025-07-21 00:00:00+00:00,85818.31817524727
2025-07-21 04:00:00+00:00,85484.76058596565
2025-07-21 08:00:00+00:00,85516.12116606098
2025-07-21 12:00:00+00:00,85641.52398415435
2025-07-21 16:00:00+00:00,85793.12267854006
2025-07-21 20:00:00+00:00,85750.50635059606
2025-07-22 00:00:00+00:00,85345.23118227812
2025-07-22 04:00:00+00:00,85428.5619442009
2025-07-22 08:00:00+00:00,85298.87661973204
2025-07-22 12:00:00+00:00,85296.38723072804
2025-07-22 16:00:00+00:00,85217.05098959465
2025-07-22 20:00:00+00:00,85055.9075188026
2025-07-23 00:00:00+00:00,85114.34811521218
2025-07-23 04:00:00+00:00,85179.59174403755
2025-07-23 08:00:00+00:00,85203.33425066994
2025-07-23 12:00:00+00:00,85269.24761134251
2025-07-23 16:00:00+00:00,85222.68460251471
2025-07-23 20:00:00+00:00,84861.57204491101
2025-07-24 00:00:00+00:00,84880.61890669614
2025-07-24 04:00:00+00:00,84671.9542383367
2025-07-24 08:00:00+00:00,84738.92105885685
2025-07-24 12:00:00+00:00,84757.61908127535
2025-07-24 16:00:00+00:00,84548.83407863304
2025-07-24 20:00:00+00:00,84645.20628203278
2025-07-25 00:00:00+00:00,84418.12217829
2025-07-25 04:00:00+00:00,84520.5779848829
2025-07-25 08:00:00+00:00,84471.56717197057
2025-07-25 12:00:00+00:00,84397.38464653015
2025-07-25 16:00:00+00:00,84464.10072215895
2025-07-25 20:00:00+00:00,84566.04314482538
2025-07-26 00:00:00+00:00,84662.32853345237
2025-07-26 04:00:00+00:00,84580.2211920984
2025-07-26 08:00:00+00:00,84591.82689717063
2025-07-26 12:00:00+00:00,84608.72825073473
2025-07-26 16:00:00+00:00,84580.1416081697
2025-07-26 20:00:00+00:00,84488.35604133933
2025-07-27 00:00:00+00:00,84433.90561763974
2025-07-27 04:00:00+00:00,84480.68071670739
2025-07-27 08:00:00+00:00,84600.02028964902
2025-07-27 12:00:00+00:00,84313.28359527729
2025-07-27 16:00:00+00:00,84278.03609131009
2025-07-27 20:00:00+00:00,84058.67795276239
2025-07-28 00:00:00+00:00,83797.8306518496
2025-07-28 04:00:00+00:00,83937.41417319702
2025-07-28 08:00:00+00:00,84023.65463692682
2025-07-28 12:00:00+00:00,84195.79390462277
2025-07-28 16:00:00+00:00,84215.93860189973
2025-07-28 20:00:00+00:00,84200.17492189171
2025-07-29 00:00:00+00:00,84250.36049691658
2025-07-29 04:00:00+00:00,84307.69232894642
2025-07-29 08:00:00+00:00,84238.81356235742
2025-07-29 12:00:00+00:00,84747.6860890224
2025-07-29 16:00:00+00:00,84594.9064880205
2025-07-29 20:00:00+00:00,84410.69761821312
2025-07-30 00:00:00+00:00,84361.12960401246
2025-07-30 04:00:00+00:00,84356.77487323797
2025-07-30 08:00:00+00:00,84304.75686021632
2025-07-30 12:00:00+00:00,84534.06922954747
2025-07-30 16:00:00+00:00,84582.92040519459
2025-07-30 20:00:00+00:00,84647.43495252768
2025-07-31 00:00:00+00:00,84502.99899266267
2025-07-31 04:00:00+00:00,84328.26208461936
2025-07-31 08:00:00+00:00,84281.74151440278
2025-07-31 12:00:00+00:00,84173.64772071384
2025-07-31 16:00:00+00:00,84173.79563701549
2025-07-31 20:00:00+00:00,84186.04485662673
2025-08-01 00:00:00+00:00,84194.21729386537
2025-08-01 04:00:00+00:00,84233.22303795564
2025-08-01 08:00:00+00:00,84252.83761430308
2025-08-01 12:00:00+00:00,84178.8569008496
2025-08-01 16:00:00+00:00,84122.0004275607
2025-08-01 20:00:00+00:00,84072.86887758425
2025-08-02 00:00:00+00:00,84076.69530277542
2025-08-02 04:00:00+00:00,84082.22886469825
2025-08-02 08:00:00+00:00,84063.264796808
2025-08-02 12:00:00+00:00,84078.5158069382
2025-08-02 16:00:00+00:00,84005.31232585867
2025-08-02 20:00:00+00:00,84065.28525546554
2025-08-03 00:00:00+00:00,84074.97809099183
2025-08-03 04:00:00+00:00,84136.44083989093
2025-08-03 08:00:00+00:00,84120.9686234674
2025-08-03 12:00:00+00:00,84106.39132464395
2025-08-03 16:00:00+00:00,84069.07344978504
2025-08-03 20:00:00+00:00,84013.14557495771
2025-08-04 00:00:00+00:00,84099.44611985503
2025-08-04 04:00:00+00:00,84074.4697993543
2025-08-04 08:00:00+00:00,84072.13215558436
2025-08-04 12:00:00+00:00,84117.6111679249
2025-08-04 16:00:00+00:00,84102.89483867298
2025-08-04 20:00:00+00:00,84206.6403676366
2025-08-05 00:00:00+00:00,84089.86067631755
2025-08-05 04:00:00+00:00,84092.51236298397
2025-08-05 08:00:00+00:00,84092.51236298397
2025-08-05 12:00:00+00:00,84092.51236298397
2025-08-05 16:00:00+00:00,84092.51236298397
2025-08-05 20:00:00+00:00,84092.51236298397
2025-08-06 00:00:00+00:00,84092.51236298397
2025-08-06 04:00:00+00:00,84092.51236298397
2025-08-06 08:00:00+00:00,84092.51236298397
2025-08-06 12:00:00+00:00,84087.51236298397
2025-08-06 16:00:00+00:00,84107.61549319199
2025-08-06 20:00:00+00:00,84064.50012414997
2025-08-07 00:00:00+00:00,84110.8391727609
2025-08-07 04:00:00+00:00,84158.46053451415
2025-08-07 08:00:00+00:00,84244.75428703867
2025-08-07 12:00:00+00:00,84258.68298564249
2025-08-07 16:00:00+00:00,84229.56985050149
2025-08-07 20:00:00+00:00,84338.55157259884
2025-08-08 00:00:00+00:00,84311.90092973424
2025-08-08 04:00:00+00:00,84326.5841366028
2025-08-08 08:00:00+00:00,84329.90049158466
2025-08-08 12:00:00+00:00,84282.10171171499
2025-08-08 16:00:00+00:00,84249.67479755402
2025-08-08 20:00:00+00:00,84281.04281436701
2025-08-09 00:00:00+00:00,84237.65700114456
2025-08-09 04:00:00+00:00,84320.3803404926
2025-08-09 08:00:00+00:00,84328.7817444747
2025-08-09 12:00:00+00:00,84342.52328005813
2025-08-09 16:00:00+00:00,84337.7185198458
2025-08-09 20:00:00+00:00,84250.30557728795
2025-08-10 00:00:00+00:00,84347.25616707378
2025-08-10 04:00:00+00:00,84258.84579075585
2025-08-10 08:00:00+00:00,84270.89564091506
2025-08-10 12:00:00+00:00,84274.12245739393
2025-08-10 16:00:00+00:00,84275.88757543828
2025-08-10 20:00:00+00:00,84302.8552730111
2025-08-11 00:00:00+00:00,84304.97921027993
2025-08-11 04:00:00+00:00,84343.03109956782
2025-08-11 08:00:00+00:00,84323.97617684583
2025-08-11 12:00:00+00:00,84297.36729849748
2025-08-11 16:00:00+00:00,84297.25649926819
2025-08-11 20:00:00+00:00,84312.00814783786
2025-08-12 00:00:00+00:00,84295.73940121902
2025-08-12 04:00:00+00:00,84295.24336122864
2025-08-12 08:00:00+00:00,84320.44594075711
2025-08-12 12:00:00+00:00,84315.77833844499
2025-08-12 16:00:00+00:00,84325.7241417185
2025-08-12 20:00:00+00:00,84353.6140755646
2025-08-13 00:00:00+00:00,84357.85951247721
2025-08-13 04:00:00+00:00,84328.61646450854
2025-08-13 08:00:00+00:00,84244.4012786793
2025-08-13 12:00:00+00:00,84225.8077600961
2025-08-13 16:00:00+00:00,84205.21714498286
2025-08-13 20:00:00+00:00,84289.54031601382
2025-08-14 00:00:00+00:00,84152.49904740178
2025-08-14 04:00:00+00:00,84228.39363108693
2025-08-14 08:00:00+00:00,84249.69791327798
2025-08-14 12:00:00+00:00,84351.44113728464
2025-08-14 16:00:00+00:00,84270.8984339491
2025-08-14 20:00:00+00:00,84403.76180947713
2025-08-15 00:00:00+00:00,84320.60858008105
2025-08-15 04:00:00+00:00,84256.90428042912
2025-08-15 08:00:00+00:00,84326.98906850384
2025-08-15 12:00:00+00:00,84334.50378224025
2025-08-15 16:00:00+00:00,84353.56250297622
2025-08-15 20:00:00+00:00,84340.4414894824
2025-08-16 00:00:00+00:00,84336.98838613291
2025-08-16 04:00:00+00:00,84319.80135836446
2025-08-16 08:00:00+00:00,84337.29875390173
2025-08-16 12:00:00+00:00,84196.85778493443
2025-08-16 16:00:00+00:00,84262.69750523925
2025-08-16 20:00:00+00:00,84280.89203666364
2025-08-17 00:00:00+00:00,84263.77007010464
2025-08-17 04:00:00+00:00,84259.44462759221
2025-08-17 08:00:00+00:00,84235.71557382586
2025-08-17 12:00:00+00:00,84032.89170932081
2025-08-17 16:00:00+00:00,84091.92237250596
2025-08-17 20:00:00+00:00,84080.4967704049
2025-08-18 00:00:00+00:00,84145.06534999506
2025-08-18 04:00:00+00:00,84185.56947483792
2025-08-18 08:00:00+00:00,84197.43384834279
2025-08-18 12:00:00+00:00,84151.84290443397
2025-08-18 16:00:00+00:00,84180.46939442243
2025-08-18 20:00:00+00:00,84141.23611911293
2025-08-19 00:00:00+00:00,84272.58380684743
2025-08-19 04:00:00+00:00,84291.98774493914
2025-08-19 08:00:00+00:00,84268.0255409297
2025-08-19 12:00:00+00:00,84290.16340588982
2025-08-19 16:00:00+00:00,84305.24173681582
2025-08-19 20:00:00+00:00,84361.4024319267
2025-08-20 00:00:00+00:00,84363.60490421184
2025-08-20 04:00:00+00:00,84341.37986569224
2025-08-20 08:00:00+00:00,84339.11025829923
2025-08-20 12:00:00+00:00,84343.7749177255
2025-08-20 16:00:00+00:00,84375.0168454378
2025-08-20 20:00:00+00:00,84407.10090987172
2025-08-21 00:00:00+00:00,84382.75938203596
2025-08-21 04:00:00+00:00,84411.04852919208
2025-08-21 08:00:00+00:00,84406.7215231101
2025-08-21 12:00:00+00:00,84375.79602773192
2025-08-21 16:00:00+00:00,84403.21092184252
2025-08-21 20:00:00+00:00,84412.64561903782
2025-08-22 00:00:00+00:00,84413.50114297034
2025-08-22 04:00:00+00:00,84484.08737931291
2025-08-22 08:00:00+00:00,84442.74200295107
2025-08-22 12:00:00+00:00,84696.69758952143
2025-08-22 16:00:00+00:00,84190.25032464396
2025-08-22 20:00:00+00:00,84559.63705699936
2025-08-23 00:00:00+00:00,84362.61424553677
2025-08-23 04:00:00+00:00,84694.45802254442
2025-08-23 08:00:00+00:00,84573.80534095496
2025-08-23 12:00:00+00:00,84408.2406504827
2025-08-23 16:00:00+00:00,84555.43817697941
2025-08-23 20:00:00+00:00,84510.00955301241
2025-08-24 00:00:00+00:00,84921.07672547257
2025-08-24 04:00:00+00:00,84644.54227405126
2025-08-24 08:00:00+00:00,84721.04229607101
2025-08-24 12:00:00+00:00,84651.39582507066
2025-08-24 16:00:00+00:00,84670.00818639291
2025-08-24 20:00:00+00:00,84716.30930335204
2025-08-25 00:00:00+00:00,85061.3839810819
2025-08-25 04:00:00+00:00,85048.92765974207
2025-08-25 08:00:00+00:00,84936.43648395318
2025-08-25 12:00:00+00:00,84998.66539143267
2025-08-25 16:00:00+00:00,85069.60174771235
2025-08-25 20:00:00+00:00,85147.08126284493
2025-08-26 00:00:00+00:00,85136.56840921412
2025-08-26 04:00:00+00:00,85187.74019462625
2025-08-26 08:00:00+00:00,85212.34206582271
2025-08-26 12:00:00+00:00,85133.73761530187
2025-08-26 16:00:00+00:00,85161.63713093923
2025-08-26 20:00:00+00:00,85081.06293005444
2025-08-27 00:00:00+00:00,85241.35324654276
2025-08-27 04:00:00+00:00,85351.82520933045
2025-08-27 08:00:00+00:00,85352.99302220585
2025-08-27 12:00:00+00:00,85378.37542191589
2025-08-27 16:00:00+00:00,85256.05489978254
2025-08-27 20:00:00+00:00,85330.86355856824
2025-08-28 00:00:00+00:00,85320.03752115797
2025-08-28 04:00:00+00:00,85315.36880576813
2025-08-28 08:00:00+00:00,85209.21419612327
2025-08-28 12:00:00+00:00,85207.6883412853
2025-08-28 16:00:00+00:00,85346.02301425522
2025-08-28 20:00:00+00:00,85214.71698371724
2025-08-29 00:00:00+00:00,85214.48102962413
2025-08-29 04:00:00+00:00,85257.93285762881
2025-08-29 08:00:00+00:00,85325.40463491144
2025-08-29 12:00:00+00:00,85491.27347790574
2025-08-29 16:00:00+00:00,85456.96103313644
2025-08-29 20:00:00+00:00,85515.6438340463
2025-08-30 00:00:00+00:00,85449.36310373229
2025-08-30 04:00:00+00:00,85569.27044155609
2025-08-30 08:00:00+00:00,85569.27044155609
2025-08-30 12:00:00+00:00,85569.27044155609
2025-08-30 16:00:00+00:00,85569.27044155609
2025-08-30 20:00:00+00:00,85564.27044155609
2025-08-31 00:00:00+00:00,85555.08945400149
2025-08-31 04:00:00+00:00,85552.67314725176
2025-08-31 08:00:00+00:00,85544.69480751178
2025-08-31 12:00:00+00:00,85535.16892473811
2025-08-31 16:00:00+00:00,85522.62622448556
2025-08-31 20:00:00+00:00,85550.47513076704
2025-09-01 00:00:00+00:00,85571.7136994429
2025-09-01 04:00:00+00:00,85492.76196672481
2025-09-01 08:00:00+00:00,85531.83540615233
2025-09-01 12:00:00+00:00,85560.6597819016
2025-09-01 16:00:00+00:00,85587.03285236491
2025-09-01 20:00:00+00:00,85681.31440352181
2025-09-02 00:00:00+00:00,85624.25543668694
2025-09-02 04:00:00+00:00,85627.49278018017
2025-09-02 08:00:00+00:00,85577.54539831549
2025-09-02 12:00:00+00:00,85589.36260219554
2025-09-02 16:00:00+00:00,85590.29079804383
2025-09-02 20:00:00+00:00,85527.76415685595
2025-09-03 00:00:00+00:00,85482.85842961156
2025-09-03 04:00:00+00:00,85425.02156963905
2025-09-03 08:00:00+00:00,85411.41248554345
2025-09-03 12:00:00+00:00,85371.8928448715
2025-09-03 16:00:00+00:00,85377.07145954018
2025-09-03 20:00:00+00:00,85404.57367521401
2025-09-04 00:00:00+00:00,85361.82703815612
2025-09-04 04:00:00+00:00,85324.00935895208
2025-09-04 08:00:00+00:00,85324.78008875626
2025-09-04 12:00:00+00:00,85327.02812992378
2025-09-04 16:00:00+00:00,85326.53050559292
2025-09-04 20:00:00+00:00,85322.3075287312
2025-09-05 00:00:00+00:00,85329.14739916929
2025-09-05 04:00:00+00:00,85323.89662409131
2025-09-05 08:00:00+00:00,85328.60118822266
2025-09-05 12:00:00+00:00,85325.86526645144
2025-09-05 16:00:00+00:00,85316.34980647216
2025-09-05 20:00:00+00:00,85300.52616824472
2025-09-06 00:00:00+00:00,85262.64625259633
2025-09-06 04:00:00+00:00,85295.99590456494
2025-09-06 08:00:00+00:00,85277.5193625058
2025-09-06 12:00:00+00:00,85275.74431270274
2025-09-06 16:00:00+00:00,85263.7378245242
2025-09-06 20:00:00+00:00,85293.78092797981
2025-09-07 00:00:00+00:00,85253.74034235446
2025-09-07 04:00:00+00:00,85242.60809842528
2025-09-07 08:00:00+00:00,85229.66795767397
2025-09-07 12:00:00+00:00,85166.89191779017
2025-09-07 16:00:00+00:00,85115.9949028348
2025-09-07 20:00:00+00:00,85089.57739578754
2025-09-08 00:00:00+00:00,85152.05525813144
2025-09-08 04:00:00+00:00,85157.08969500956
2025-09-08 08:00:00+00:00,85170.32824127113
2025-09-08 12:00:00+00:00,85098.95362486992
2025-09-08 16:00:00+00:00,85049.58259224369
2025-09-08 20:00:00+00:00,84960.85899730901
2025-09-09 00:00:00+00:00,85124.62981635252
2025-09-09 04:00:00+00:00,85213.41014613729
2025-09-09 08:00:00+00:00,85176.63766242184
2025-09-09 12:00:00+00:00,85102.57556937166
2025-09-09 16:00:00+00:00,85088.7325651963
2025-09-09 20:00:00+00:00,85126.65683927694
2025-09-10 00:00:00+00:00,85245.24148457168
2025-09-10 04:00:00+00:00,85335.19439467457
2025-09-10 08:00:00+00:00,85353.799292298
2025-09-10 12:00:00+00:00,85524.04716994277
2025-09-10 16:00:00+00:00,85697.93139240559
2025-09-10 20:00:00+00:00,85831.05895110105
2025-09-11 00:00:00+00:00,85531.15750801156
2025-09-11 04:00:00+00:00,85550.7862399418
2025-09-11 08:00:00+00:00,85531.30116613925
2025-09-11 12:00:00+00:00,85446.86556901678
2025-09-11 16:00:00+00:00,85428.09038301291
2025-09-11 20:00:00+00:00,85511.73718775739
2025-09-12 00:00:00+00:00,85408.57972049713
2025-09-12 04:00:00+00:00,85470.99880140653
2025-09-12 08:00:00+00:00,85472.35370230355
2025-09-12 12:00:00+00:00,85572.4943858852
2025-09-12 16:00:00+00:00,85637.003265583
2025-09-12 20:00:00+00:00,85711.29265051801
2025-09-13 00:00:00+00:00,85594.83822351809
2025-09-13 04:00:00+00:00,85667.22594302961
2025-09-13 08:00:00+00:00,85753.35804036396
2025-09-13 12:00:00+00:00,85641.09008085135
2025-09-13 16:00:00+00:00,85760.40096210715
2025-09-13 20:00:00+00:00,85701.03325352652
2025-09-14 00:00:00+00:00,85362.33427556019
2025-09-14 04:00:00+00:00,85402.19615956243
2025-09-14 08:00:00+00:00,85402.19615956243
2025-09-14 12:00:00+00:00,85402.19615956243
2025-09-14 16:00:00+00:00,85402.19615956243
2025-09-14 20:00:00+00:00,85402.19615956243
2025-09-15 00:00:00+00:00,85392.19615956243
2025-09-15 04:00:00+00:00,85375.82564955029
2025-09-15 08:00:00+00:00,85369.10655110434
2025-09-15 12:00:00+00:00,85389.52056158846
2025-09-15 16:00:00+00:00,85427.28681507272
2025-09-15 20:00:00+00:00,85433.05940926402
2025-09-16 00:00:00+00:00,85407.2660844151
2025-09-16 04:00:00+00:00,85388.21859037926
2025-09-16 08:00:00+00:00,85447.57951160247
2025-09-16 12:00:00+00:00,85580.022166891
2025-09-16 16:00:00+00:00,85748.28778262704
2025-09-16 20:00:00+00:00,85544.64603804462
2025-09-17 00:00:00+00:00,85599.82641195288
2025-09-17 04:00:00+00:00,85523.6338596759
2025-09-17 08:00:00+00:00,85577.65964721581
2025-09-17 12:00:00+00:00,85720.53644159132
2025-09-17 16:00:00+00:00,85768.350803545
2025-09-17 20:00:00+00:00,85612.17621334025
2025-09-18 00:00:00+00:00,85485.4428382129
2025-09-18 04:00:00+00:00,85414.26991666941
2025-09-18 08:00:00+00:00,85667.10487187176
2025-09-18 12:00:00+00:00,85623.7884611581
2025-09-18 16:00:00+00:00,85522.26776808595
2025-09-18 20:00:00+00:00,85448.67657140932
2025-09-19 00:00:00+00:00,85370.31664591846
2025-09-19 04:00:00+00:00,85336.83222969838
2025-09-19 08:00:00+00:00,85369.59166150284
2025-09-19 12:00:00+00:00,85408.56767123456
2025-09-19 16:00:00+00:00,85394.30087779868
2025-09-19 20:00:00+00:00,85416.93903413737
2025-09-20 00:00:00+00:00,85466.17810005874
2025-09-20 04:00:00+00:00,85465.62529874596
2025-09-20 08:00:00+00:00,85489.88136206419
2025-09-20 12:00:00+00:00,85503.73050255342
2025-09-20 16:00:00+00:00,85531.06237730205
2025-09-20 20:00:00+00:00,85517.6184981745
2025-09-21 00:00:00+00:00,85508.76208994938
2025-09-21 04:00:00+00:00,85486.13028666485
2025-09-21 08:00:00+00:00,85493.14892972358
2025-09-21 12:00:00+00:00,85526.00124817384
2025-09-21 16:00:00+00:00,85511.5460212938
2025-09-21 20:00:00+00:00,85514.82376732059
2025-09-22 00:00:00+00:00,85530.56647738775
2025-09-22 04:00:00+00:00,85509.01448699304
2025-09-22 08:00:00+00:00,85491.36217704524
2025-09-22 12:00:00+00:00,85524.67871562557
2025-09-22 16:00:00+00:00,85470.5310839861
2025-09-22 20:00:00+00:00,85484.30053592725
2025-09-23 00:00:00+00:00,85482.21797627659
2025-09-23 04:00:00+00:00,85467.91639101357
2025-09-23 08:00:00+00:00,85590.94818062664
2025-09-23 12:00:00+00:00,85569.99752396216
2025-09-23 16:00:00+00:00,85579.8881101397
2025-09-23 20:00:00+00:00,85592.3928839316
2025-09-24 00:00:00+00:00,85556.5921048799
2025-09-24 04:00:00+00:00,85447.12370485312
2025-09-24 08:00:00+00:00,85448.78620243179
2025-09-24 12:00:00+00:00,85450.96946450701
2025-09-24 16:00:00+00:00,85448.91118541933
2025-09-24 20:00:00+00:00,85398.19285006695
2025-09-25 00:00:00+00:00,85467.4731039756
2025-09-25 04:00:00+00:00,85455.7798487724
2025-09-25 08:00:00+00:00,85464.46110859921
2025-09-25 12:00:00+00:00,85445.26456762674
2025-09-25 16:00:00+00:00,85531.30983264814
2025-09-25 20:00:00+00:00,85531.19549676422
2025-09-26 00:00:00+00:00,85511.50037324113
2025-09-26 04:00:00+00:00,85608.7949980362
2025-09-26 08:00:00+00:00,85682.60700428169
2025-09-26 12:00:00+00:00,85668.63761372035
2025-09-26 16:00:00+00:00,85704.88605962598
2025-09-26 20:00:00+00:00,85718.38417371543
2025-09-27 00:00:00+00:00,85661.20680449707
2025-09-27 04:00:00+00:00,85569.88666242911
2025-09-27 08:00:00+00:00,85480.14117716496
2025-09-27 12:00:00+00:00,85473.93892083873
2025-09-27 16:00:00+00:00,85554.86287842625
2025-09-27 20:00:00+00:00,85653.46940870509
2025-09-28 00:00:00+00:00,85550.74063061229
2025-09-28 04:00:00+00:00,85617.87054294096
2025-09-28 08:00:00+00:00,85563.20807027869
2025-09-28 12:00:00+00:00,85600.8195321136
2025-09-28 16:00:00+00:00,85696.7928434708
2025-09-28 20:00:00+00:00,85706.5402944863
2025-09-29 00:00:00+00:00,85673.19264464836
2025-09-29 04:00:00+00:00,85530.24351402304
2025-09-29 08:00:00+00:00,85530.24351402304
2025-09-29 12:00:00+00:00,85530.24351402304
2025-09-29 16:00:00+00:00,85515.24351402304
2025-09-29 20:00:00+00:00,85468.69914691195
2025-09-30 00:00:00+00:00,85532.93005766721
2025-09-30 04:00:00+00:00,85544.88455999584
2025-09-30 08:00:00+00:00,85598.57045305186
2025-09-30 12:00:00+00:00,85592.59057647728
2025-09-30 16:00:00+00:00,85499.66357715311
2025-09-30 20:00:00+00:00,85439.28682633703
2025-10-01 00:00:00+00:00,85427.19249124857
2025-10-01 04:00:00+00:00,85461.06781231485
2025-10-01 08:00:00+00:00,85483.2515891655
2025-10-01 12:00:00+00:00,85488.9586064269
2025-10-01 16:00:00+00:00,85375.80503110078
2025-10-01 20:00:00+00:00,85303.39491724806
2025-10-02 00:00:00+00:00,85276.35708119744
2025-10-02 04:00:00+00:00,85294.64270938572
2025-10-02 08:00:00+00:00,85279.44623515093
2025-10-02 12:00:00+00:00,85252.19988186478
2025-10-02 16:00:00+00:00,85175.08513678767
2025-10-02 20:00:00+00:00,85120.60950644391
2025-10-03 00:00:00+00:00,85171.1046297776
2025-10-03 04:00:00+00:00,85145.99979557196
2025-10-03 08:00:00+00:00,85157.6908107354
2025-10-03 12:00:00+00:00,85100.44484374828
2025-10-03 16:00:00+00:00,85029.41077766947
2025-10-03 20:00:00+00:00,85071.55940375864
2025-10-04 00:00:00+00:00,85136.52417574343
2025-10-04 04:00:00+00:00,85135.21556980448
2025-10-04 08:00:00+00:00,85204.69952018773
2025-10-04 12:00:00+00:00,85278.55544065738
2025-10-04 16:00:00+00:00,85260.28443828644
2025-10-04 20:00:00+00:00,85212.86252884511
2025-10-05 00:00:00+00:00,85314.32481661908
2025-10-05 04:00:00+00:00,85325.8190375724
2025-10-05 08:00:00+00:00,85291.46517883788
2025-10-05 12:00:00+00:00,85273.30621728768
2025-10-05 16:00:00+00:00,85201.61638075157
2025-10-05 20:00:00+00:00,85207.18067668026
2025-10-06 00:00:00+00:00,85263.57563543017
2025-10-06 04:00:00+00:00,85243.80995352766
2025-10-06 08:00:00+00:00,85274.8065629512
2025-10-06 12:00:00+00:00,85185.62210685038
2025-10-06 16:00:00+00:00,85214.3515880681
2025-10-06 20:00:00+00:00,85302.61963663383
2025-10-07 00:00:00+00:00,85523.20909488322
2025-10-07 04:00:00+00:00,85307.41967615526
2025-10-07 08:00:00+00:00,85298.70537622923
2025-10-07 12:00:00+00:00,85159.58921090358
2025-10-07 16:00:00+00:00,85024.05161152898
2025-10-07 20:00:00+00:00,85009.16463244807
2025-10-08 00:00:00+00:00,85047.66818668682
2025-10-08 04:00:00+00:00,85037.58766309542
2025-10-08 08:00:00+00:00,84970.53037870594
2025-10-08 12:00:00+00:00,84871.89349939565
2025-10-08 16:00:00+00:00,84974.23745439344
2025-10-08 20:00:00+00:00,84886.5696558953
2025-10-09 00:00:00+00:00,84837.79773318674
2025-10-09 04:00:00+00:00,84928.76395253582
2025-10-09 08:00:00+00:00,84928.76395253582
2025-10-09 12:00:00+00:00,84923.76395253582
2025-10-09 16:00:00+00:00,84940.23330251877
2025-10-09 20:00:00+00:00,84869.256341904
2025-10-10 00:00:00+00:00,84832.49424319313
2025-10-10 04:00:00+00:00,84874.4137136449
2025-10-10 08:00:00+00:00,84880.30864348012
2025-10-10 12:00:00+00:00,84903.08001001546
2025-10-10 16:00:00+00:00,84997.39407638878
2025-10-10 20:00:00+00:00,85301.14222981028
2025-10-11 00:00:00+00:00,85530.59916109477
2025-10-11 04:00:00+00:00,85567.8713398049
2025-10-11 08:00:00+00:00,85569.116138496
2025-10-11 12:00:00+00:00,85593.51610936869
2025-10-11 16:00:00+00:00,85639.79524776628
2025-10-11 20:00:00+00:00,85561.29040082525
2025-10-12 00:00:00+00:00,85437.16385046949
2025-10-12 04:00:00+00:00,85326.89744464817
2025-10-12 08:00:00+00:00,85326.81980639031
2025-10-12 12:00:00+00:00,85257.4818312366
2025-10-12 16:00:00+00:00,85355.56813507545
2025-10-12 20:00:00+00:00,85331.90218164811
2025-10-13 00:00:00+00:00,85352.56589615477
2025-10-13 04:00:00+00:00,85221.23054288035
2025-10-13 08:00:00+00:00,85529.85153341801
2025-10-13 12:00:00+00:00,85651.76049166947
2025-10-13 16:00:00+00:00,85352.26770740135
2025-10-13 20:00:00+00:00,85377.25047446937
2025-10-14 00:00:00+00:00,85702.00208932548
2025-10-14 04:00:00+00:00,85741.73710667215
2025-10-14 08:00:00+00:00,85560.47518959302
2025-10-14 12:00:00+00:00,85995.6945853495
2025-10-14 16:00:00+00:00,86194.95338648449
2025-10-14 20:00:00+00:00,86476.35396552717
2025-10-15 00:00:00+00:00,86431.932699496
2025-10-15 04:00:00+00:00,86599.70556419954
2025-10-15 08:00:00+00:00,86500.7029822367
2025-10-15 12:00:00+00:00,85687.61956096349
2025-10-15 16:00:00+00:00,86411.82425156637
2025-10-15 20:00:00+00:00,86627.33352746234
2025-10-16 00:00:00+00:00,86789.8966318136
2025-10-16 04:00:00+00:00,86718.655742232
2025-10-16 08:00:00+00:00,86847.10709974325
2025-10-16 12:00:00+00:00,86568.85073215047
2025-10-16 16:00:00+00:00,86589.11574373947
2025-10-16 20:00:00+00:00,86510.12391743164
2025-10-17 00:00:00+00:00,86494.08346146616
2025-10-17 04:00:00+00:00,86337.87073398364
2025-10-17 08:00:00+00:00,86076.00597687166
2025-10-17 12:00:00+00:00,86175.32123699816
2025-10-17 16:00:00+00:00,85990.15599708346
2025-10-17 20:00:00+00:00,86067.65872664697
2025-10-18 00:00:00+00:00,86281.68913101264
2025-10-18 04:00:00+00:00,86268.3002742629
2025-10-18 08:00:00+00:00,86434.69890437248
2025-10-18 12:00:00+00:00,86303.28407083164
2025-10-18 16:00:00+00:00,86510.59878670034
2025-10-18 20:00:00+00:00,86430.99297199056
2025-10-19 00:00:00+00:00,86539.7431523629
2025-10-19 04:00:00+00:00,86391.11268223668
2025-10-19 08:00:00+00:00,86439.80906230166
2025-10-19 12:00:00+00:00,86355.57690711744
2025-10-19 16:00:00+00:00,86446.68847701355
2025-10-19 20:00:00+00:00,86416.50433963649
2025-10-20 00:00:00+00:00,86414.81258168061
2025-10-20 04:00:00+00:00,86091.29475436211
2025-10-20 08:00:00+00:00,86115.38246172189
2025-10-20 12:00:00+00:00,86244.167289489
2025-10-20 16:00:00+00:00,86245.00497265455
2025-10-20 20:00:00+00:00,86207.2915622185
2025-10-21 00:00:00+00:00,86388.16293962994
2025-10-21 04:00:00+00:00,86429.32619526665
2025-10-21 08:00:00+00:00,86230.80190525936
2025-10-21 12:00:00+00:00,85902.67100236486
2025-10-21 16:00:00+00:00,85930.85715782024
2025-10-21 20:00:00+00:00,86253.02262493395
2025-10-22 00:00:00+00:00,86053.55608682455
2025-10-22 04:00:00+00:00,86001.15929401666
2025-10-22 08:00:00+00:00,86534.73450551907
2025-10-22 12:00:00+00:00,86261.16347533002
2025-10-22 16:00:00+00:00,86395.36957468884
2025-10-22 20:00:00+00:00,86037.4302787423
2025-10-23 00:00:00+00:00,86125.18205063106
2025-10-23 04:00:00+00:00,86106.44242866279
2025-10-23 08:00:00+00:00,86247.36783439948
2025-10-23 12:00:00+00:00,87218.77737406705
2025-10-23 16:00:00+00:00,87228.40771007295
