pair,leg1,leg2,direction,entry_date,exit_date,hedge,qty1,qty2,entry_price1,entry_price2,exit_price1,exit_price2,entry_z,exit_z,exit_reason,gross_pnl,costs,net_pnl,holding_bars
SOLUSDT-ADAUSDT,SOLUSDT,ADAUSDT,-1,2024-06-27 08:00:00+00:00,2024-06-27 12:00:00+00:00,1.271714778044926,-14.529014174590449,7839.359587011833,139.05,0.3801,147.77,0.3862,2.575268004871361,4.458218539086346,stop_divergence,-78.87291012165656,10.1745130970832,-89.04742321873977,1
WLDUSDT-1000SATSUSDT,WLDUSDT,1000SATSUSDT,1,2024-06-27 08:00:00+00:00,2024-06-27 16:00:00+00:00,0.8066519625973891,1124.4404878482148,-9549168.567220105,2.783,0.0001959,2.79,0.0001992,-4.103160503615726,-4.062023055872379,stop_divergence,-23.641172856888698,10.039383339686765,-33.68055619657546,2
JUPUSDT-VETUSDT,JUPUSDT,VETUSDT,-1,2024-06-27 12:00:00+00:00,2024-06-28 16:00:00+00:00,1.2707957924807527,-2003.9622502619425,124830.20422856211,0.8599,0.02625,0.7997,0.02648,4.38363475788249,0.32798052066448685,target,149.3494744383384,9.908072419506802,139.4414020188316,7
RUNEUSDT-ETCUSDT,RUNEUSDT,ETCUSDT,1,2024-06-26 16:00:00+00:00,2024-07-01 00:00:00+00:00,1.6045596141095075,370.19723247197464,-145.51143537653212,4.116,23.89,4.246,23.84,-2.0577275584120387,-0.4745549995095146,target,55.401211990183704,10.040850068452531,45.360361921731176,26
ETHFIUSDT-ETCUSDT,ETHFIUSDT,ETCUSDT,1,2024-06-26 16:00:00+00:00,2024-07-01 04:00:00+00:00,1.3537460832073918,453.08324192518484,-147.69299414930933,3.248,23.89,3.124,23.86,-2.0119720622686867,-2.253057911563639,screen_failed,-51.75153217424352,9.939386888176799,-61.69091906242032,27
LINKUSDT-BOMEUSDT,LINKUSDT,BOMEUSDT,1,2024-06-27 12:00:00+00:00,2024-07-01 04:00:00+00:00,0.5761848149947251,266.1240816224981,-119885.44795793413,14.091,0.010427,14.386,0.01001,-3.245663880950779,-1.1013954139352937,screen_failed,128.49883587709553,10.028514372280178,118.47032150481535,22
ALGOUSDT-ICPUSDT,ALGOUSDT,ICPUSDT,-1,2024-06-27 12:00:00+00:00,2024-07-01 04:00:00+00:00,0.7991085129548323,-20303.0878878973,256.2477494033014,0.1428,8.198,0.148,8.303,2.112406269853582,2.6658452380671,screen_failed,-78.67004332971885,10.132482070704413,-88.80252540042326,22
WLDUSDT-1000SATSUSDT,WLDUSDT,1000SATSUSDT,1,2024-06-28 16:00:00+00:00,2024-07-01 04:00:00+00:00,0.8066519625973891,1139.0724561726709,-9757340.865498127,2.744,0.0001921,2.359,0.0001883,-3.027135806532963,-3.6961101791891053,screen_failed,-401.46500033758554,9.524379209084628,-410.9893795466702,15
TAOUSDT-VETUSDT,TAOUSDT,VETUSDT,1,2024-06-28 20:00:00+00:00,2024-07-01 04:00:00+00:00,1.2597100414121003,6.755787355536385,-119653.78649083285,268.1,0.02665,278.3,0.02712,-2.5551764231732124,-1.546345358218088,screen_failed,12.671751375779834,10.125146310677163,2.5466050651026713,14
OPUSDT-VETUSDT,OPUSDT,VETUSDT,1,2024-06-28 20:00:00+00:00,2024-07-01 04:00:00+00:00,1.074599192244118,1245.3223090954302,-105841.87463726068,1.75,0.02665,1.831,0.02712,-2.5574436741989075,-1.1842552776489208,screen_failed,51.125425957217466,10.150616788116242,40.97480916910122,14
HBARUSDT-ETHFIUSDT,HBARUSDT,ETHFIUSDT,-1,2024-06-30 00:00:00+00:00,2024-07-01 04:00:00+00:00,0.7397393379239495,-42006.50499815189,619.3406961596476,0.0758,2.932,0.0771,3.124,2.3186094417848855,0.9731639736905402,screen_failed,64.30495716505516,10.17352187016025,54.13143529489491,7
SOLUSDT-ADAUSDT,SOLUSDT,ADAUSDT,-1,2024-06-30 12:00:00+00:00,2024-07-01 04:00:00+00:00,1.271714778044926,-13.123670727322358,8050.756438927123,143.83,0.3866,148.3,0.3981,2.34668641825917,1.9300948018183988,screen_failed,33.92089089653107,10.151246507198794,23.769644389332278,4
ARBUSDT-ALGOUSDT,ARBUSDT,ALGOUSDT,1,2024-06-30 16:00:00+00:00,2024-07-01 04:00:00+00:00,1.0975087246884598,3063.361750168323,-18015.60648157258,0.7918,0.1429,0.807,0.148,-2.3622105909795157,-3.0973860333228047,screen_failed,-45.31649445346122,10.138442691658579,-55.45493714511979,3
HBARUSDT-RUNEUSDT,HBARUSDT,RUNEUSDT,1,2024-07-01 00:00:00+00:00,2024-07-01 04:00:00+00:00,0.6338293007848278,43260.00239641074,-393.0710823072004,0.077,4.246,0.0771,4.193,-2.0616780157648393,-1.5299360809823572,screen_failed,25.158767601923145,9.98349323287736,15.175274369045786,1
DOGEUSDT-ADAUSDT,DOGEUSDT,ADAUSDT,1,2024-07-01 12:00:00+00:00,2024-07-02 08:00:00+00:00,1.5075501278770813,15651.289108869276,-7553.832025630294,0.12472,0.4035,0.12414,0.4156,-2.3972236278682444,-4.007328963992693,stop_divergence,-100.4791151932707,10.082323619826983,-110.56143881309768,5
RUNEUSDT-ARKMUSDT,RUNEUSDT,ARKMUSDT,-1,2024-07-01 20:00:00+00:00,2024-07-03 12:00:00+00:00,1.045309778505321,-689.7868334031738,1375.8901954644161,4.117,1.57,3.947,1.661,2.018586951723649,0.42182037748209894,target,242.46976946580133,10.007942246108723,232.46182721969262,10
JUPUSDT-VETUSDT,JUPUSDT,VETUSDT,-1,2024-07-02 00:00:00+00:00,2024-07-04 04:00:00+00:00,1.2442362152736608,-2010.7545903184348,122205.16522950173,0.8627,0.02672,0.7933,0.02369,2.7146248267169546,4.197418641637566,stop_divergence,-230.735282077291,9.49017198078651,-240.2254540580775,13
ETHUSDT-XRPUSDT,ETHUSDT,XRPUSDT,1,2024-07-03 04:00:00+00:00,2024-07-04 16:00:00+00:00,1.0812092855139281,0.5991734203099885,-6197.329315178902,3352.2,0.4827,3133.82,0.4409,-2.4047632564682973,-0.4179816973962154,target,128.20087384718303,9.610104143098226,118.5907697040848,9
DOGEUSDT-ADAUSDT,DOGEUSDT,ADAUSDT,1,2024-07-03 08:00:00+00:00,2024-07-05 00:00:00+00:00,1.5075501278770813,15850.257709983573,-7624.843768665504,0.11923,0.4079,0.09416,0.324,-3.5622057712617576,0.21282522502556112,target,242.35843140174728,8.962909647019677,233.3955217547276,10
OPUSDT-ETCUSDT,OPUSDT,ETCUSDT,1,2024-07-03 16:00:00+00:00,2024-07-06 00:00:00+00:00,1.3729274851345474,998.383378670081,-150.76508454237506,1.627,22.39,1.333,20.47,-2.0508197547351346,-4.238464824829131,stop_divergence,-4.055751007643494,9.417006324349636,-13.47275733199313,14
NEARUSDT-ARKMUSDT,NEARUSDT,ARKMUSDT,-1,2024-07-01 08:00:00+00:00,2024-07-06 04:00:00+00:00,0.9662171615654725,-535.5718187258967,1308.3997235187942,5.278,1.661,4.513,1.437,2.0295335266130774,1.259413826244556,screen_failed,116.63090325710095,9.29720602060648,107.33369723649447,29
LINKUSDT-ETCUSDT,LINKUSDT,ETCUSDT,-1,2024-07-01 16:00:00+00:00,2024-07-06 04:00:00+00:00,1.1121423050494486,-135.41578299166554,129.39593411389714,14.468,23.5,12.495,20.7,2.393955971577877,1.2533082748173536,screen_failed,-95.13327567635588,9.370516044638531,-104.50379172099441,27
JUPUSDT-VETUSDT,JUPUSDT,VETUSDT,-1,2024-07-05 04:00:00+00:00,2024-07-06 04:00:00+00:00,1.2442362152736608,-2537.312478524186,152508.75561618592,0.6777,0.02151,0.755,0.02363,2.4905854671016248,2.0815280414890465,screen_failed,127.1843073163945,10.519452816496234,116.66485449989825,6
1000SATSUSDT-ARUSDT,1000SATSUSDT,ARUSDT,1,2024-07-05 12:00:00+00:00,2024-07-06 04:00:00+00:00,1.23139926565462,15915161.535024753,-135.1518093034151,0.000122,22.629,0.0001237,22.628,-2.385556923675102,-2.0754657506897525,screen_failed,27.19092641884567,10.026920622800239,17.16400579604543,4
OPUSDT-CAKEUSDT,OPUSDT,CAKEUSDT,1,2024-07-06 08:00:00+00:00,2024-07-07 00:00:00+00:00,1.0522012218118633,1866.7754660205899,-1349.8538365927682,1.366,1.815,1.472,1.826,-2.598823985050933,-0.16275938152336594,target,183.02980719566168,10.212726591600703,172.81708060406098,4
NOTUSDT-CAKEUSDT,NOTUSDT,CAKEUSDT,-1,2024-07-07 00:00:00+00:00,2024-07-07 08:00:00+00:00,1.3363686964401247,-95680.68559650356,1943.855863284231,0.01516,1.826,0.01615,1.802,3.6169237858905996,4.374242167048589,stop_divergence,-141.37641945936025,10.048071338021717,-151.42449079738196,2
SOLUSDT-DOTUSDT,SOLUSDT,DOTUSDT,1,2024-07-07 04:00:00+00:00,2024-07-08 16:00:00+00:00,1.090940254998808,19.293006967969223,-372.8529954651795,139.09,6.213,138.29,5.959,-2.2278466501061582,-0.3078805214435324,target,79.27025527378015,9.889860933577468,69.38039434020268,9
OPUSDT-CAKEUSDT,OPUSDT,CAKEUSDT,-1,2024-07-09 16:00:00+00:00,2024-07-09 20:00:00+00:00,1.0522012218118633,-1491.1224069635057,1449.5531950579802,1.581,1.823,1.619,1.811,3.2951347834923923,4.585866515860419,stop_divergence,-74.05728980530904,10.039268013123918,-84.09655781843296,1
ORDIUSDT-FILUSDT,ORDIUSDT,FILUSDT,1,2024-07-06 20:00:00+00:00,2024-07-10 08:00:00+00:00,1.2250068047997429,63.76969159211694,-769.4558666753339,30.42,3.977,32.17,3.88,-2.2344773879679938,-0.3240750574831856,target,186.23417935371202,10.036959741218698,176.1972196124933,21
LINKUSDT-BCHUSDT,LINKUSDT,BCHUSDT,-1,2024-07-08 04:00:00+00:00,2024-07-10 20:00:00+00:00,0.8172579582985651,-209.7766134241036,7.509787676868916,12.594,314.0,12.79,340.3,2.2687870444804843,0.42105985432827747,target,156.39119967052832,10.238623632132777,146.15257603839555,16
BNBUSDT-LINKUSDT,BNBUSDT,LINKUSDT,1,2024-07-07 08:00:00+00:00,2024-07-11 04:00:00+00:00,0.7315684772772401,6.2873248303155505,-140.34726640324686,508.7,12.837,527.5,12.827,-2.0229618654525443,-0.5982505475746166,screen_failed,119.60517947396485,10.1167982341459,109.48838123981895,23
DOGEUSDT-LINKUSDT,DOGEUSDT,LINKUSDT,1,2024-07-08 04:00:00+00:00,2024-07-11 04:00:00+00:00,1.16124658711156,21960.18023617371,-215.25097762277696,0.10424,12.594,0.10896,12.827,-2.01701809438565,-0.8210045435352745,screen_failed,53.49857292863281,10.153805528500847,43.344767400131964,18
NOTUSDT-CAKEUSDT,NOTUSDT,CAKEUSDT,-1,2024-07-08 08:00:00+00:00,2024-07-11 04:00:00+00:00,1.3363686964401247,-79465.80678485578,2013.697138779978,0.01713,1.807,0.01594,1.881,4.29942454259316,1.9076704743453967,screen_failed,243.57789834369692,10.05444927819574,233.52344906550118,17
VETUSDT-STXUSDT,VETUSDT,STXUSDT,-1,2024-07-08 20:00:00+00:00,2024-07-11 04:00:00+00:00,0.7276326216930293,-116960.20928800422,1566.6423396032365,0.02464,1.352,0.02631,1.651,2.9030153110165546,0.3208199040894005,target,273.10251003040037,10.663749609052335,262.43876042134804,14
ARBUSDT-CAKEUSDT,ARBUSDT,CAKEUSDT,-1,2024-07-09 20:00:00+00:00,2024-07-11 04:00:00+00:00,0.9858117301481975,-3363.347945826468,1441.9383152258652,0.7102,1.811,0.7149,1.881,2.4329708006156947,1.0602630118889411,screen_failed,85.12794672042651,10.116743417411193,75.01120330301531,8
HBARUSDT-STXUSDT,HBARUSDT,STXUSDT,1,2024-07-10 12:00:00+00:00,2024-07-11 04:00:00+00:00,0.6749380814008579,46531.21513960204,-1251.9621632525375,0.0668,1.511,0.067,1.651,-2.2435965125125197,-3.6438114033606044,screen_failed,-165.9684598274347,10.184580945883276,-176.153040773318,4
OPUSDT-CAKEUSDT,OPUSDT,CAKEUSDT,-1,2024-07-10 20:00:00+00:00,2024-07-11 04:00:00+00:00,1.0522012218118633,-1406.0051118492213,1409.1340258745763,1.676,1.876,1.701,1.881,3.572349806373348,3.7339265025471904,screen_failed,-28.104457666857677,10.042195797925604,-38.146653464783284,2
APTUSDT-STXUSDT,APTUSDT,STXUSDT,1,2024-07-11 00:00:00+00:00,2024-07-11 04:00:00+00:00,0.747383716083429,468.03301533021477,-1361.5256210765824,6.11,1.572,6.2,1.651,-2.004664572780795,-2.6121510533260497,screen_failed,-65.4375526853307,10.14968349544477,-75.58723618077548,1
ETCUSDT-STXUSDT,ETCUSDT,STXUSDT,1,2024-07-11 00:00:00+00:00,2024-07-11 04:00:00+00:00,0.557615133011781,166.0842983533483,-977.8259410513282,20.85,1.572,21.08,1.651,-2.4272538765031744,-2.93218878931021,screen_failed,-39.048860721785296,10.115447637964323,-49.16430835974962,1
LINKUSDT-XLMUSDT,LINKUSDT,XLMUSDT,1,2024-07-11 16:00:00+00:00,2024-07-12 08:00:00+00:00,1.4347490469427744,145.69788970204874,-35581.65994524884,12.558,0.0891,12.406,0.0917,-2.638659873181973,-4.345583165331436,stop_divergence,-114.65839509235845,10.070366236622935,-124.72876132898138,4
LINKUSDT-XLMUSDT,LINKUSDT,XLMUSDT,1,2024-07-13 08:00:00+00:00,2024-07-13 12:00:00+00:00,1.4347490469427744,149.5485814069368,-30022.87232867162,13.017,0.1017,13.043,0.1037,-6.073062237756387,-6.133629385969885,stop_divergence,-56.157481540762966,10.063934007773923,-66.2214155485369,1
FILUSDT-ICPUSDT,FILUSDT,ICPUSDT,1,2024-07-13 08:00:00+00:00,2024-07-14 00:00:00+00:00,1.0240809427795072,629.4881158149248,-292.1037779247523,4.188,8.092,4.269,8.878,-2.0461828025510407,-4.656191733623754,stop_divergence,-178.60503206784603,10.280582106829865,-188.88561417467588,4
APTUSDT-ETCUSDT,APTUSDT,ETCUSDT,1,2024-07-13 16:00:00+00:00,2024-07-14 04:00:00+00:00,1.3427502647416207,294.3302380771771,-140.37124052270343,6.3,22.41,6.6,22.36,-2.0437080494568782,0.4196598565364124,target,95.31763344928835,10.081280509397018,85.23635293989133,3
APTUSDT-BCHUSDT,APTUSDT,BCHUSDT,1,2024-07-12 04:00:00+00:00,2024-07-14 08:00:00+00:00,1.0165999123444929,385.0899646124655,-7.692976612314571,5.99,350.1,6.64,375.9,-2.3735312375618065,-0.49765043040350115,target,51.82968040038679,10.44878727359582,41.38089312679097,13
BCHUSDT-ETCUSDT,BCHUSDT,ETCUSDT,-1,2024-07-11 12:00:00+00:00,2024-07-14 12:00:00+00:00,1.3021476063850455,-5.8217765405347714,140.50451266334449,351.3,21.03,368.7,22.39,2.0154723756064152,0.19380490910504075,target,89.78722541684351,10.292385049027452,79.49484036781605,18
LINKUSDT-XLMUSDT,LINKUSDT,XLMUSDT,1,2024-07-14 12:00:00+00:00,2024-07-14 16:00:00+00:00,1.4347490469427744,157.04540824932783,-27902.874517925076,13.271,0.1045,13.248,0.1051,-4.0925646249047345,-4.076002250265654,stop_divergence,-20.35376910048991,10.013129680321022,-30.36689878081093,1
FILUSDT-ICPUSDT,FILUSDT,ICPUSDT,1,2024-07-15 00:00:00+00:00,2024-07-15 08:00:00+00:00,1.0240809427795072,643.0679586498685,-250.99658910364224,4.328,8.832,4.246,9.071,-3.195831428037117,-4.297307504764021,stop_divergence,-112.71975740505937,10.007256612186481,-122.72701401724585,2
RUNEUSDT-BCHUSDT,RUNEUSDT,BCHUSDT,1,2024-07-11 20:00:00+00:00,2024-07-16 04:00:00+00:00,1.1573783662395103,657.0342933824297,-7.800654999679351,3.489,347.1,3.99,376.2,-2.0642165971505593,0.014846255148293788,target,102.17512049392869,10.556173241475266,91.61894725245342,26
1000SATSUSDT-TIAUSDT,1000SATSUSDT,TIAUSDT,-1,2024-07-12 16:00:00+00:00,2024-07-16 04:00:00+00:00,1.0502725725237076,-9837546.198383722,458.76655834515964,0.000216,6.267,0.0002412,6.366,2.0747851196234257,2.4968045313389715,screen_failed,-202.48827492309948,10.293324053475441,-212.7815989765749,21
FETUSDT-ARKMUSDT,FETUSDT,ARKMUSDT,-1,2024-07-15 00:00:00+00:00,2024-07-16 04:00:00+00:00,0.8679565506285042,-2043.5821799131936,1626.7143566178427,1.306,1.433,1.328,1.508,2.210682007654457,1.4202652645565648,screen_failed,77.04476878824784,10.166962384704428,66.8778064035434,7
LINKUSDT-XLMUSDT,LINKUSDT,XLMUSDT,1,2024-07-15 16:00:00+00:00,2024-07-16 04:00:00+00:00,1.4347490469427744,145.9677921196145,-28446.242709532282,14.123,0.1033,13.956,0.1018,-2.1313454826326614,-1.8798350356595397,screen_failed,18.292742780322868,9.932954014651727,8.35978876567114,3
APTUSDT-BCHUSDT,APTUSDT,BCHUSDT,-1,2024-07-17 04:00:00+00:00,2024-07-18 16:00:00+00:00,1.0687124503353342,-318.45360787731624,6.925063804717293,7.32,385.4,6.92,384.4,2.438843442157159,0.1890348869123511,target,120.45637934620932,9.865693493044356,110.59068585316496,9
HBARUSDT-ARUSDT,HBARUSDT,ARUSDT,1,2024-07-16 20:00:00+00:00,2024-07-21 04:00:00+00:00,0.817404380687835,43134.79969751471,-56.403177675537066,0.0766,30.067,0.0737,34.573,-2.6554285817498866,-3.390930028571437,screen_failed,-379.2436377287627,10.129061799483178,-389.37269952824585,26
LTCUSDT-ARUSDT,LTCUSDT,ARUSDT,1,2024-07-17 00:00:00+00:00,2024-07-21 04:00:00+00:00,0.5879451958525564,52.74542939511481,-35.83203238293484,73.48,31.376,72.77,34.573,-2.513450385028071,-2.878629611367006,screen_failed,-152.00426239877459,10.077105752657712,-162.0813681514323,25
APTUSDT-ARUSDT,APTUSDT,ARUSDT,1,2024-07-17 00:00:00+00:00,2024-07-21 04:00:00+00:00,0.8640277084603607,427.7095075730294,-62.57210913537391,7.1,31.376,7.31,34.573,-2.5940211778999873,-3.103373546902863,screen_failed,-110.22403631545419,10.289862029496128,-120.5138983449503,25
BOMEUSDT-ARUSDT,BOMEUSDT,ARUSDT,1,2024-07-17 00:00:00+00:00,2024-07-21 04:00:00+00:00,0.9845854384609268,284019.28720158356,-76.37669537936908,0.009167,31.376,0.009056,34.573,-2.2394517209742038,-2.766384222197657,screen_failed,-275.70243600721864,10.212650154248468,-285.9150861614671,25
ETCUSDT-ARUSDT,ETCUSDT,ARUSDT,1,2024-07-17 00:00:00+00:00,2024-07-21 04:00:00+00:00,0.63628800347447,156.97077518378202,-40.93899003696707,23.67,31.376,23.62,34.573,-2.734871143208677,-2.9945760972374624,screen_failed,-138.7304899073729,10.123033412388994,-148.8535233197619,25
LTCUSDT-APTUSDT,LTCUSDT,APTUSDT,1,2024-07-17 12:00:00+00:00,2024-07-21 04:00:00+00:00,0.6784954552746023,48.41825056554346,-209.4330789508498,72.08,7.21,72.77,7.31,-2.0391494898879663,-1.6049169141633624,screen_failed,12.465284995139971,10.054351900785308,2.4109330943546627,22
APTUSDT-ETCUSDT,APTUSDT,ETCUSDT,-1,2024-07-17 12:00:00+00:00,2024-07-21 04:00:00+00:00,1.3236841275444946,-238.00205407184905,140.58241396155688,7.21,23.36,7.31,23.62,2.024470840990679,1.608135047251273,screen_failed,12.75122222282019,10.06035163303719,2.6908705897829988,22
APTUSDT-BCHUSDT,APTUSDT,BCHUSDT,-1,2024-07-19 20:00:00+00:00,2024-07-21 04:00:00+00:00,1.0687124503353342,-332.8044786218168,6.43997607119945,7.45,391.4,7.31,391.6,2.1351535958467616,1.3037917698221055,screen_failed,47.88062222129473,9.954695368207187,37.925926853087546,8
ORDIUSDT-ATOMUSDT,ORDIUSDT,ATOMUSDT,-1,2024-07-20 00:00:00+00:00,2024-07-21 04:00:00+00:00,1.8431781663717113,-26.63699104084355,599.5325230923039,41.32,6.504,40.32,6.411,2.8996663301679373,2.5339751895581224,screen_failed,-29.119533606740692,9.917606484311573,-39.03714009105226,7
BNBUSDT-ETCUSDT,BNBUSDT,ETCUSDT,-1,2024-07-22 08:00:00+00:00,2024-07-24 00:00:00+00:00,0.9392554428281604,-4.713444426360724,91.9920942051489,600.0,23.61,585.1,23.71,2.051620764982375,0.12275315311163568,target,79.42953137328969,9.93896888746774,69.49056248582195,10
ETHUSDT-BNBUSDT,ETHUSDT,BNBUSDT,1,2024-07-24 16:00:00+00:00,2024-07-25 00:00:00+00:00,0.9771597735499329,0.7136489778091799,-4.4889476651031215,3363.0,579.2,3168.3,556.7,-2.226724493339802,-4.217330489836248,stop_divergence,-37.946133514626965,9.760051221555733,-47.7061847361827,2
HBARUSDT-ATOMUSDT,HBARUSDT,ATOMUSDT,1,2024-07-24 00:00:00+00:00,2024-07-25 04:00:00+00:00,1.0727545435250494,33956.847174107796,-428.84534633740986,0.0682,6.259,0.0656,5.849,-2.0647908891628775,-0.3472999387967679,target,87.53878934565813,9.735885605348983,77.80290374030915,7
FILUSDT-BCHUSDT,FILUSDT,BCHUSDT,-1,2024-07-23 20:00:00+00:00,2024-07-25 16:00:00+00:00,0.9795749470796751,-575.3676484345942,6.648668830078806,4.455,366.5,4.126,352.6,2.060678496372624,0.43985888993078426,target,96.8794595968861,9.718287546926923,87.16117204995916,11
XLMUSDT-VETUSDT,XLMUSDT,VETUSDT,-1,2024-07-24 08:00:00+00:00,2024-07-26 04:00:00+00:00,0.7274847896561892,-26975.494675708804,74506.4769164519,0.1052,0.02902,0.1028,0.028,2.3985373103542247,1.963551005012474,screen_failed,-11.255419233079834,9.859262206323518,-21.114681439403352,11
CAKEUSDT-ATOMUSDT,CAKEUSDT,ATOMUSDT,-1,2024-07-24 20:00:00+00:00,2024-07-26 04:00:00+00:00,1.3082022345531923,-1179.1185540031038,448.1776999160218,1.95,6.026,1.979,6.097,2.1935729169152642,1.8955858403255883,screen_failed,-2.373821372052344,10.066015054760129,-12.439836426812473,8
JASMYUSDT-ATOMUSDT,JASMYUSDT,ATOMUSDT,-1,2024-07-25 00:00:00+00:00,2024-07-26 04:00:00+00:00,1.70748898336036,-46292.12972273224,653.1127798132801,0.02587,5.822,0.02801,6.097,2.0854594118876886,1.865796156430154,screen_failed,80.54085684200527,10.2786711720553,70.26218566994997,7
BNBUSDT-ETCUSDT,BNBUSDT,ETCUSDT,-1,2024-07-25 08:00:00+00:00,2024-07-26 04:00:00+00:00,0.9392554428281604,-5.266273073825262,92.46308605257738,564.4,21.93,579.5,22.6,2.4612745132680187,2.113111611546335,screen_failed,-17.570455759534575,10.141470991069989,-27.71192675060456,5
ETHUSDT-BNBUSDT,ETHUSDT,BNBUSDT,1,2024-07-26 00:00:00+00:00,2024-07-26 04:00:00+00:00,0.9771597735499329,0.688895280617035,-4.787610513071272,3236.21,578.7,3251.0,579.5,-3.989460447054219,-3.61561642557301,screen_failed,6.358672789869123,10.014018849610782,-3.6553460597416585,1
APTUSDT-FILUSDT,APTUSDT,FILUSDT,1,2024-07-26 16:00:00+00:00,2024-07-27 04:00:00+00:00,1.083327703624645,375.7122013869591,-509.62458939033445,6.96,4.68,7.25,4.609,-2.8487760648737073,0.011758467285183809,target,145.13988424893176,10.072773192555506,135.06711105637626,3
BCHUSDT-SANDUSDT,BCHUSDT,SANDUSDT,-1,2024-07-28 12:00:00+00:00,2024-07-28 16:00:00+00:00,1.0133534985311383,-6.105008185070444,7777.78639983771,401.0,0.3281,416.3,0.3284,2.581420965046737,4.035693272131855,stop_divergence,-91.07328931162637,10.09573996115153,-101.16902927277789,1
APTUSDT-ETCUSDT,APTUSDT,ETCUSDT,-1,2024-07-27 04:00:00+00:00,2024-07-29 04:00:00+00:00,1.3369085581112956,-274.2922438549681,131.3293167052543,7.25,22.93,7.05,23.32,2.5441210659388083,0.32787516286590696,target,106.07688228604292,9.996359984744055,96.08052230129886,12
BCHUSDT-SANDUSDT,BCHUSDT,SANDUSDT,-1,2024-07-29 16:00:00+00:00,2024-07-29 20:00:00+00:00,1.0133534985311383,-5.17506283623549,8105.606795824928,444.6,0.333,439.0,0.3279,4.4329696332823785,4.296178200821189,stop_divergence,-12.358242775788217,9.929681053458374,-22.28792382924659,1
BCHUSDT-SANDUSDT,BCHUSDT,SANDUSDT,-1,2024-07-30 20:00:00+00:00,2024-07-31 04:00:00+00:00,1.0133534985311383,-5.397419119985405,8213.665965860479,432.4,0.3246,429.1,0.3292,3.3658192740998136,2.6659599297615966,screen_failed,55.59434653890973,10.019971380347007,45.574375158562724,2
FILUSDT-ETCUSDT,FILUSDT,ETCUSDT,-1,2024-07-26 12:00:00+00:00,2024-07-31 08:00:00+00:00,1.1823842058434424,-429.74964810413576,135.76439521114642,4.495,22.6,4.307,22.39,2.113854462358639,0.39329241455795216,target,52.28241084923654,9.89069654316208,42.39171430607446,29
BNBUSDT-FILUSDT,BNBUSDT,FILUSDT,-1,2024-07-30 20:00:00+00:00,2024-08-05 00:00:00+00:00,0.7254190723988048,-5.990533874904002,340.72651160430775,588.2,4.333,442.0,3.122,2.4425329257054273,-0.4672270466855799,target,463.1962469581486,8.711564141936218,454.4846828162124,31
LDOUSDT-ARKMUSDT,LDOUSDT,ARKMUSDT,-1,2024-08-02 20:00:00+00:00,2024-08-05 00:00:00+00:00,0.9259947162879043,-1665.5732278698733,2367.784827095154,1.451,1.091,1.037,0.858,2.252486254270122,-0.0982460555727589,target,137.85345162495696,8.758758818948701,129.09469280600825,13
ENAUSDT-LINKUSDT,ENAUSDT,LINKUSDT,1,2024-08-03 20:00:00+00:00,2024-08-05 04:00:00+00:00,1.701212189940404,4460.634412613157,-308.54635520993855,0.313,11.68,0.251,9.05,-2.234809050979084,2.6865873142878463,screen_failed,534.9175806201224,8.911963752215847,526.0056168679066,8
ETHUSDT-CAKEUSDT,ETHUSDT,CAKEUSDT,1,2024-08-06 04:00:00+00:00,2024-08-07 20:00:00+00:00,0.8768666652999235,1.1117603240870073,-1452.3976708111215,2523.41,1.511,2342.8,1.469,-2.2491871714044276,-4.013580659703517,stop_divergence,-139.79432995928718,9.738204265692579,-149.53253422497977,10
TAOUSDT-INJUSDT,TAOUSDT,INJUSDT,-1,2024-08-05 08:00:00+00:00,2024-08-10 04:00:00+00:00,1.176598510259244,-11.588520113057331,196.25734708463412,190.3,14.24,293.7,17.81,2.1007044465078044,2.0873867361578915,screen_failed,-497.6142505979843,11.898891708782273,-509.5131423067666,29
TAOUSDT-CFXUSDT,TAOUSDT,CFXUSDT,-1,2024-08-06 04:00:00+00:00,2024-08-10 04:00:00+00:00,1.1700759006335548,-8.278818520748292,22980.11464913078,259.2,0.1242,293.7,0.1375,2.0209351043936326,1.4435321780939905,screen_failed,20.01628586762348,10.591254763799256,9.425031103824224,24
APTUSDT-FILUSDT,APTUSDT,FILUSDT,-1,2024-08-10 12:00:00+00:00,2024-08-10 16:00:00+00:00,1.1199641772139095,-354.3171068519767,739.845440152761,6.25,3.765,6.31,3.789,4.188592136381864,4.1024139217762015,stop_divergence,-3.5027358474521826,10.039015316974785,-13.541751164426968,1
OMUSDT-ICPUSDT,OMUSDT,ICPUSDT,-1,2024-08-10 20:00:00+00:00,2024-08-12 00:00:00+00:00,0.8182134394304952,-2440.2043280123244,322.9662433180439,1.0745,7.363,0.9619,6.954,2.0247380908721486,0.25268044573966075,target,142.6738138171076,9.593139799148732,133.08067401795887,7
PENDLEUSDT-VETUSDT,PENDLEUSDT,VETUSDT,1,2024-08-10 16:00:00+00:00,2024-08-12 08:00:00+00:00,1.6853694851833707,457.9476844984201,-160335.15951381213,2.589,0.02379,2.768,0.02344,-2.050621101321577,-0.3005265700779977,target,138.0899413550513,10.025855329695382,128.06408602535592,10
LINKUSDT-CAKEUSDT,LINKUSDT,CAKEUSDT,1,2024-08-11 04:00:00+00:00,2024-08-12 08:00:00+00:00,1.0725393088049155,209.29725361394614,-1680.439578232067,10.73,1.639,10.64,1.579,-2.0579065038646407,-0.214516846170093,target,81.989621868669,9.880336872480822,72.10928499618818,7
APTUSDT-FILUSDT,APTUSDT,FILUSDT,-1,2024-08-11 16:00:00+00:00,2024-08-12 08:00:00+00:00,1.1199641772139095,-374.84546899742,788.4137135976185,5.87,3.551,6.67,3.745,3.4146287666678874,5.1570538164556705,stop_divergence,-146.924114759998,10.452828635635871,-157.37694339563387,4
PEOPLEUSDT-ARUSDT,PEOPLEUSDT,ARUSDT,-1,2024-08-13 00:00:00+00:00,2024-08-13 16:00:00+00:00,0.9412897677238533,-44165.35407648456,116.43203906132904,0.05893,20.59,0.05771,21.86,2.0027507509541103,0.20562571158996154,target,201.75042158119925,10.093986957634577,191.65643462356468,4
APTUSDT-FILUSDT,APTUSDT,FILUSDT,-1,2024-08-13 08:00:00+00:00,2024-08-13 16:00:00+00:00,1.1199641772139095,-335.1419116889991,803.2521570206679,6.25,3.617,6.92,3.716,3.4336941593214507,4.861085665139406,stop_divergence,-145.02311728658304,10.304067044376676,-155.3271843309597,2
GALAUSDT-CAKEUSDT,GALAUSDT,CAKEUSDT,1,2024-08-10 04:00:00+00:00,2024-08-15 04:00:00+00:00,1.2742807667020095,121703.9175415386,-1872.860700444963,0.0168,1.578,0.01664,1.575,-2.0696458102041317,-1.4152207603951712,screen_failed,-13.854044705311123,9.97490879109202,-23.828953496403145,30
BNBUSDT-JASMYUSDT,BNBUSDT,JASMYUSDT,-1,2024-08-10 16:00:00+00:00,2024-08-15 04:00:00+00:00,0.4978551176620273,-7.637302150294293,46380.40118023568,522.9,0.0217,517.3,0.01982,2.108133716432576,2.3386131484127386,screen_failed,-44.42626217719486,9.87003595373951,-54.29629813093437,27
HBARUSDT-ALGOUSDT,HBARUSDT,ALGOUSDT,1,2024-08-10 16:00:00+00:00,2024-08-15 04:00:00+00:00,0.9821017538096107,45921.46097592632,-19883.560617313644,0.0561,0.1219,0.0532,0.1187,-2.3045654790397023,-2.3542879565327612,screen_failed,-69.54484285478276,9.80320036919441,-79.34804322397717,27
NOTUSDT-TIAUSDT,NOTUSDT,TIAUSDT,1,2024-08-10 20:00:00+00:00,2024-08-15 04:00:00+00:00,1.0539935865743186,206896.62448235817,-428.745655625685,0.01199,5.876,0.01111,5.602,-2.009873864688329,-1.6266277442950152,screen_failed,-64.59271990303762,9.700454660814087,-74.29317456385171,26
LINKUSDT-LTCUSDT,LINKUSDT,LTCUSDT,1,2024-08-12 00:00:00+00:00,2024-08-15 04:00:00+00:00,1.4112199008656496,169.78837625090023,-54.47402402571911,10.07,60.4,10.34,63.98,-2.2494809947765138,-3.2814236628643796,screen_failed,-149.17414442433133,10.240859867599816,-159.41500429193115,19
XRPUSDT-1000SATSUSDT,XRPUSDT,1000SATSUSDT,1,2024-08-12 20:00:00+00:00,2024-08-15 04:00:00+00:00,0.514068661341126,6702.5685854837275,-3694165.1645283955,0.5684,0.0003222,0.5661,0.0002908,-2.0079246344510215,-1.1611561556566143,screen_failed,100.58087841957928,9.868587306087196,90.71229111349209,14
RUNEUSDT-ARUSDT,RUNEUSDT,ARUSDT,-1,2024-08-13 16:00:00+00:00,2024-08-15 04:00:00+00:00,0.880726074884988,-773.4071292864105,100.29881613404983,3.63,21.86,3.643,21.26,2.744808789024862,2.9848893635026736,screen_failed,-70.23358236115294,9.949875003000292,-80.18345736415323,9
LTCUSDT-SANDUSDT,LTCUSDT,SANDUSDT,-1,2024-08-14 00:00:00+00:00,2024-08-15 04:00:00+00:00,0.7255945245258744,-49.71445781939429,6918.757800504965,63.75,0.2646,63.98,0.2556,2.2240603915641515,3.2499729840815936,screen_failed,-73.70314550300527,9.949165505093916,-83.65231100809919,7
CAKEUSDT-ATOMUSDT,CAKEUSDT,ATOMUSDT,-1,2024-08-14 08:00:00+00:00,2024-08-15 04:00:00+00:00,1.059731166152797,-1439.2454293561905,547.0374296545868,1.612,4.899,1.575,4.675,2.387139267995572,3.1316193876596143,screen_failed,-69.2843033564483,9.824211534871194,-79.1085148913195,5
APTUSDT-FILUSDT,APTUSDT,FILUSDT,-1,2024-08-14 16:00:00+00:00,2024-08-15 04:00:00+00:00,1.1199641772139095,-306.4055027141846,823.0165080446518,6.67,3.592,6.6,3.607,3.7258267025507683,3.08530875461369,screen_failed,33.793632810662885,9.990896862430677,23.802735948232208,3
DOTUSDT-OPUSDT,DOTUSDT,OPUSDT,1,2024-08-14 16:00:00+00:00,2024-08-15 04:00:00+00:00,0.8006330494549754,689.8602820860592,-1479.8145538165331,4.382,1.336,4.4,1.317,-2.013452554609671,-1.5338955297237906,screen_failed,40.533961600063854,9.984301008555036,30.549660591508818,3
LINKUSDT-CAKEUSDT,LINKUSDT,CAKEUSDT,1,2024-08-13 08:00:00+00:00,2024-08-17 16:00:00+00:00,1.0725393088049155,218.62524568211188,-1757.928585669208,10.23,1.572,10.13,1.683,-2.156016774449254,-4.971796969500213,stop_divergence,-216.99259757749317,10.173267548441071,-227.16586512593423,26
CAKEUSDT-SANDUSDT,CAKEUSDT,SANDUSDT,-1,2024-08-15 16:00:00+00:00,2024-08-17 16:00:00+00:00,0.9857279458056013,-1734.867601513352,9349.070243128708,1.551,0.247,1.683,0.2496,2.0620534240267645,4.69705754926613,stop_divergence,-204.69494076762808,10.253310106031897,-214.94825087366,12
CAKEUSDT-ETCUSDT,CAKEUSDT,ETCUSDT,-1,2024-08-17 12:00:00+00:00,2024-08-17 16:00:00+00:00,1.1965115087479796,-1321.133917921678,151.72471218463437,1.629,18.77,1.683,18.75,2.519362422790267,4.179055665971199,stop_divergence,-74.3757258114633,10.068306737324079,-84.44403254878738,1
UNIUSDT-ALGOUSDT,UNIUSDT,ALGOUSDT,-1,2024-08-16 16:00:00+00:00,2024-08-18 12:00:00+00:00,1.0441309630425664,-360.59135914123095,22755.87070670108,6.552,0.1159,6.344,0.1203,2.7106436461073526,0.27295569483065185,target,175.12883381086056,10.02512282840811,165.10371098245244,11
PEOPLEUSDT-ARUSDT,PEOPLEUSDT,ARUSDT,1,2024-08-15 12:00:00+00:00,2024-08-18 16:00:00+00:00,0.9056898707786152,47796.21386766118,-111.15168664812182,0.05317,22.12,0.0545,21.27,-2.1160210882905246,-0.42748938979327195,target,158.047898094893,9.969090030793085,148.0788080640999,19
FILUSDT-STXUSDT,FILUSDT,STXUSDT,1,2024-08-13 16:00:00+00:00,2024-08-19 08:00:00+00:00,0.7248649723651156,870.5972055703672,-1134.2292956944182,3.716,1.556,3.593,1.413,-2.388552672040859,-0.37156184436734807,target,55.11133299914644,9.730721754430542,45.3806112447159,34
PEOPLEUSDT-INJUSDT,PEOPLEUSDT,INJUSDT,1,2024-08-15 04:00:00+00:00,2024-08-20 04:00:00+00:00,0.9438783739575162,51384.216801204355,-125.33161852741911,0.05289,18.21,0.05647,18.94,-2.1222274506415992,-0.8796681401733276,screen_failed,92.46341462329559,10.275447577673328,82.18796704562226,30
ADAUSDT-UNIUSDT,ADAUSDT,UNIUSDT,1,2024-08-15 08:00:00+00:00,2024-08-20 04:00:00+00:00,0.837666444004497,8604.816847976523,-334.0540037670533,0.3356,6.323,0.3441,6.385,-2.416788932640102,-0.8792434159400582,screen_failed,52.4295949742434,10.093852291441358,42.33574268280204,29
ADAUSDT-ALGOUSDT,ADAUSDT,ALGOUSDT,1,2024-08-16 00:00:00+00:00,2024-08-20 04:00:00+00:00,0.9019913743966053,8516.930165472757,-19458.46305384314,0.3225,0.1158,0.3441,0.1261,-2.0471636523163816,-2.316961840247827,screen_failed,-16.456477880372518,10.384387861028795,-26.840865741401313,25
OMUSDT-GALAUSDT,OMUSDT,GALAUSDT,1,2024-08-17 08:00:00+00:00,2024-08-20 04:00:00+00:00,0.6039954801359702,3348.870638330715,-126978.67675210041,0.8913,0.01587,0.8947,0.01787,-2.2203013726570395,-2.7943244929521205,screen_failed,-242.57119333387638,10.265343513674523,-252.83653684755092,17
OMUSDT-ICPUSDT,OMUSDT,ICPUSDT,1,2024-08-17 08:00:00+00:00,2024-08-20 04:00:00+00:00,0.7745042209018418,2712.728165056387,-365.5876237413624,0.8913,7.063,0.8947,7.442,-2.4494505169836214,-2.5709985738812056,screen_failed,-129.3344336367846,10.14778098515917,-139.48221462194377,17
PENDLEUSDT-STRKUSDT,PENDLEUSDT,STRKUSDT,-1,2024-08-18 08:00:00+00:00,2024-08-20 04:00:00+00:00,1.1646254305596053,-643.4204134173453,8466.652638294025,2.968,0.365,2.881,0.364,3.345856509658606,2.1464176887991138,screen_failed,47.51092332901513,9.935555771394396,37.57536755762073,11
PENDLEUSDT-ICPUSDT,PENDLEUSDT,ICPUSDT,-1,2024-08-18 12:00:00+00:00,2024-08-20 04:00:00+00:00,1.5612577784709682,-413.7369137235318,509.90867346247876,3.061,7.322,2.881,7.442,2.0682050834482784,0.8260094898441246,screen_failed,135.6616852857333,9.986716396345262,125.67496888938805,10
LINKUSDT-CAKEUSDT,LINKUSDT,CAKEUSDT,1,2024-08-18 16:00:00+00:00,2024-08-20 04:00:00+00:00,1.1195845194807534,210.05757969563624,-1711.63176871603,10.35,1.651,10.51,1.72,-2.440353687458866,-2.7763837299989915,screen_failed,-84.49337929010416,10.151711804792708,-94.64509109489687,9
CAKEUSDT-ETCUSDT,CAKEUSDT,ETCUSDT,-1,2024-08-18 16:00:00+00:00,2024-08-20 04:00:00+00:00,1.1965115087479796,-1206.038038538771,159.19741790330633,1.651,18.9,1.72,19.26,2.2263098195965223,2.5755381882687876,screen_failed,-25.905554213984388,10.140527695104367,-36.046081909088755,9
CAKEUSDT-SANDUSDT,CAKEUSDT,SANDUSDT,-1,2024-08-19 00:00:00+00:00,2024-08-20 04:00:00+00:00,0.9857279458056013,-1572.9754856539564,9448.292529159027,1.65,0.2545,1.72,0.2648,2.340128450343875,2.1735976758141264,screen_failed,-12.790870945439295,10.207425697046116,-22.99829664248541,7
NOTUSDT-ALGOUSDT,NOTUSDT,ALGOUSDT,1,2024-08-19 08:00:00+00:00,2024-08-20 04:00:00+00:00,1.19893127442752,143995.06711975046,-29006.7541145709,0.01051,0.1202,0.01095,0.1261,-2.21694757404121,-2.3739689797924552,screen_failed,-107.78201974327786,10.234497678808658,-118.01651742208651,5
SEIUSDT-ORDIUSDT,SEIUSDT,ORDIUSDT,1,2024-08-19 12:00:00+00:00,2024-08-20 04:00:00+00:00,0.9597224009531227,9207.674884829135,-89.41078714746224,0.2588,29.27,0.2766,30.1,-2.05034459751612,-1.0031922086480374,screen_failed,89.68565961756512,10.238107566282354,79.44755205128277,4
NEARUSDT-PENDLEUSDT,NEARUSDT,PENDLEUSDT,1,2024-08-18 08:00:00+00:00,2024-08-21 08:00:00+00:00,0.7959033751058425,802.2013062772356,-597.0154796295161,4.024,2.968,4.07,2.755,-2.424269651533153,-0.4334340728334153,target,164.06555724984003,9.909736962927667,154.15582028691236,18
ADAUSDT-ETCUSDT,ADAUSDT,ETCUSDT,-1,2024-08-21 04:00:00+00:00,2024-08-21 16:00:00+00:00,1.0473534728946554,-5634.952006871167,155.94825717827402,0.359,19.09,0.3766,19.55,2.9419891152532616,4.103699482060197,stop_divergence,-27.438957018926388,10.17091135362294,-37.60986837254933,3
ETHUSDT-LINKUSDT,ETHUSDT,LINKUSDT,1,2024-08-21 16:00:00+00:00,2024-08-22 00:00:00+00:00,0.9056339481883392,1.0885417134833923,-190.40885473370585,2646.43,11.13,2616.59,11.39,-3.020801885452532,-4.4350173752736435,stop_divergence,-81.98838696110758,10.01702421750042,-92.005411178608,2
ADAUSDT-FILUSDT,ADAUSDT,FILUSDT,-1,2024-08-21 04:00:00+00:00,2024-08-23 00:00:00+00:00,0.9342957193843118,-7462.790487216181,629.8122700378267,0.359,3.685,0.3749,4.006,2.068421377700324,0.11727751091831966,target,83.51136993540501,10.32082810742888,73.19054182797613,11
ARKMUSDT-ARUSDT,ARKMUSDT,ARUSDT,1,2024-08-21 08:00:00+00:00,2024-08-23 00:00:00+00:00,0.9274080303522313,2525.3960768693833,-103.39754933887104,1.021,23.42,1.156,24.6,-2.236673770962533,-0.011744500316533084,target,218.91936215749894,10.462937578597234,208.4564245789017,10
FILUSDT-RAYUSDT,FILUSDT,RAYUSDT,-1,2024-08-21 08:00:00+00:00,2024-08-23 08:00:00+00:00,0.6853919586174896,-876.607977604654,1101.3424686114433,3.671,1.618,4.059,1.691,2.1479776694517048,4.052322973235482,stop_divergence,-259.72589510197076,10.420521895519242,-270.14641699749,12
FETUSDT-ICPUSDT,FETUSDT,ICPUSDT,-1,2024-08-23 00:00:00+00:00,2024-08-23 08:00:00+00:00,1.4468726674163743,-1406.7945348096625,427.4182268649583,1.085,8.127,1.044,8.235,2.0728207884555103,0.4313469447628077,target,103.83974442861103,9.988482592574218,93.85126183603681,2
ENAUSDT-NEARUSDT,ENAUSDT,NEARUSDT,1,2024-08-21 16:00:00+00:00,2024-08-24 04:00:00+00:00,1.1005254935593936,7098.427211315367,-673.2596777319715,0.301,4.253,0.367,4.832,-2.0373167819136797,-0.32407897466004804,target,78.6788425400029,10.858313549353625,67.82052899064928,15
WIFUSDT-VETUSDT,WIFUSDT,VETUSDT,1,2024-08-23 08:00:00+00:00,2024-08-24 04:00:00+00:00,1.9045065786740063,609.6579885370038,-162755.76429381882,1.594,0.02475,1.891,0.0255,-2.051951279975802,-0.460046801099965,target,59.00159937512643,10.303135245815854,48.69846412931058,5
NOTUSDT-VETUSDT,NOTUSDT,VETUSDT,1,2024-08-21 12:00:00+00:00,2024-08-24 20:00:00+00:00,1.1593430145230847,151951.60597184848,-144500.5783964277,0.01051,0.02355,0.01041,0.02596,-2.3363460733301387,-4.187445594087265,stop_divergence,-363.4415545325754,10.333051233338207,-373.77460576591363,20
NOTUSDT-RAYUSDT,NOTUSDT,RAYUSDT,1,2024-08-24 20:00:00+00:00,2024-08-25 00:00:00+00:00,0.7531307305721135,231234.11989466692,-1377.7113772032508,0.01041,1.882,0.00971,1.857,-2.8449002293334806,-4.085913917670196,stop_divergence,-127.42109949618593,9.803693331643652,-137.2247928278296,1
ENAUSDT-INJUSDT,ENAUSDT,INJUSDT,1,2024-08-16 04:00:00+00:00,2024-08-25 04:00:00+00:00,1.1146456704747616,8380.9454083966,-128.8598375085713,0.302,19.16,0.353,21.09,-2.7771722543711674,-0.5962879446030629,screen_failed,178.7287294366839,10.676127702219768,168.05260173446413,54
PEOPLEUSDT-STRKUSDT,PEOPLEUSDT,STRKUSDT,-1,2024-08-20 16:00:00+00:00,2024-08-25 04:00:00+00:00,0.9698896937591397,-44409.29121159093,7009.755265713381,0.05687,0.353,0.07105,0.399,2.167540494524341,2.908350042144531,screen_failed,-307.2750071575437,10.952172491603173,-318.2271796491469,27
RAYUSDT-CFXUSDT,RAYUSDT,CFXUSDT,1,2024-08-20 20:00:00+00:00,2024-08-25 04:00:00+00:00,1.1028774666532994,1390.044361655391,-19038.929762029034,1.674,0.1404,1.789,0.1542,-2.0122106648968963,-1.9452125812559278,screen_failed,-102.88212912563085,10.42259233230637,-113.30472145793722,26
ADAUSDT-SANDUSDT,ADAUSDT,SANDUSDT,-1,2024-08-21 04:00:00+00:00,2024-08-25 04:00:00+00:00,0.847490280601917,-7447.716495430621,8771.75632782959,0.359,0.2652,0.379,0.2909,2.197829341302677,0.4955996012950225,target,76.4798077166079,10.374388467533834,66.10541924907406,24
ORDIUSDT-RAYUSDT,ORDIUSDT,RAYUSDT,-1,2024-08-21 04:00:00+00:00,2024-08-25 04:00:00+00:00,0.9668436327776005,-81.04194518680418,1564.2491610056704,29.81,1.652,34.54,1.789,2.176388004962102,2.6290477753754713,screen_failed,-169.02626567580694,10.59763053579136,-179.6238962115983,24
ADAUSDT-JUPUSDT,ADAUSDT,JUPUSDT,-1,2024-08-21 16:00:00+00:00,2024-08-25 04:00:00+00:00,0.738224920180794,-8056.330492986298,2464.5680535807455,0.3766,0.7977,0.379,0.8702,2.5738367339008597,1.1289937711376516,screen_failed,159.34599070143685,10.198016377067772,149.14797432436907,21
ADAUSDT-ETCUSDT,ADAUSDT,ETCUSDT,-1,2024-08-22 16:00:00+00:00,2024-08-25 04:00:00+00:00,1.0473534728946554,-4750.619290231566,167.31263174121068,0.3703,19.37,0.379,19.96,3.248176812220634,2.0539216557377995,screen_failed,57.38406490229973,10.14004484055233,47.2440200617474,15
ETHUSDT-LINKUSDT,ETHUSDT,LINKUSDT,1,2024-08-23 00:00:00+00:00,2024-08-25 04:00:00+00:00,0.9056339481883392,1.1197432128913483,-177.2206244738767,2635.72,11.56,2743.4,12.06,-3.7089200788911536,-2.5791201939543162,screen_failed,31.963636927202344,10.209184261401077,21.754452665801267,13
FILUSDT-SANDUSDT,FILUSDT,SANDUSDT,-1,2024-08-23 00:00:00+00:00,2024-08-25 04:00:00+00:00,0.8945952854112068,-635.0186898823631,8790.676908844858,4.006,0.2794,4.09,0.2909,2.017606777358245,0.9355374891248621,screen_failed,47.751214501597694,10.154434354401834,37.59678014719586,13
ETCUSDT-RAYUSDT,ETCUSDT,RAYUSDT,-1,2024-08-23 12:00:00+00:00,2024-08-25 04:00:00+00:00,0.599266102440495,-188.61082724383112,691.9673694976422,20.17,1.728,19.96,1.789,2.0232454893397014,0.9198798663504,screen_failed,81.81828326056083,10.00260173581815,71.81568152474269,10
FETUSDT-ICPUSDT,FETUSDT,ICPUSDT,-1,2024-08-24 08:00:00+00:00,2024-08-25 04:00:00+00:00,1.4468726674163743,-1080.8266333357749,423.35495999029484,1.272,8.563,1.177,8.306,3.779933223746095,2.5576503826600505,screen_failed,-6.123694550607809,9.788519245115596,-15.912213795723403,5
FILUSDT-RAYUSDT,FILUSDT,RAYUSDT,-1,2024-08-25 00:00:00+00:00,2024-08-25 04:00:00+00:00,0.6853919586174896,-774.7126901041347,948.263997132263,4.181,1.857,4.09,1.789,2.2699987879235173,2.3253592728769656,screen_failed,6.016902994482464,9.86501919339553,-3.848116198913065,1
OPUSDT-VETUSDT,OPUSDT,VETUSDT,-1,2024-08-22 20:00:00+00:00,2024-08-25 12:00:00+00:00,1.2471737356544446,-1230.3724067640303,130217.06033097037,1.51,0.02413,1.559,0.02553,2.167674867154685,0.462490888565472,target,122.01563653192136,10.242592132394797,111.77304439952657,16
WLDUSDT-ATOMUSDT,WLDUSDT,ATOMUSDT,-1,2024-08-22 20:00:00+00:00,2024-08-26 16:00:00+00:00,1.5282861247119004,-906.9145107456609,750.3550455048138,1.632,4.691,1.672,4.937,2.2239042523671064,0.0738850526625479,target,148.31076076435806,10.22086392162401,138.08989684273405,23
ENAUSDT-NEARUSDT,ENAUSDT,NEARUSDT,1,2024-08-25 12:00:00+00:00,2024-08-27 04:00:00+00:00,1.1595441830001663,5845.159190073818,-588.0586882219421,0.356,4.964,0.306,4.905,-2.0509919484398593,-4.349766772047327,stop_divergence,-257.5624968985961,9.673046577891215,-267.23554347648735,10
JUPUSDT-JASMYUSDT,JUPUSDT,JASMYUSDT,-1,2024-08-26 04:00:00+00:00,2024-08-29 04:00:00+00:00,0.7655433225251757,-3494.535401867008,86923.21867005982,0.8888,0.02179,0.7941,0.0199,2.108411466010016,0.47878073011495126,target,166.64761927039265,9.504782614156781,157.14283665623586,18
PENDLEUSDT-ETCUSDT,PENDLEUSDT,ETCUSDT,-1,2024-08-25 08:00:00+00:00,2024-08-30 04:00:00+00:00,1.8932800202395705,-243.1531961045826,208.3085077568979,3.335,20.11,3.297,18.5,2.0878723648737667,2.71172929779546,screen_failed,-326.13687603663146,9.65538348105942,-335.79225951769087,29
AVAXUSDT-FETUSDT,AVAXUSDT,FETUSDT,1,2024-08-25 16:00:00+00:00,2024-08-30 04:00:00+00:00,0.7387901094108694,127.66436822361287,-1158.6651225359092,26.94,1.347,23.38,1.107,-2.9790936801465633,-1.2971921111875144,screen_failed,-176.40552146744392,9.26743521971532,-185.67295668715923,27
LINKUSDT-SANDUSDT,LINKUSDT,SANDUSDT,-1,2024-08-26 12:00:00+00:00,2024-08-30 04:00:00+00:00,1.1086440020047859,-180.05001764356328,9856.606763615473,12.19,0.2846,11.11,0.256,2.0965564690177905,2.1810677206848585,screen_failed,-87.4449343843543,9.52364702750555,-96.96858141185984,22
OPUSDT-VETUSDT,OPUSDT,VETUSDT,-1,2024-08-26 20:00:00+00:00,2024-08-30 04:00:00+00:00,1.3435232305346358,-1197.5388736612838,134853.6949607783,1.485,0.02389,1.426,0.02242,2.0599222824193695,2.894006869166424,screen_failed,-127.58013804632849,9.731110274861638,-137.31124832119013,20
ENAUSDT-NEARUSDT,ENAUSDT,NEARUSDT,1,2024-08-28 04:00:00+00:00,2024-08-30 04:00:00+00:00,1.1595441830001663,8568.717519336795,-623.770106333274,0.267,4.348,0.242,4.251,-3.277708127920962,-2.9821794560234767,screen_failed,-153.71223766909276,9.725276361702253,-163.437514030795,12
ORDIUSDT-FILUSDT,ORDIUSDT,FILUSDT,1,2024-08-28 16:00:00+00:00,2024-08-30 04:00:00+00:00,1.3736942827442646,56.75114764394596,-951.2446504067004,26.84,3.655,27.5,3.684,-2.3154825199667117,-1.6718859890735434,screen_failed,9.869662583209692,10.065041852306798,-0.19537926909710635,9
PENDLEUSDT-ARKMUSDT,PENDLEUSDT,ARKMUSDT,-1,2024-08-28 20:00:00+00:00,2024-08-30 04:00:00+00:00,1.1591061481804963,-758.3183932740454,2327.526765902794,3.205,1.104,3.297,1.06,2.254878737259502,3.2387884742377904,screen_failed,-172.17646988093526,9.967354114481491,-182.14382399541674,8
NEARUSDT-PENDLEUSDT,NEARUSDT,PENDLEUSDT,1,2024-08-29 04:00:00+00:00,2024-08-30 04:00:00+00:00,0.8453364115152259,643.0508927206397,-651.6161050637858,4.395,3.336,4.251,3.297,-2.1993992779638294,-2.4354218633637013,screen_failed,-67.18630045428417,9.881987643350742,-77.0682880976349,6
ADAUSDT-FILUSDT,ADAUSDT,FILUSDT,-1,2024-08-29 08:00:00+00:00,2024-08-30 04:00:00+00:00,0.8880473983428824,-7452.553368172148,622.3383356935208,0.3606,3.716,0.3555,3.684,2.0054743816719887,1.4733974967164214,screen_failed,18.093195435485224,9.942077151080131,8.151118284405094,5
AVAXUSDT-PEOPLEUSDT,AVAXUSDT,PEOPLEUSDT,1,2024-08-29 16:00:00+00:00,2024-08-30 04:00:00+00:00,0.7816566518535436,130.1660440725005,-28434.057689804536,23.2,0.06964,23.38,0.07346,-2.743584230151741,-3.4091272597257594,screen_failed,-85.18821244200339,10.132047988308102,-95.32026043031149,3
ORDIUSDT-CFXUSDT,ORDIUSDT,CFXUSDT,1,2024-08-29 16:00:00+00:00,2024-09-01 00:00:00+00:00,1.1670522582466167,70.76939951232566,-22479.5117138213,27.23,0.1367,27.37,0.1305,-2.338940696241584,-0.33055333478902377,target,149.2806885574173,9.870534743306033,139.41015381411128,14
ORDIUSDT-INJUSDT,ORDIUSDT,INJUSDT,-1,2024-09-02 08:00:00+00:00,2024-09-02 16:00:00+00:00,0.9643643015485709,-73.36506212565831,169.2077060646152,28.99,16.98,30.75,16.88,2.3827653826296324,4.049394806356557,stop_divergence,-146.0432799476205,10.112201738734697,-156.1554816863552,2
ORDIUSDT-INJUSDT,ORDIUSDT,INJUSDT,-1,2024-09-03 16:00:00+00:00,2024-09-03 20:00:00+00:00,0.9643643015485709,-71.20996784018352,171.57473200812632,31.11,16.23,30.98,15.87,4.103076795141211,4.272972837499027,stop_divergence,-52.509607703701896,9.92897580065785,-62.43858350435975,1
OPUSDT-FILUSDT,OPUSDT,FILUSDT,-1,2024-08-28 16:00:00+00:00,2024-09-04 04:00:00+00:00,1.210150906165328,-1439.4604172383215,811.8965501667551,1.412,3.655,1.335,3.353,2.321626012335912,2.018030986975998,screen_failed,-134.35430602300903,9.64396878972229,-143.99827481273132,39
GALAUSDT-ICPUSDT,GALAUSDT,ICPUSDT,-1,2024-08-30 08:00:00+00:00,2024-09-04 04:00:00+00:00,1.3230248320358162,-92571.73676047569,408.9221668316999,0.01976,7.754,0.0175,7.253,2.3186094399456763,0.7564173825778903,screen_failed,4.342119495993472,9.585917869338644,-5.243798373345172,29
ADAUSDT-OPUSDT,ADAUSDT,OPUSDT,1,2024-08-30 16:00:00+00:00,2024-09-04 04:00:00+00:00,0.7687736865991668,8799.329819744082,-1351.6079636402899,0.3455,1.45,0.3212,1.335,-2.8518301533574535,-2.1073748838326134,screen_failed,-58.38879880114774,9.630741369561587,-68.01954017070933,27
BOMEUSDT-STRKUSDT,BOMEUSDT,STRKUSDT,1,2024-09-01 16:00:00+00:00,2024-09-04 04:00:00+00:00,1.1356633437876216,387006.7376805545,-7240.866470620851,0.005997,0.37,0.005855,0.38,-2.2614312233874663,-2.719521650401788,screen_failed,-127.36362145684723,10.017453707955571,-137.3810751648028,15
ATOMUSDT-STRKUSDT,ATOMUSDT,STRKUSDT,1,2024-09-01 16:00:00+00:00,2024-09-04 04:00:00+00:00,0.7718688432887698,708.158617421011,-4958.191838184003,4.47,0.37,4.043,0.38,-2.539854237604231,-4.725596419011199,stop_divergence,-351.96564802061147,9.747198188743068,-361.71284620935455,15
ORDIUSDT-CFXUSDT,ORDIUSDT,CFXUSDT,-1,2024-09-02 08:00:00+00:00,2024-09-04 04:00:00+00:00,1.1386904004583847,-66.2289750170095,24194.988328805142,28.99,0.1273,30.1,0.1253,2.2423930513941324,2.6730453809123182,screen_failed,-121.90413892649107,10.02512418561127,-131.92926311210235,11
WLDUSDT-ATOMUSDT,WLDUSDT,ATOMUSDT,-1,2024-09-03 16:00:00+00:00,2024-09-04 04:00:00+00:00,1.4011765773869127,-1173.6548965545123,796.2630418143464,1.427,4.176,1.389,4.043,2.5940640472292817,3.028181564247235,screen_failed,-61.30409849223656,9.849498129369621,-71.15359662160618,3
DOTUSDT-JASMYUSDT,DOTUSDT,JASMYUSDT,1,2024-09-06 16:00:00+00:00,2024-09-07 16:00:00+00:00,0.6791896558089148,875.4252699634006,-86934.39322156222,3.926,0.01798,4.116,0.0184,-2.1415381777258773,-0.4764702790502072,target,129.81835613998953,10.2028432464461,119.61551289354342,6
HBARUSDT-JASMYUSDT,HBARUSDT,JASMYUSDT,1,2024-09-06 12:00:00+00:00,2024-09-08 04:00:00+00:00,0.6190555676177237,73703.70708287395,-80626.46236539449,0.0477,0.01841,0.0497,0.01849,-2.3370287064785624,-0.3613360238269044,target,140.95729717651645,10.15385753115498,130.80343964536146,10
LINKUSDT-ICPUSDT,LINKUSDT,ICPUSDT,1,2024-09-09 20:00:00+00:00,2024-09-10 16:00:00+00:00,0.9912910446095112,243.2247792963813,-313.3551424912123,10.53,7.783,10.65,8.397,-2.2973233139952183,-4.6825980926876625,stop_divergence,-163.2130839740383,10.221587031005171,-173.43467100504347,5
ETCUSDT-JASMYUSDT,ETCUSDT,JASMYUSDT,1,2024-09-10 08:00:00+00:00,2024-09-11 04:00:00+00:00,0.5209188921627962,218.02307440280012,-48497.11248053414,18.38,0.02047,18.4,0.01956,-2.241304655166408,-0.3862807572378923,target,48.49283384534186,9.96022808913077,38.53260575621109,5
XRPUSDT-ARKMUSDT,XRPUSDT,ARKMUSDT,1,2024-09-09 12:00:00+00:00,2024-09-12 12:00:00+00:00,0.3256445842167839,8051.4823936735165,-714.675601539962,0.5294,1.032,0.5577,1.05,-2.027324301407436,-0.46232224597287586,target,214.99279091324112,10.240721112568682,204.75206980067244,18
XRPUSDT-SANDUSDT,XRPUSDT,SANDUSDT,1,2024-09-09 12:00:00+00:00,2024-09-12 12:00:00+00:00,0.5734313428793409,6871.582162257676,-5427.029495222254,0.5294,0.251,0.5577,0.2537,-2.0929098892578004,-0.26614458318428375,target,179.8127955547922,10.209118754828989,169.6036767999632,18
XRPUSDT-FILUSDT,XRPUSDT,FILUSDT,1,2024-09-09 16:00:00+00:00,2024-09-12 12:00:00+00:00,0.5363218026583741,6582.96335332523,-401.74159392545397,0.5388,3.617,0.5577,3.6,-2.050355074467363,-0.46861450468652427,target,131.2476144745797,10.117588400281115,121.1300260742986,17
XRPUSDT-DOTUSDT,XRPUSDT,DOTUSDT,1,2024-09-10 00:00:00+00:00,2024-09-12 12:00:00+00:00,0.5855122314816471,6532.180827295291,-356.96687663607344,0.5339,4.237,0.5577,4.219,-2.0354767762076915,0.2157216184040602,target,161.89130746907674,10.149040499910178,151.74226696916656,15
XRPUSDT-JASMYUSDT,XRPUSDT,JASMYUSDT,1,2024-09-10 00:00:00+00:00,2024-09-12 12:00:00+00:00,0.44195781114553373,7622.778705749582,-48321.99735066483,0.5339,0.01925,0.5577,0.01975,-2.123077560062817,-0.4592572980084901,target,157.26113452150707,10.205583131872173,147.0555513896349,15
XRPUSDT-ETCUSDT,XRPUSDT,ETCUSDT,1,2024-09-10 12:00:00+00:00,2024-09-12 12:00:00+00:00,0.9147245492455215,4755.242144707265,-133.11866845314694,0.5361,18.41,0.5577,18.37,-2.274315231376625,-0.0555721111578572,target,108.03797706380246,10.097388483587551,97.94058858021491,12
XRPUSDT-VETUSDT,XRPUSDT,VETUSDT,1,2024-09-10 04:00:00+00:00,2024-09-12 16:00:00+00:00,0.5865262268979539,6592.828600849534,-65988.4117426753,0.5391,0.02191,0.5632,0.02207,-2.071063094812144,0.2421030896802106,target,148.32902340164577,10.169445315159301,138.15957808648648,15
XRPUSDT-BCHUSDT,XRPUSDT,BCHUSDT,1,2024-09-10 12:00:00+00:00,2024-09-12 16:00:00+00:00,0.684427595733919,5880.846482848201,-5.689184479658391,0.5361,324.7,0.5632,333.7,-2.0158449160949785,-0.46476138377323745,target,108.16827936826081,10.21057360000211,97.9577057682587,13
XRPUSDT-INJUSDT,XRPUSDT,INJUSDT,1,2024-09-11 04:00:00+00:00,2024-09-13 08:00:00+00:00,0.33866967087423694,8114.418201706899,-36.64004634057952,0.5336,18.29,0.5628,18.63,-2.5353934469986523,-0.4846566901413101,target,224.48339573404445,10.24939862724564,214.23399710679882,13
XRPUSDT-ADAUSDT,XRPUSDT,ADAUSDT,1,2024-09-09 04:00:00+00:00,2024-09-13 20:00:00+00:00,0.562435118082113,6475.157145689369,-4566.349577891651,0.531,0.342,0.5728,0.3606,-2.092022642299541,-0.4421599300557696,target,185.7274665410308,10.3555956708386,175.3718708701922,28
XRPUSDT-CFXUSDT,XRPUSDT,CFXUSDT,1,2024-09-09 04:00:00+00:00,2024-09-14 00:00:00+00:00,0.4658191714016699,7523.352234418475,-7534.482485185831,0.531,0.1334,0.5773,0.1452,-2.092022017778751,-0.32669155192637384,target,259.42431512838266,10.437238101778767,248.98707702660388,29
ENSUSDT-ETCUSDT,ENSUSDT,ETCUSDT,1,2024-09-09 08:00:00+00:00,2024-09-14 04:00:00+00:00,1.8467938259041377,71.30872518661161,-212.53261682991132,16.38,18.03,17.7,18.64,-2.372036370783164,-1.2586124466676205,screen_failed,-35.51737901991844,10.223772413512572,-45.74115143343101,29
SUIUSDT-ARBUSDT,SUIUSDT,ARBUSDT,-1,2024-09-09 20:00:00+00:00,2024-09-14 04:00:00+00:00,1.1756095547427599,-1566.5569963263522,6677.6369118696975,0.9581,0.524,1.0329,0.5322,2.129632480958495,2.29901088082391,screen_failed,-62.42184064787969,10.171935086002541,-72.59377573388224,26
APTUSDT-ICPUSDT,APTUSDT,ICPUSDT,1,2024-09-10 16:00:00+00:00,2024-09-14 04:00:00+00:00,1.0035507078852337,425.8949332699523,-276.4226354331309,6.29,8.397,6.25,8.579,-2.355322153873033,-2.0814483893525457,screen_failed,-67.34471697962803,10.033273122318032,-77.37799010194607,21
ARKMUSDT-STXUSDT,ARKMUSDT,STXUSDT,1,2024-09-10 20:00:00+00:00,2024-09-14 04:00:00+00:00,1.0157652066248095,2190.0476671836022,-1681.6946866082878,1.046,1.611,1.074,1.613,-2.421749966007802,-1.2137528768476864,screen_failed,57.95794530792434,10.064684724054358,47.89326058386998,20
SUIUSDT-SANDUSDT,SUIUSDT,SANDUSDT,-1,2024-09-12 12:00:00+00:00,2024-09-14 04:00:00+00:00,1.0813686844884998,-1549.5034824133666,13460.220486760452,1.023,0.2537,1.0329,0.2571,2.732458269291285,2.244507495646677,screen_failed,30.424665179093367,10.061104834130877,20.36356034496249,10
SUIUSDT-STRKUSDT,SUIUSDT,STRKUSDT,-1,2024-09-12 12:00:00+00:00,2024-09-14 04:00:00+00:00,0.9682253275474424,-2226.7449907428563,6961.738809386339,1.023,0.391,1.0329,0.4,2.1801244573464906,1.7704027696004387,screen_failed,40.61087387612278,10.084700424692832,30.526173451429948,10
LINKUSDT-ICPUSDT,LINKUSDT,ICPUSDT,1,2024-09-12 12:00:00+00:00,2024-09-14 04:00:00+00:00,0.9912910446095112,276.36424074736647,-248.01966445921985,10.55,8.404,11.4,8.579,-2.710676422502331,-1.1894813278424448,screen_failed,191.50616335489775,10.278313045915626,181.2278503089821,10
NEARUSDT-LDOUSDT,NEARUSDT,LDOUSDT,-1,2024-09-12 16:00:00+00:00,2024-09-14 04:00:00+00:00,0.9415819651071954,-614.0334263108724,2309.148959251695,4.292,1.024,4.213,1.036,2.179067003855148,1.1887422096791902,screen_failed,76.21842818957913,9.979201146832462,66.23922704274666,9
DOTUSDT-ETCUSDT,DOTUSDT,ETCUSDT,-1,2024-09-15 00:00:00+00:00,2024-09-15 12:00:00+00:00,1.3160314027989397,-414.74566699231053,168.67918429502666,4.499,18.58,4.543,18.35,3.005272707447593,4.5700583713700675,stop_divergence,-57.045021735517466,9.979452596959806,-67.02447433247727,3
WLDUSDT-ETCUSDT,WLDUSDT,ETCUSDT,-1,2024-09-15 20:00:00+00:00,2024-09-17 04:00:00+00:00,1.9849655322840274,-506.7388209801222,239.156109856,1.471,17.79,1.425,17.93,2.0051492644260867,0.41254344651882535,target,56.791841144925776,10.010171869614755,46.78166927531102,8
HBARUSDT-DOTUSDT,HBARUSDT,DOTUSDT,1,2024-09-14 16:00:00+00:00,2024-09-17 08:00:00+00:00,1.0404158015760516,48442.70055714875,-569.3003382541515,0.0514,4.409,0.0495,4.173,-2.172149448799592,-0.33024511431736786,target,42.31374876939705,9.773603989113436,32.54014478028361,16
DOTUSDT-ETHFIUSDT,DOTUSDT,ETHFIUSDT,-1,2024-09-15 00:00:00+00:00,2024-09-17 08:00:00+00:00,0.6443516435975073,-800.7462886127166,1023.7673608288552,4.499,1.365,4.173,1.278,2.3703208784048613,0.23556612479108593,target,171.97552969563498,9.649888949520143,162.32564074611483,14
DOTUSDT-VETUSDT,DOTUSDT,VETUSDT,-1,2024-09-15 00:00:00+00:00,2024-09-17 12:00:00+00:00,0.8446978361401786,-621.8914330734084,98572.53547908398,4.499,0.02234,4.251,0.02156,2.8133484334082355,0.48185396458832525,target,77.34249772851942,9.76888434692411,67.57361338159531,15
DOTUSDT-ETCUSDT,DOTUSDT,ETCUSDT,-1,2024-09-16 12:00:00+00:00,2024-09-17 16:00:00+00:00,1.3160314027989397,-423.47159244459965,181.98625459688537,4.235,17.62,4.16,18.0,2.673662959916197,-0.09828552992231962,target,100.91514618016132,10.03739440731347,90.87775177284784,7
ARBUSDT-ETHFIUSDT,ARBUSDT,ETHFIUSDT,-1,2024-09-16 20:00:00+00:00,2024-09-17 20:00:00+00:00,0.7326841982054636,-6356.29545741321,1399.7126176369304,0.5107,1.253,0.5222,1.339,2.522908972453178,0.21505270829041448,target,47.2778873565245,10.19347268287703,37.08441467364747,6
XLMUSDT-ETHFIUSDT,XLMUSDT,ETHFIUSDT,-1,2024-09-14 16:00:00+00:00,2024-09-18 00:00:00+00:00,0.436829655492734,-43482.531563015225,586.8923969420135,0.0967,1.355,0.0946,1.371,2.1714844017158503,0.054641698775094345,target,100.7035946334038,9.91807696206874,90.78551767133506,20
XLMUSDT-BOMEUSDT,XLMUSDT,BOMEUSDT,-1,2024-09-12 16:00:00+00:00,2024-09-19 04:00:00+00:00,0.41970598498316347,-45061.597782593635,117502.10266421207,0.0948,0.006197,0.096,0.00668,2.0190331146050835,0.021225025044992178,target,2.6795982477017617,10.110827432925925,-7.431229185224163,39
ETCUSDT-JASMYUSDT,ETCUSDT,JASMYUSDT,1,2024-09-14 00:00:00+00:00,2024-09-19 04:00:00+00:00,0.5209188921627962,215.08042548509317,-44985.39676842327,18.79,0.02131,18.57,0.02068,-2.288192727385133,-1.2416160850422853,screen_failed,-18.976893642613657,9.924341506429172,-28.90123514904283,31
XLMUSDT-BCHUSDT,XLMUSDT,BCHUSDT,-1,2024-09-14 08:00:00+00:00,2024-09-19 04:00:00+00:00,0.727690977168442,-35031.50622564837,4.883005151311799,0.0968,329.5,0.096,346.0,2.1293373933234667,-1.377308985769094,screen_failed,108.59478997716322,10.052544380016126,98.54224559714709,29
XLMUSDT-ENSUSDT,XLMUSDT,ENSUSDT,-1,2024-09-14 08:00:00+00:00,2024-09-19 04:00:00+00:00,0.43910075930948894,-42545.745204255036,50.51987760619551,0.0968,17.45,0.096,17.98,2.853138188276572,0.7754756299043736,screen_failed,60.8121312946875,9.992738938967879,50.819392355719614,29
XLMUSDT-ETCUSDT,XLMUSDT,ETCUSDT,-1,2024-09-14 16:00:00+00:00,2024-09-19 04:00:00+00:00,0.8834016504392549,-28585.031971114884,120.39996814179811,0.0967,18.57,0.096,18.57,2.0020627453593627,0.9100825256841572,screen_failed,20.009522379780197,9.97999047762022,10.029531902159977,27
XLMUSDT-VETUSDT,XLMUSDT,VETUSDT,-1,2024-09-14 16:00:00+00:00,2024-09-19 04:00:00+00:00,0.5688802105753967,-37893.60665195063,60139.047129958366,0.0967,0.02221,0.096,0.0222,2.1367877314938952,1.2198419114574244,screen_failed,25.924134185065586,9.972873084872337,15.95126110019325,27
WLDUSDT-ENSUSDT,WLDUSDT,ENSUSDT,-1,2024-09-15 04:00:00+00:00,2024-09-19 04:00:00+00:00,1.0256046927386067,-1230.4259218380373,176.40331928188326,1.559,17.47,1.597,17.98,2.679504633210135,1.8135228357704516,screen_failed,43.20950780391528,10.136721877863607,33.07278592605167,24
ETHFIUSDT-ETCUSDT,ETHFIUSDT,ETCUSDT,-1,2024-09-18 00:00:00+00:00,2024-09-19 04:00:00+00:00,1.9106398039948236,-751.6403424402359,221.63601845418407,1.371,17.91,1.473,18.57,3.2774300210443923,2.9892178799697056,screen_failed,69.61245725085739,10.222947087108665,59.389510163748724,7
WLDUSDT-ETCUSDT,WLDUSDT,ETCUSDT,-1,2024-09-18 04:00:00+00:00,2024-09-19 04:00:00+00:00,1.9849655322840274,-509.1186546269422,237.64279809740216,1.503,17.82,1.597,18.57,2.5654328844173366,1.689375872327062,screen_failed,130.374945038119,10.226089252107986,120.14885578601101,6
DOTUSDT-ETHFIUSDT,DOTUSDT,ETHFIUSDT,1,2024-09-18 08:00:00+00:00,2024-09-19 04:00:00+00:00,0.6443516435975073,866.2195130138812,-1110.6902615338345,4.063,1.333,4.239,1.473,-2.544620887864357,-3.3157951680890254,screen_failed,-3.0420023242937475,10.307951270905182,-13.34995359519893,5
DOTUSDT-VETUSDT,DOTUSDT,VETUSDT,1,2024-09-18 12:00:00+00:00,2024-09-19 04:00:00+00:00,0.8446978361401786,677.5932462471271,-109496.55348194031,3.992,0.02096,4.239,0.0222,-2.0324342334394907,-1.2188424229823378,screen_failed,31.589805505434185,10.303141258140649,21.286664247293537,4
HBARUSDT-DOTUSDT,HBARUSDT,DOTUSDT,-1,2024-09-19 00:00:00+00:00,2024-09-19 04:00:00+00:00,1.0404158015760516,-49934.35909612972,570.3070714920357,0.0519,4.223,0.052,4.239,2.0744421489231764,1.9141708926646168,screen_failed,4.13147723425981,10.014118349053485,-5.882641114793675,1
NEARUSDT-ARKMUSDT,NEARUSDT,ARKMUSDT,-1,2024-09-19 04:00:00+00:00,2024-09-19 20:00:00+00:00,0.8939418160170771,-585.0320783528605,2112.286387437779,4.528,1.113,4.363,1.123,2.5836248108265463,0.3272568894150979,target,117.6531568025993,9.924592570946157,107.72856423165314,4
WLDUSDT-LDOUSDT,WLDUSDT,LDOUSDT,-1,2024-09-18 04:00:00+00:00,2024-09-20 04:00:00+00:00,1.0043802992312059,-1260.0935099613712,3188.993279802935,1.503,0.974,1.661,1.15,2.789839511745612,0.030911758442100826,target,362.1680426714195,10.760357591819213,351.4076850796003,12
ARBUSDT-ETHFIUSDT,ARBUSDT,ETHFIUSDT,-1,2024-09-20 20:00:00+00:00,2024-09-21 12:00:00+00:00,0.6976367437710277,-5821.995889992552,1098.8461254985243,0.5774,1.491,0.6023,1.49,2.3983606272756472,5.3238391283325415,stop_divergence,-146.06654378631276,10.143868851535316,-156.21041263784807,4
ARBUSDT-JASMYUSDT,ARBUSDT,JASMYUSDT,-1,2024-09-20 20:00:00+00:00,2024-09-21 16:00:00+00:00,0.814949790897385,-4945.082306250313,101886.43593211731,0.5774,0.02105,0.6122,0.02125,2.039895849242224,4.124700059743928,stop_divergence,-151.7115770710869,10.192466151443934,-161.90404322253085,5
NEARUSDT-STXUSDT,NEARUSDT,STXUSDT,1,2024-09-20 00:00:00+00:00,2024-09-21 20:00:00+00:00,1.0221479964759501,570.5155825747581,-1415.724670329283,4.409,1.755,4.666,1.759,-2.555161310505383,0.01814869423994103,target,140.95960604039604,10.152285403403031,130.807320636993,11
NEARUSDT-ARKMUSDT,NEARUSDT,ARKMUSDT,1,2024-09-20 20:00:00+00:00,2024-09-21 20:00:00+00:00,0.8939418160170771,632.0690145827284,-1861.107186332626,4.386,1.197,4.666,1.236,-2.071792199032267,-0.4945363398153494,target,104.39614381619182,10.249562504350138,94.14658131184169,6
ARBUSDT-ETHFIUSDT,ARBUSDT,ETHFIUSDT,-1,2024-09-22 12:00:00+00:00,2024-09-22 16:00:00+00:00,0.6976367437710277,-5621.017792927749,1137.3383047828988,0.5935,1.463,0.5992,1.464,4.068503574418129,4.3808193145629,stop_divergence,-30.90246311490499,10.03317713972447,-40.93564025462946,1
CAKEUSDT-ARKMUSDT,CAKEUSDT,ARKMUSDT,-1,2024-09-21 12:00:00+00:00,2024-09-23 00:00:00+00:00,0.6426767049935846,-1765.4441449693109,1206.5313953546847,2.01,1.203,2.005,1.295,2.2411962399843777,0.16247066938319826,target,119.8281090974772,10.102173667647785,109.7259354298294,9
WLDUSDT-SANDUSDT,WLDUSDT,SANDUSDT,1,2024-09-21 12:00:00+00:00,2024-09-23 08:00:00+00:00,1.3217697494578888,863.9528971150395,-12631.79852177391,1.616,0.2853,1.67,0.2771,-2.817468268115905,0.21300414561598416,target,150.23420432275785,9.943072708565666,140.29113161419218,11
CAKEUSDT-STXUSDT,CAKEUSDT,STXUSDT,-1,2024-09-21 12:00:00+00:00,2024-09-23 08:00:00+00:00,0.7605126024723392,-1617.958615745884,1002.8130707692334,2.01,1.743,1.982,1.803,2.076041602169798,0.3798714463032014,target,105.47162548703827,10.014865943005269,95.45675954403299,11
BNBUSDT-XLMUSDT,BNBUSDT,XLMUSDT,-1,2024-09-19 16:00:00+00:00,2024-09-23 16:00:00+00:00,1.2329837676070745,-3.2948268288080094,32657.583488486107,566.0,0.096,612.0,0.0964,2.0230128171418134,4.242109550176855,stop_divergence,-138.49900072977405,10.164625067520564,-148.66362579729463,24
ENSUSDT-VETUSDT,ENSUSDT,VETUSDT,1,2024-09-20 08:00:00+00:00,2024-09-24 04:00:00+00:00,1.2528328795410528,100.86329623331851,-130554.88760979328,18.52,0.02399,18.93,0.02469,-3.0555106331033755,-2.598184637437074,screen_failed,-50.034469871194595,10.132742372782516,-60.16721224397711,23
XRPUSDT-BNBUSDT,XRPUSDT,BNBUSDT,1,2024-09-21 04:00:00+00:00,2024-09-24 04:00:00+00:00,0.8454243209905633,4586.893353535503,-3.9906004054550204,0.5832,582.6,0.5869,602.2,-2.2896522560215327,-2.6914865347956503,screen_failed,-61.244262538837475,10.095187273355,-71.33944981219247,18
ARBUSDT-JASMYUSDT,ARBUSDT,JASMYUSDT,-1,2024-09-22 16:00:00+00:00,2024-09-24 04:00:00+00:00,0.814949790897385,-4538.48728065484,110759.51536821858,0.5992,0.02059,0.5983,0.02233,3.4672432261180623,0.6798725261355543,screen_failed,196.80619529328905,10.188636918188113,186.61755837510094,9
NEARUSDT-ARKMUSDT,NEARUSDT,ARKMUSDT,1,2024-09-23 04:00:00+00:00,2024-09-24 04:00:00+00:00,0.8939418160170771,608.132954838867,-1481.0410719253982,4.844,1.387,5.252,1.538,-3.4468824466294077,-3.5517042346231253,screen_failed,24.48104371352227,10.471755447434992,14.009288266087275,6
NEARUSDT-STXUSDT,NEARUSDT,STXUSDT,-1,2024-09-23 12:00:00+00:00,2024-09-24 04:00:00+00:00,1.0221479964759501,-446.7602345569702,1463.1059308867402,5.156,1.843,5.252,1.894,2.1983940045653427,1.7633675494126266,screen_failed,31.72941995775448,10.117507384992695,21.611912572761785,4
ARBUSDT-ETHFIUSDT,ARBUSDT,ETHFIUSDT,-1,2024-09-23 16:00:00+00:00,2024-09-24 04:00:00+00:00,0.6976367437710277,-5583.038691386301,1075.343687906591,0.6003,1.533,0.5983,1.55,2.1389300089130336,1.5217876035592954,screen_failed,29.446920077184174,10.007114765311641,19.439805311872533,3
ALGOUSDT-JASMYUSDT,ALGOUSDT,JASMYUSDT,1,2024-09-24 04:00:00+00:00,2024-09-24 12:00:00+00:00,0.7447319138518159,22426.344574690425,-88833.70598764607,0.1345,0.02233,0.1331,0.02292,-2.451387727374651,-4.037332355777607,stop_divergence,-83.80876893727807,10.021015004128142,-93.82978394140622,2
ADAUSDT-ALGOUSDT,ADAUSDT,ALGOUSDT,-1,2024-09-24 16:00:00+00:00,2024-09-25 04:00:00+00:00,0.9397503677542494,-6789.693374536884,17297.82645190244,0.3884,0.1366,0.3813,0.1412,3.0383603537030246,0.0926032380262235,target,127.77682463796333,10.031363178719538,117.74546145924378,3
WLDUSDT-LDOUSDT,WLDUSDT,LDOUSDT,-1,2024-09-25 12:00:00+00:00,2024-09-25 16:00:00+00:00,0.969605169060954,-1284.4586989640763,1887.425525641488,2.003,1.286,2.109,1.24,2.857952820986799,5.423338939917319,stop_divergence,-222.97419626970046,10.04933104791068,-233.02352731761113,1
JASMYUSDT-CFXUSDT,JASMYUSDT,CFXUSDT,1,2024-09-24 20:00:00+00:00,2024-09-25 20:00:00+00:00,0.9647831865402208,116266.8739204282,-13732.485593095407,0.02302,0.1692,0.02216,0.1561,-2.2581413671078088,-0.25633342758564936,target,79.90604969798162,9.720114927158882,70.18593477082274,6
JASMYUSDT-CFXUSDT,JASMYUSDT,CFXUSDT,1,2024-09-26 20:00:00+00:00,2024-09-27 00:00:00+00:00,0.9647831865402208,123176.1531877361,-12512.94148924816,0.02315,0.1717,0.0234,0.184,-2.558198626752699,-4.953488488471739,stop_divergence,-123.11514202081838,10.184703218614686,-133.29984523943307,1
BCHUSDT-JASMYUSDT,BCHUSDT,JASMYUSDT,1,2024-09-23 20:00:00+00:00,2024-09-29 04:00:00+00:00,0.6973871264285608,9.022820398511925,-85493.31950464145,342.0,0.02239,346.7,0.02336,-2.079447540979873,-1.842228860859464,screen_failed,-40.52126404649615,10.125335775792507,-50.64659982228866,32
CAKEUSDT-VETUSDT,CAKEUSDT,VETUSDT,-1,2024-09-24 04:00:00+00:00,2024-09-29 04:00:00+00:00,0.9913086531324907,-1098.2430169899903,111057.6086297521,2.056,0.02469,2.096,0.02525,2.0565644869389472,1.4876303372681459,screen_failed,18.262540153061686,10.10612198151226,8.156418171549426,30
ETHFIUSDT-GALAUSDT,ETHFIUSDT,GALAUSDT,1,2024-09-24 16:00:00+00:00,2024-09-29 04:00:00+00:00,1.2444542108239423,1314.8478630253587,-133603.32937801958,1.55,0.02217,1.674,0.02365,-2.229017851457243,-1.6257777826543205,screen_failed,-34.69179246432492,10.360774062494613,-45.05256652681953,27
ADAUSDT-ALGOUSDT,ADAUSDT,ALGOUSDT,-1,2024-09-26 04:00:00+00:00,2024-09-29 04:00:00+00:00,0.9397503677542494,-6580.586916557851,17034.255975904154,0.3956,0.1407,0.3942,0.1388,2.3449821065888443,2.2080325815731063,screen_failed,-23.152264671036566,9.958422091962602,-33.110686762999165,18
CRVUSDT-FILUSDT,CRVUSDT,FILUSDT,1,2024-09-26 08:00:00+00:00,2024-09-29 04:00:00+00:00,1.0732144819560105,6197.798000688724,-757.849581776578,0.3021,4.127,0.2986,4.047,-2.658725905128244,-1.8880752141122898,screen_failed,38.935673539715744,9.917679740455464,29.01799379926028,17
WLDUSDT-LDOUSDT,WLDUSDT,LDOUSDT,-1,2024-09-26 16:00:00+00:00,2024-09-29 04:00:00+00:00,0.969605169060954,-1222.8002198161164,2004.7764097242462,2.056,1.24,1.953,1.296,3.4283194793516216,0.8453243707302506,screen_failed,238.21590158561784,9.986319056303499,228.22958252931434,15
AVAXUSDT-INJUSDT,AVAXUSDT,INJUSDT,-1,2024-09-27 08:00:00+00:00,2024-09-29 04:00:00+00:00,0.7347208509425669,-98.84734786078673,89.09191318762268,29.88,22.97,28.62,22.37,2.0948199154608758,1.0980498216590813,screen_failed,71.09251039201766,9.821997193782835,61.27051319823482,11
BOMEUSDT-FILUSDT,BOMEUSDT,FILUSDT,-1,2024-09-27 12:00:00+00:00,2024-09-29 04:00:00+00:00,1.2588583325187161,-198820.4880434991,805.6337845316323,0.008158,4.193,0.007585,4.047,2.601095060645703,1.2855815332192275,screen_failed,-3.6983928926931497,9.768453327809457,-13.466846220502607,10
CRVUSDT-ENSUSDT,CRVUSDT,ENSUSDT,1,2024-09-27 16:00:00+00:00,2024-09-29 04:00:00+00:00,0.9072014886629172,7356.97359144009,-127.37670079280018,0.315,21.06,0.2986,19.42,-2.279388082994563,-1.3077300299180123,screen_failed,88.24342240057425,9.67044784380019,78.57297455677406,9
BCHUSDT-ETCUSDT,BCHUSDT,ETCUSDT,1,2024-09-27 20:00:00+00:00,2024-09-29 04:00:00+00:00,1.1243365994689845,5.666794050629334,-142.4269944615552,358.8,20.83,346.7,20.19,-2.4276801083427992,-2.065756236511314,screen_failed,22.585068442779843,9.84027851553199,12.744789927247853,8
ALGOUSDT-JASMYUSDT,ALGOUSDT,JASMYUSDT,1,2024-09-28 00:00:00+00:00,2024-09-29 04:00:00+00:00,0.7447319138518159,22145.82574295107,-72178.23265924785,0.1441,0.02506,0.1388,0.02336,-2.84946280182453,-1.745246513291127,screen_failed,5.330119083080703,9.75992412804164,-4.429805044960936,7
JASMYUSDT-CFXUSDT,JASMYUSDT,CFXUSDT,1,2024-09-28 00:00:00+00:00,2024-09-29 04:00:00+00:00,0.9647831865402208,115436.29622919617,-11226.246225340139,0.02506,0.1877,0.02336,0.1752,-2.189794849550614,-2.0675746629629863,screen_failed,-55.91362577288166,9.663430218593614,-65.57705599147528,7
ETHFIUSDT-SANDUSDT,ETHFIUSDT,SANDUSDT,-1,2024-09-29 04:00:00+00:00,2024-09-30 04:00:00+00:00,1.4080064970743928,-768.8962990576654,13013.906748606618,1.674,0.2853,1.816,0.2896,2.6966086190000644,4.549423421153119,stop_divergence,-53.22347544717978,10.165143073485197,-63.38861852066498,6
CRVUSDT-RAYUSDT,CRVUSDT,RAYUSDT,1,2024-09-29 08:00:00+00:00,2024-09-30 20:00:00+00:00,0.7706238149197275,9287.615280660159,-1208.108420966333,0.3007,1.827,0.2773,1.846,-2.6169926474381926,-4.231007276360867,stop_divergence,-240.2842575658085,9.805623862430913,-250.0898814282394,9
FILUSDT-ETCUSDT,FILUSDT,ETCUSDT,1,2024-09-29 12:00:00+00:00,2024-10-01 12:00:00+00:00,1.4201016307574228,450.4844489479719,-153.72918263353264,4.083,20.56,3.714,18.89,-2.1695557431253634,-0.05494513383858092,target,90.49897333619751,9.5770435033402,80.9219298328573,12
HBARUSDT-VETUSDT,HBARUSDT,VETUSDT,-1,2024-09-30 00:00:00+00:00,2024-10-01 12:00:00+00:00,0.9744280547745001,-40634.9256757658,102069.44341802153,0.0602,0.02502,0.0554,0.02377,2.0083671929077247,0.10974988846814648,target,67.46083897114876,9.6773655524838,57.78347341866496,9
SOLUSDT-SANDUSDT,SOLUSDT,SANDUSDT,-1,2024-09-30 12:00:00+00:00,2024-10-01 16:00:00+00:00,0.9829093860534298,-17.16938182190745,8575.685489558118,154.16,0.2744,145.42,0.2488,2.6184932494791533,4.3388152495973555,stop_divergence,-69.47715140921642,9.63040205434384,-79.10755346356027,7
HBARUSDT-CFXUSDT,HBARUSDT,CFXUSDT,1,2024-09-30 04:00:00+00:00,2024-10-02 00:00:00+00:00,0.6677533457486075,57354.215916401445,-7658.089227808536,0.0607,0.1983,0.054,0.1815,-2.8566641092702545,-4.510682127974707,stop_divergence,-255.61734761270606,9.487070854332927,-265.10441846703895,11
BNBUSDT-INJUSDT,BNBUSDT,INJUSDT,1,2024-09-30 00:00:00+00:00,2024-10-03 12:00:00+00:00,0.5135936076350889,6.625589883698181,-51.15424157440784,578.0,22.88,541.4,19.12,-2.0673968812262142,-0.240544527603327,target,-50.1566414235802,9.565163461936873,-59.721804885517074,21
SEIUSDT-ARKMUSDT,SEIUSDT,ARKMUSDT,-1,2024-10-01 16:00:00+00:00,2024-10-03 12:00:00+00:00,1.1091734918809641,-5738.494897054365,1901.8275788487754,0.4292,1.334,0.3922,1.341,2.0248791323997604,0.012147758988236447,target,225.6371042429529,9.80098848186093,215.83611576109195,11
AAVEUSDT-INJUSDT,AAVEUSDT,INJUSDT,1,2024-10-01 00:00:00+00:00,2024-10-03 16:00:00+00:00,0.8195749203449584,18.56188998358082,-82.4018644866758,159.23,24.81,143.1,19.17,-2.4442743505035534,-0.013477264496918894,target,165.34323026969275,9.235850198859989,156.10738007083276,16
FILUSDT-ETCUSDT,FILUSDT,ETCUSDT,-1,2024-10-02 12:00:00+00:00,2024-10-04 00:00:00+00:00,1.4201016307574228,-495.93351046193783,175.75178504104764,3.618,18.24,3.587,18.5,2.0023371524537956,-0.4250504207138175,target,61.06940293499258,10.030321525286354,51.03908140970623,9
SOLUSDT-CRVUSDT,SOLUSDT,CRVUSDT,-1,2024-09-29 04:00:00+00:00,2024-10-04 04:00:00+00:00,1.106431178558609,-17.993043424144048,7375.892861400146,155.48,0.2986,139.56,0.2593,2.080815199068106,1.8534439322570995,screen_failed,-3.4233381406527315,9.423678159234601,-12.847016299887333,30
ETHFIUSDT-SANDUSDT,ETHFIUSDT,SANDUSDT,-1,2024-10-01 04:00:00+00:00,2024-10-04 04:00:00+00:00,1.4080064970743928,-784.938288022026,12965.26839199398,1.783,0.2777,1.388,0.2501,3.8252399713614893,0.7357167971371601,screen_failed,-47.790783850333696,9.332107968612267,-57.12289181894596,18
NEARUSDT-CAKEUSDT,NEARUSDT,CAKEUSDT,-1,2024-10-01 08:00:00+00:00,2024-10-04 04:00:00+00:00,1.3890339509979062,-317.6247227490199,1597.2681700695223,5.463,2.044,4.695,1.838,2.328664326668617,1.707194709822031,screen_failed,-85.10145596307433,9.42702696989443,-94.52848293296876,17
HBARUSDT-RUNEUSDT,HBARUSDT,RUNEUSDT,1,2024-10-01 16:00:00+00:00,2024-10-04 04:00:00+00:00,0.5700048516058096,65159.85418361681,-329.00574070619746,0.0532,4.661,0.0522,4.67,-2.000548519709588,-2.245356035113512,screen_failed,-68.1209058499723,9.93780119748274,-78.05870704745504,15
RUNEUSDT-VETUSDT,RUNEUSDT,VETUSDT,-1,2024-10-01 16:00:00+00:00,2024-10-04 04:00:00+00:00,1.5863786160325293,-341.6946120662869,149380.15840241284,4.661,0.02281,4.67,0.02245,2.307081547556321,2.3287009998369563,screen_failed,-56.852108533465206,9.949298394483728,-66.80140692794893,15
CRVUSDT-RAYUSDT,CRVUSDT,RAYUSDT,1,2024-10-01 20:00:00+00:00,2024-10-04 04:00:00+00:00,0.7706238149197275,11839.55756543239,-1152.2971338218183,0.259,1.678,0.2593,1.648,-3.280415003444967,-2.108233269237556,screen_failed,38.12078128428391,9.968982953254976,28.15179833102893,14
OMUSDT-INJUSDT,OMUSDT,INJUSDT,-1,2024-10-01 20:00:00+00:00,2024-10-04 04:00:00+00:00,0.8698221038062712,-2708.7944532322726,79.39771946859373,1.2391,20.7,1.2781,19.48,2.4351642428497664,3.195627972078373,screen_failed,-202.50820142774268,10.008777765924375,-212.51697919366705,14
SOLUSDT-SANDUSDT,SOLUSDT,SANDUSDT,-1,2024-10-02 16:00:00+00:00,2024-10-04 04:00:00+00:00,0.9829093860534298,-18.898572213151798,9737.708277928088,139.98,0.2418,139.56,0.2501,3.1738067805227317,1.445371987999005,screen_failed,88.76037903632667,10.07288557837728,78.68749345794939,9
HBARUSDT-CFXUSDT,HBARUSDT,CFXUSDT,1,2024-10-03 00:00:00+00:00,2024-10-04 04:00:00+00:00,0.6677533457486075,71297.3540372887,-6879.5233335651,0.0525,0.1827,0.0522,0.1623,-4.06026650695989,-1.8151312856535127,screen_failed,118.95306979354183,9.838268517784087,109.11480127575774,7
BOMEUSDT-ETCUSDT,BOMEUSDT,ETCUSDT,1,2024-10-03 08:00:00+00:00,2024-10-06 12:00:00+00:00,1.9161444061399509,160480.19150049385,-220.16252351988933,0.005941,18.38,0.006531,18.84,-2.7246299455363445,-0.44492164206844703,target,-6.59144783385787,10.19595807380444,-16.78740590766231,19
ORDIUSDT-JUPUSDT,ORDIUSDT,JUPUSDT,-1,2024-10-06 08:00:00+00:00,2024-10-06 16:00:00+00:00,1.1254933620443686,-59.87355048790239,3720.103723012083,35.4,0.7743,36.9,0.7798,3.2101160776247673,4.082794773798724,stop_divergence,-69.34975525528691,10.11027089620842,-79.46002615149533,2
HBARUSDT-LDOUSDT,HBARUSDT,LDOUSDT,-1,2024-10-04 16:00:00+00:00,2024-10-07 08:00:00+00:00,0.6822357187182589,-60673.15984182925,1595.9592729691853,0.0545,1.061,0.054,1.096,2.098475154603807,0.4570274338427343,target,86.19515447483636,10.025521994633007,76.16963248020335,16
LINKUSDT-JASMYUSDT,LINKUSDT,JASMYUSDT,-1,2024-10-05 12:00:00+00:00,2024-10-09 04:00:00+00:00,0.7612359075984599,-290.92374462782624,85671.82131554853,11.35,0.01982,10.79,0.0192,2.1421687509795198,0.6666466329337681,screen_failed,109.80076777594255,9.783966173792777,100.01680160214977,22
PEOPLEUSDT-ETHFIUSDT,PEOPLEUSDT,ETHFIUSDT,-1,2024-10-05 12:00:00+00:00,2024-10-09 04:00:00+00:00,0.992150043898397,-32572.82287030349,1891.683188189163,0.07028,1.433,0.07465,1.466,2.139819418889877,2.089386010633509,screen_failed,-79.917690732984,10.204768781153469,-90.12245951413746,22
ORDIUSDT-ETHFIUSDT,ORDIUSDT,ETHFIUSDT,-1,2024-10-06 08:00:00+00:00,2024-10-09 04:00:00+00:00,0.9541023655412088,-79.23147267169321,1536.1832522197765,35.4,1.429,35.17,1.466,2.08850982782813,1.07493977858363,screen_failed,75.0620190466208,10.038615541617641,65.02340350500316,17
ORDIUSDT-VETUSDT,ORDIUSDT,VETUSDT,-1,2024-10-06 08:00:00+00:00,2024-10-09 04:00:00+00:00,1.3826957498100538,-48.859909103334495,142748.11077005495,35.4,0.02291,35.17,0.02249,2.1822347409086684,2.3421842993802655,screen_failed,-48.71642742965633,9.92880801438281,-58.64523544403914,17
ORDIUSDT-JUPUSDT,ORDIUSDT,JUPUSDT,-1,2024-10-07 16:00:00+00:00,2024-10-09 04:00:00+00:00,1.1254933620443686,-59.50537256715987,3592.6482791901803,36.39,0.789,35.17,0.7419,2.7597139375421462,2.9840573038891716,screen_failed,-96.61717941792264,9.758189711518208,-106.37536912944086,9
ADAUSDT-JASMYUSDT,ADAUSDT,JASMYUSDT,-1,2024-10-08 04:00:00+00:00,2024-10-09 04:00:00+00:00,0.7103692232443208,-9474.680843229986,87209.8991141888,0.3521,0.01908,0.3445,0.0192,2.0591368805072645,0.7555990567800515,screen_failed,82.47276230225091,9.938457613485156,72.53430468876576,6
ARBUSDT-CAKEUSDT,ARBUSDT,CAKEUSDT,1,2024-10-08 16:00:00+00:00,2024-10-09 04:00:00+00:00,0.9450723627956789,4474.183685616719,-1368.9344832632428,0.5417,1.882,0.5411,1.885,-2.00533110527486,-2.031579592875613,screen_failed,-6.79131366115962,10.00142229323842,-16.79273595439804,3
FILUSDT-ETCUSDT,FILUSDT,ETCUSDT,-1,2024-10-08 08:00:00+00:00,2024-10-09 20:00:00+00:00,1.3720033337225053,-460.5493096796437,177.27171563252094,3.728,18.52,3.5,18.12,2.5026689700753475,-0.39683907693863507,target,34.09655635395073,9.824086071140034,24.272470282810698,9
WLDUSDT-NEARUSDT,WLDUSDT,NEARUSDT,-1,2024-10-05 12:00:00+00:00,2024-10-10 16:00:00+00:00,0.9528764746170771,-1261.333874881278,563.2491344686067,1.855,4.723,1.682,4.53,2.2089552237304146,0.4662653782004467,target,109.50367740202026,9.673082156693098,99.83059524532716,31
WLDUSDT-NEARUSDT,WLDUSDT,NEARUSDT,-1,2024-10-11 16:00:00+00:00,2024-10-14 00:00:00+00:00,1.011952206618209,-1067.0097921836586,616.0455097486731,1.932,4.77,2.332,4.831,2.414498012012671,4.493130035212736,stop_divergence,-389.2251407787938,10.464382692968133,-399.6895234717619,14
ENSUSDT-ALGOUSDT,ENSUSDT,ALGOUSDT,-1,2024-10-09 12:00:00+00:00,2024-10-14 04:00:00+00:00,1.2239298105077185,-120.63920044134953,24503.237752787903,16.91,0.1208,17.44,0.1255,2.367263853967002,1.1244601219240062,screen_failed,51.22644120418765,10.179103993672017,41.047337210515636,28
RUNEUSDT-PEOPLEUSDT,RUNEUSDT,PEOPLEUSDT,1,2024-10-11 00:00:00+00:00,2024-10-14 04:00:00+00:00,0.9490808198371015,626.5666757990064,-26345.46524139727,4.768,0.07639,5.072,0.08164,-2.0095951202857085,-1.8799094656025,screen_failed,52.16257692556232,10.328789961960233,41.83378696360209,19
OPUSDT-VETUSDT,OPUSDT,VETUSDT,-1,2024-10-11 12:00:00+00:00,2024-10-14 04:00:00+00:00,1.1493094854021382,-1120.4074611857764,139398.34277718337,1.667,0.02247,1.762,0.02308,2.2456777570632047,2.406580700648012,screen_failed,-21.405719718566957,10.191471697906728,-31.597191416473684,16
AVAXUSDT-LTCUSDT,AVAXUSDT,LTCUSDT,-1,2024-10-12 00:00:00+00:00,2024-10-14 04:00:00+00:00,1.879191651233217,-38.268854236081815,60.06147426125631,28.31,65.21,29.5,65.56,2.7578380586254094,2.9703305121176937,screen_failed,-24.51842054949719,10.066561452532376,-34.58498200202957,13
ARBUSDT-VETUSDT,ARBUSDT,VETUSDT,1,2024-10-12 04:00:00+00:00,2024-10-14 04:00:00+00:00,1.1217317088507432,4503.859583925329,-112519.81302311039,0.5363,0.02297,0.5411,0.02308,-2.1252490885203197,-1.774073081423461,screen_failed,9.241346570299672,10.033995705435384,-0.7926491351357114,12
SEIUSDT-ARKMUSDT,SEIUSDT,ARKMUSDT,1,2024-10-12 04:00:00+00:00,2024-10-14 04:00:00+00:00,1.136960912785191,5626.130846245346,-1501.9227340259547,0.4469,1.655,0.4885,1.81,-2.1831975558469128,-2.05542243433428,screen_failed,1.2490194297832033,10.466845066977829,-9.217825637194625,12
SUIUSDT-TAOUSDT,SUIUSDT,TAOUSDT,-1,2024-10-13 20:00:00+00:00,2024-10-14 04:00:00+00:00,0.8308641327437241,-1155.576970531706,3.577765334063681,2.3438,640.5,2.264,653.4,2.5650372892075293,1.71990862186094,screen_failed,138.36821505785164,9.953938130560992,128.41427692729064,2
FILUSDT-ETCUSDT,FILUSDT,ETCUSDT,1,2024-10-12 16:00:00+00:00,2024-10-14 20:00:00+00:00,1.3268140814876523,475.60011035767644,-175.26595648128904,3.596,18.77,3.857,19.5,-2.2822342222736096,-0.41619092688586284,target,-3.8125194279874677,10.252075777034694,-14.064595205022162,13
ETHFIUSDT-INJUSDT,ETHFIUSDT,INJUSDT,-1,2024-10-14 12:00:00+00:00,2024-10-15 04:00:00+00:00,1.1332160362543997,-1214.0686642312835,135.2810063936165,1.677,21.91,1.778,21.51,2.110741949946877,4.265125278328417,stop_divergence,-176.73333764480603,10.068508532529913,-186.80184617733593,4
HBARUSDT-LDOUSDT,HBARUSDT,LDOUSDT,1,2024-10-10 12:00:00+00:00,2024-10-15 08:00:00+00:00,0.65676691263134,67565.39652369656,-1559.853173819484,0.0499,1.044,0.0546,1.131,-2.1269362447663775,0.18522385492302085,target,181.850137539079,10.453264589783668,171.39687294929533,29
LINKUSDT-FILUSDT,LINKUSDT,FILUSDT,1,2024-10-14 16:00:00+00:00,2024-10-15 08:00:00+00:00,1.059144889854597,213.72829418750214,-677.3921980912847,11.23,3.838,11.38,3.748,-2.390188065328718,-0.1754673074509175,target,93.02454195634093,9.97109394629991,83.05344801004101,4
LTCUSDT-ETCUSDT,LTCUSDT,ETCUSDT,-1,2024-10-15 16:00:00+00:00,2024-10-15 20:00:00+00:00,0.708000180292449,-40.178042481574394,114.32059790742676,69.73,19.23,70.87,19.36,3.3429492142271444,4.114803140976427,stop_divergence,-30.941290701029466,10.06066464615696,-41.001955347186424,1
DOGEUSDT-NOTUSDT,DOGEUSDT,NOTUSDT,-1,2024-10-16 04:00:00+00:00,2024-10-16 16:00:00+00:00,0.6824316970578925,-29301.150679708964,181279.81402541965,0.12017,0.008158,0.1274,0.008144,2.4186490416412068,4.0794423478425355,stop_divergence,-214.38523681065215,10.20930940201794,-224.59454621267008,3
HBARUSDT-CAKEUSDT,HBARUSDT,CAKEUSDT,-1,2024-10-15 12:00:00+00:00,2024-10-17 00:00:00+00:00,0.9393028838195873,-46629.854006993504,1327.5232355077321,0.0551,1.831,0.053,1.861,3.092267688775283,0.1049465606900499,target,137.74839047991858,9.941903003650545,127.80648747626805,9
ETHFIUSDT-INJUSDT,ETHFIUSDT,INJUSDT,-1,2024-10-16 04:00:00+00:00,2024-10-17 08:00:00+00:00,1.1332160362543997,-1143.8355642665897,149.82191536780164,1.656,20.73,1.565,21.21,2.728439896886862,0.4733533148449989,target,176.00355572480447,9.967825483028285,166.03573024177618,7
LTCUSDT-ETCUSDT,LTCUSDT,ETCUSDT,-1,2024-10-16 20:00:00+00:00,2024-10-17 08:00:00+00:00,0.708000180292449,-38.619957914443496,118.34434207202274,70.08,19.38,70.74,18.89,2.707876910493682,4.047018841985391,stop_divergence,-83.47789983882353,9.967500444608243,-93.44540028343178,3
DOGEUSDT-NOTUSDT,DOGEUSDT,NOTUSDT,-1,2024-10-17 16:00:00+00:00,2024-10-17 20:00:00+00:00,0.6824316970578925,-27356.601191683516,206666.6139961269,0.12408,0.007769,0.12967,0.007804,3.5639088425929346,4.461236213008956,stop_divergence,-145.69006917164668,10.160156732151375,-155.85022590379805,1
ORDIUSDT-ETHFIUSDT,ORDIUSDT,ETHFIUSDT,1,2024-10-15 12:00:00+00:00,2024-10-18 00:00:00+00:00,0.8661700971277347,75.60011446743889,-1264.3564454774446,36.87,1.75,36.39,1.599,-2.490209004725042,-0.32295259303431156,target,154.62976832272372,9.772794121788536,144.85697420093518,15
LINKUSDT-NOTUSDT,LINKUSDT,NOTUSDT,1,2024-10-15 12:00:00+00:00,2024-10-18 04:00:00+00:00,0.6493140131930805,326.575938437765,-157068.85547264418,11.14,0.008671,11.43,0.008112,-2.6553331757417653,-0.2260967219290609,target,182.50851235615974,10.006905531937743,172.501606824222,16
HBARUSDT-ICPUSDT,HBARUSDT,ICPUSDT,-1,2024-10-15 08:00:00+00:00,2024-10-18 08:00:00+00:00,0.9398219131135271,-47248.31569420747,298.75842033036315,0.0546,8.101,0.0511,7.878,2.2152912829515623,0.3161076545869063,target,98.74597719605508,9.768007767336602,88.97796942871848,18
DOGEUSDT-NOTUSDT,DOGEUSDT,NOTUSDT,-1,2024-10-18 20:00:00+00:00,2024-10-19 00:00:00+00:00,0.6824316970578925,-23490.296887408167,217394.65447158524,0.13716,0.008179,0.14417,0.008324,3.8179982026558785,4.361678541421102,stop_divergence,-133.14475628235127,10.196189206079112,-143.34094548843038,1
JUPUSDT-VETUSDT,JUPUSDT,VETUSDT,-1,2024-10-14 08:00:00+00:00,2024-10-19 04:00:00+00:00,1.2593453970682742,-2451.0726697378655,129109.44425096865,0.8342,0.02289,0.8629,0.02346,2.3280178999256544,1.3165374630193378,screen_failed,3.246597601575658,10.143938168844528,-6.89734056726887,29
ETCUSDT-VETUSDT,ETCUSDT,VETUSDT,-1,2024-10-14 12:00:00+00:00,2024-10-19 04:00:00+00:00,0.6238842840163461,-176.8096577713874,66997.94662431395,19.45,0.0233,19.37,0.02346,2.3879605814352263,1.1916309603474184,screen_failed,24.86444408160095,9.99657489883818,14.867869182762771,28
SOLUSDT-OPUSDT,SOLUSDT,OPUSDT,-1,2024-10-14 20:00:00+00:00,2024-10-19 04:00:00+00:00,0.7348078441806702,-22.140613809519316,848.3215439403994,157.59,1.781,154.56,1.714,2.180953340890764,2.0863380199789767,screen_failed,10.248516398836841,9.876076396713149,0.37244000212369155,26
AAVEUSDT-FETUSDT,AAVEUSDT,FETUSDT,-1,2024-10-15 00:00:00+00:00,2024-10-19 04:00:00+00:00,0.664276775678018,-21.641031427601348,997.2404911700625,163.58,1.464,156.22,1.428,2.750552226239246,1.3499722429845846,screen_failed,123.37733362502394,9.804821351010732,113.5725122740132,25
ADAUSDT-NOTUSDT,ADAUSDT,NOTUSDT,1,2024-10-15 04:00:00+00:00,2024-10-19 04:00:00+00:00,0.6357688537078805,10664.468211805306,-135959.3888138034,0.3595,0.008577,0.3532,0.008282,-2.0889774136360133,-1.4653026734250383,screen_failed,-27.07813003430111,9.892705830565554,-36.970835864866665,24
DOTUSDT-ICPUSDT,DOTUSDT,ICPUSDT,-1,2024-10-15 08:00:00+00:00,2024-10-19 04:00:00+00:00,0.7756057804128067,-715.7841619247552,230.11351519659888,4.381,8.101,4.376,8.136,2.5215546589342153,1.6579601229010488,screen_failed,11.632893841504284,10.004475052222258,1.6284187892820272,23
CAKEUSDT-LDOUSDT,CAKEUSDT,LDOUSDT,1,2024-10-15 12:00:00+00:00,2024-10-19 04:00:00+00:00,0.7025171243461693,1878.435724723432,-1378.6079399570635,1.831,1.132,1.859,1.121,-2.4840056729443605,-1.160898536038809,screen_failed,67.7608876317837,10.037431512952729,57.723456118830974,22
ADAUSDT-ETCUSDT,ADAUSDT,ETCUSDT,1,2024-10-16 00:00:00+00:00,2024-10-19 04:00:00+00:00,1.315417059341446,5577.30682376724,-154.94143263833433,0.3556,19.47,0.3532,19.37,-2.892152539163481,-1.9960584052425858,screen_failed,2.1086068867916534,9.971120320359125,-7.862513433567472,19
LTCUSDT-ETCUSDT,LTCUSDT,ETCUSDT,-1,2024-10-18 08:00:00+00:00,2024-10-19 04:00:00+00:00,0.708000180292449,-37.126426451529305,122.00758937019286,71.94,19.09,74.42,19.37,3.348434537371841,3.6639260904054396,screen_failed,-57.91141257613869,10.126235662623447,-68.03764823876213,5
ADAUSDT-FILUSDT,ADAUSDT,FILUSDT,1,2024-10-18 20:00:00+00:00,2024-10-19 04:00:00+00:00,1.0004618985555627,7527.069277479425,-625.2335905663487,0.3507,3.775,0.3532,3.766,-2.1472438550251267,-1.5353536169586812,screen_failed,24.44477550879565,10.013190570878603,14.431584937917048,2
HBARUSDT-LDOUSDT,HBARUSDT,LDOUSDT,1,2024-10-18 04:00:00+00:00,2024-10-19 12:00:00+00:00,0.6876353903807112,67060.27229396162,-1379.4790159330746,0.0515,1.121,0.0533,1.117,-2.232917636392447,-0.41690826775316214,target,126.22640619286342,10.115190574065398,116.11121561879803,8
FILUSDT-ETCUSDT,FILUSDT,ETCUSDT,1,2024-10-16 08:00:00+00:00,2024-10-20 16:00:00+00:00,1.2846093566199503,494.74689954978396,-160.29843821298425,3.759,19.59,3.927,19.81,-2.7406666084668214,-0.09298103174212388,target,47.85182271750743,10.11838313553122,37.733439581976214,26
SOLUSDT-ORDIUSDT,SOLUSDT,ORDIUSDT,-1,2024-10-19 12:00:00+00:00,2024-10-20 20:00:00+00:00,0.6410056327616666,-23.854074971154915,34.587622235514594,156.51,36.62,167.4,38.01,2.3092694930658944,4.084473363538714,stop_divergence,-211.69408152851207,10.307847671343243,-222.0019291998553,8
HBARUSDT-LDOUSDT,HBARUSDT,LDOUSDT,1,2024-10-20 12:00:00+00:00,2024-10-21 04:00:00+00:00,0.6888557670998217,63482.759386820486,-1332.47556191603,0.0537,1.194,0.0557,1.175,-2.030914302906074,0.0648855370087295,target,152.28255445004552,10.101648483097236,142.18090596694827,4
ALGOUSDT-JASMYUSDT,ALGOUSDT,JASMYUSDT,-1,2024-10-20 08:00:00+00:00,2024-10-21 16:00:00+00:00,0.6893023914638942,-26161.740946731858,88732.62736656821,0.1261,0.01917,0.1268,0.02015,2.0035611590704376,-0.06209490624105932,target,68.64475615652454,10.105271193481949,58.53948496304259,8
HBARUSDT-ATOMUSDT,HBARUSDT,ATOMUSDT,1,2024-10-21 08:00:00+00:00,2024-10-21 20:00:00+00:00,1.0139644863191442,42527.603862569944,-545.1492223245879,0.0549,4.889,0.0528,4.898,-2.7261994663594686,-4.12639968963479,stop_divergence,-94.21431111231779,9.915598374889525,-104.12990948720731,3
SOLUSDT-ORDIUSDT,SOLUSDT,ORDIUSDT,-1,2024-10-21 20:00:00+00:00,2024-10-22 08:00:00+00:00,0.6410056327616666,-21.607665580282863,39.770152667166954,166.17,35.44,167.88,35.24,4.288688004815549,4.206542367760095,stop_divergence,-44.90313867571709,10.028995077608851,-54.93213375332594,3
HBARUSDT-ICPUSDT,HBARUSDT,ICPUSDT,-1,2024-10-21 08:00:00+00:00,2024-10-22 12:00:00+00:00,0.9086854896191611,-47417.90812254119,295.8228639931484,0.0549,8.102,0.0521,7.939,2.1184470292752198,0.48393448204953543,target,84.5510159122319,9.819010730426001,74.7320051818059,7
ADAUSDT-LINKUSDT,ADAUSDT,LINKUSDT,1,2024-10-20 08:00:00+00:00,2024-10-23 04:00:00+00:00,0.9462872567419537,8116.167736413769,-182.79047851420714,0.353,11.68,0.3648,11.6,-2.8167882648403166,-0.1021387307021487,target,110.39401757081932,10.081147541008546,100.31287002981077,17
CAKEUSDT-ICPUSDT,CAKEUSDT,ICPUSDT,-1,2024-10-21 04:00:00+00:00,2024-10-23 04:00:00+00:00,0.8596158140630447,-1432.475415088175,259.4934741746695,1.988,8.294,1.851,8.121,2.3670997415510375,-0.4409378713536736,target,151.35676083486217,9.758858497100702,141.59790233776147,12
SOLUSDT-ETHFIUSDT,SOLUSDT,ETHFIUSDT,-1,2024-10-19 20:00:00+00:00,2024-10-23 16:00:00+00:00,0.5458522301339367,-25.046887478632314,609.5038789183523,159.79,1.637,173.02,1.542,2.3873951561125164,4.898561898755846,stop_divergence,-389.27318983954945,10.273467452845061,-399.5466572923945,23
SOLUSDT-ORDIUSDT,SOLUSDT,ORDIUSDT,-1,2024-10-23 08:00:00+00:00,2024-10-23 16:00:00+00:00,0.6410056327616666,-21.127992844723316,43.61124627415789,166.41,34.03,173.02,33.93,3.645008838631934,4.321399957170108,stop_divergence,-144.01715733103725,10.135294908076204,-154.15245223911347,2
LINKUSDT-FILUSDT,LINKUSDT,FILUSDT,-1,2024-10-22 04:00:00+00:00,2024-10-24 00:00:00+00:00,1.0288266143041223,-194.48923756630538,684.4553139420399,12.11,3.864,11.38,3.716,2.2184108762517796,0.4446390907518356,target,40.67775695998097,9.756723470113176,30.921033489867792,11
HBARUSDT-ARBUSDT,HBARUSDT,ARBUSDT,1,2024-10-20 12:00:00+00:00,2024-10-24 04:00:00+00:00,0.8889302369412015,50173.880956209854,-3832.5508521468264,0.0537,0.6016,0.0511,0.5602,-2.672166206535647,-1.6210291533493293,screen_failed,28.215514792733075,9.710880304234976,18.504634488498098,22
ARBUSDT-VETUSDT,ARBUSDT,VETUSDT,-1,2024-10-20 16:00:00+00:00,2024-10-24 04:00:00+00:00,1.1879830822651305,-3567.4868603936925,120560.92950517838,0.604,0.0236,0.5602,0.02253,2.503283289078506,1.3063691246001254,screen_failed,27.255729914702925,9.714743880944216,17.54098603375871,21
LINKUSDT-VETUSDT,LINKUSDT,VETUSDT,-1,2024-10-22 00:00:00+00:00,2024-10-24 04:00:00+00:00,0.9115109238355149,-216.86890732669562,102912.83995579001,11.88,0.02355,11.29,0.02253,2.206528986858454,1.2532690241946018,screen_failed,22.981558567844957,9.767076247922343,13.214482319922613,13
RUNEUSDT-ORDIUSDT,RUNEUSDT,ORDIUSDT,-1,2024-10-22 08:00:00+00:00,2024-10-24 04:00:00+00:00,0.9834204701671138,-502.9648767377341,67.76683868050362,5.193,35.24,5.205,34.28,2.0819024475968444,2.492395693062007,screen_failed,-71.09174365413658,9.94097941338757,-81.03272306752415,11
HBARUSDT-ATOMUSDT,HBARUSDT,ATOMUSDT,1,2024-10-22 20:00:00+00:00,2024-10-24 04:00:00+00:00,1.0139644863191442,44623.19647630528,-555.2198464258195,0.0525,4.786,0.0511,4.628,-2.8401445340732248,-2.2099069158682476,screen_failed,25.252260668451854,9.849802789197891,15.40245787925396,8
ORDIUSDT-OPUSDT,ORDIUSDT,OPUSDT,1,2024-10-23 12:00:00+00:00,2024-10-24 04:00:00+00:00,1.065464635462778,63.546932621598486,-1671.2062956743923,33.79,1.707,34.28,1.701,-2.1215047279448336,-1.424676347200421,screen_failed,41.16523475862975,10.021110759210538,31.144123999419214,4
ICPUSDT-ARUSDT,ICPUSDT,ARUSDT,-1,2024-10-23 12:00:00+00:00,2024-10-24 04:00:00+00:00,0.7289777172120855,-377.2904774107352,107.87217321326229,8.166,17.79,8.143,18.0,2.037451039158872,1.5234581397688904,screen_failed,31.330837355231964,10.01397547539434,21.316861879837624,4
JASMYUSDT-ICPUSDT,JASMYUSDT,ICPUSDT,1,2024-10-23 08:00:00+00:00,2024-10-29 04:00:00+00:00,1.1348664474165493,112891.79092876508,-359.23575714719146,0.01862,8.067,0.01863,8.012,-2.1629777911290065,-0.8580289973300037,screen_failed,20.886884552383034,9.981370951266193,10.90551360111684,35
HBARUSDT-CAKEUSDT,HBARUSDT,CAKEUSDT,1,2024-10-25 00:00:00+00:00,2024-10-29 04:00:00+00:00,1.0507568210109168,45584.872292274675,-1417.4206509128485,0.0507,1.897,0.0489,1.827,-2.727085636953195,-2.12777065653429,screen_failed,17.166675437804926,9.818727784310006,7.347947653494921,25
ALGOUSDT-ICPUSDT,ALGOUSDT,ICPUSDT,1,2024-10-25 00:00:00+00:00,2024-10-29 04:00:00+00:00,0.8016592220034061,24226.3682961082,-247.12197097731095,0.1211,8.361,0.1201,8.012,-2.4734372315107858,-0.7676991633083433,screen_failed,62.01919957497336,9.88952806383281,52.12967151114054,25
JASMYUSDT-ARUSDT,JASMYUSDT,ARUSDT,-1,2024-10-28 00:00:00+00:00,2024-10-29 04:00:00+00:00,0.8821753679264911,-156800.10424001847,143.56899627505274,0.01754,15.67,0.01863,16.57,2.245893675427897,2.309484891987652,screen_failed,-41.700016974072724,10.300124210269168,-52.00014118434189,7
HBARUSDT-ALGOUSDT,HBARUSDT,ALGOUSDT,1,2024-10-29 04:00:00+00:00,2024-10-30 00:00:00+00:00,1.1002890164332266,47228.8636272357,-22402.236208394454,0.0489,0.1201,0.0492,0.1238,-2.6657689683172525,-4.0154171440367135,stop_divergence,-68.71961488288858,10.09705693305923,-78.81667181594781,5
ENSUSDT-VETUSDT,ENSUSDT,VETUSDT,-1,2024-10-29 12:00:00+00:00,2024-10-30 04:00:00+00:00,1.1924964311570563,-109.62014830433304,139033.34001149752,17.43,0.02222,18.46,0.02244,2.7892441039375737,5.0130154009537495,stop_divergence,-82.32141795093351,10.143496087555992,-92.4649140384895,4
ENSUSDT-ETCUSDT,ENSUSDT,ETCUSDT,1,2024-10-29 04:00:00+00:00,2024-10-30 12:00:00+00:00,1.6350954363352244,87.65868380855561,-184.16307553084033,16.87,19.12,18.37,19.67,-2.1325099974494934,-0.1649029989372797,target,30.198334170871092,10.232777717254795,19.965556453616298,8
ADAUSDT-VETUSDT,ADAUSDT,VETUSDT,-1,2024-10-30 00:00:00+00:00,2024-10-31 08:00:00+00:00,0.9840501237181714,-7116.494202441655,108193.74253643567,0.359,0.0226,0.3589,0.02184,2.421779790975686,4.198914198577991,stop_divergence,-81.51559490744705,9.917061106252065,-91.43265601369912,8
NEARUSDT-FETUSDT,NEARUSDT,FETUSDT,1,2024-10-31 08:00:00+00:00,2024-11-01 00:00:00+00:00,0.8705081127029493,665.3453571433082,-1656.7674408349542,4.223,1.322,4.016,1.296,-3.235611215887705,-4.065710240033261,stop_divergence,-94.65053546695586,9.819197557609627,-104.46973302456549,4
ADAUSDT-VETUSDT,ADAUSDT,VETUSDT,-1,2024-11-01 08:00:00+00:00,2024-11-01 12:00:00+00:00,0.9840501237181714,-6978.062929077899,122716.57639058305,0.3474,0.02099,0.3524,0.02069,3.875598590441128,5.1113005335321535,stop_divergence,-71.70528756256465,9.998075341728214,-81.70336290429286,1
CRVUSDT-JASMYUSDT,CRVUSDT,JASMYUSDT,-1,2024-10-31 16:00:00+00:00,2024-11-02 08:00:00+00:00,0.7551374021853277,-13130.184747688412,98666.29343011855,0.2499,0.01742,0.2428,0.01749,2.1622064316662213,0.413242821834763,target,100.13095224869605,9.91368232883152,90.21726991986452,10
HBARUSDT-JASMYUSDT,HBARUSDT,JASMYUSDT,1,2024-10-29 04:00:00+00:00,2024-11-03 04:00:00+00:00,0.7579359996269645,66158.17048922824,-94732.44568313147,0.0489,0.01863,0.0436,0.01701,-2.3528947709730703,-3.0017530416808915,screen_failed,-197.17174158623664,9.495895134400417,-206.66763672063706,30
FILUSDT-ETCUSDT,FILUSDT,ETCUSDT,1,2024-10-29 08:00:00+00:00,2024-11-03 04:00:00+00:00,1.2727514652371934,574.7510664722031,-150.74289249789211,3.648,19.26,3.376,17.9,-2.1472768434293537,-0.8006802076816705,screen_failed,48.67804371669436,9.638657376122428,39.03938634057194,29
FILUSDT-ENSUSDT,FILUSDT,ENSUSDT,1,2024-10-30 04:00:00+00:00,2024-11-03 04:00:00+00:00,0.7591048272304117,881.8739843273016,-91.75809494891364,3.749,18.46,3.376,16.13,-2.860135358344055,-2.2683624280840187,screen_failed,-115.14263492311477,9.457264642614946,-124.59989956572971,24
LINKUSDT-ETCUSDT,LINKUSDT,ETCUSDT,-1,2024-10-30 20:00:00+00:00,2024-11-03 04:00:00+00:00,1.251316544048973,-144.16719833472717,165.2323091327882,12.39,19.45,10.99,17.9,2.465639132046483,1.481149725775675,screen_failed,-54.27600148720373,9.54205584317556,-63.81805733037929,20
HBARUSDT-ALGOUSDT,HBARUSDT,ALGOUSDT,1,2024-10-31 00:00:00+00:00,2024-11-03 04:00:00+00:00,1.1002890164332266,50049.742324973115,-21682.90791653831,0.048,0.1198,0.0436,0.1119,-2.827074918842613,-2.8216498017357354,screen_failed,-48.92389368922903,9.608486161229465,-58.5323798504585,19
ENSUSDT-VETUSDT,ENSUSDT,VETUSDT,-1,2024-10-31 04:00:00+00:00,2024-11-03 04:00:00+00:00,1.1924964311570563,-105.47423114327326,144027.4408672474,17.5,0.0219,16.13,0.02002,2.9689065948026623,2.6786504878655757,screen_failed,-126.27189216414064,9.58472871450329,-135.85662087864392,18
NEARUSDT-FETUSDT,NEARUSDT,FETUSDT,1,2024-11-02 00:00:00+00:00,2024-11-03 04:00:00+00:00,0.8705081127029493,720.009590549255,-1761.995201732837,3.949,1.224,3.751,1.183,-2.324478730712567,-2.7808291262078604,screen_failed,-70.32009565770629,9.785196297800201,-80.10529195550649,7
ADAUSDT-VETUSDT,ADAUSDT,VETUSDT,-1,2024-11-02 12:00:00+00:00,2024-11-03 04:00:00+00:00,0.9840501237181714,-6925.080380719681,125283.0469031961,0.3544,0.02032,0.3408,0.02002,4.380170937655194,3.020615821066379,screen_failed,56.59617910682862,9.868233992751254,46.72794511407737,4
ALGOUSDT-JASMYUSDT,ALGOUSDT,JASMYUSDT,1,2024-11-03 16:00:00+00:00,2024-11-04 20:00:00+00:00,0.7040991912048226,31053.06069922541,-98343.45546497343,0.108,0.01674,0.1094,0.01637,-2.564387456364538,-0.052060356501453145,target,79.86136350095592,10.007087206456875,69.85427629449904,7
AVAXUSDT-STRKUSDT,AVAXUSDT,STRKUSDT,1,2024-11-03 08:00:00+00:00,2024-11-05 12:00:00+00:00,0.8078237553976784,131.11814494191415,-5590.650763097383,23.24,0.3493,23.97,0.3491,-2.0928712469402417,-0.46022661255187347,target,96.83437596021675,10.094598115654978,86.73977784456177,13
FETUSDT-JASMYUSDT,FETUSDT,JASMYUSDT,1,2024-11-06 00:00:00+00:00,2024-11-06 04:00:00+00:00,1.2093940549765432,1728.5703948575458,-137559.62437785562,1.332,0.01961,1.372,0.01922,-2.4308088397786123,-0.38137032783931957,target,122.79106930166532,10.01549456228694,112.77557473937838,1
LDOUSDT-ENSUSDT,LDOUSDT,ENSUSDT,-1,2024-11-06 04:00:00+00:00,2024-11-06 12:00:00+00:00,1.1919432206822558,-1843.7167203508247,174.93837878064733,1.134,16.63,1.173,17.08,4.5700598656790214,4.276218866715148,stop_divergence,6.817318357608727,10.150627222544973,-3.333308864936247,2
ALGOUSDT-JASMYUSDT,ALGOUSDT,JASMYUSDT,1,2024-11-06 00:00:00+00:00,2024-11-06 20:00:00+00:00,0.7040991912048226,28263.5598205104,-81297.35041450776,0.1205,0.01961,0.1217,0.02085,-2.601217417548437,-4.667563304445248,stop_divergence,-66.89244272937708,10.134724986298604,-77.02716771567569,5
XRPUSDT-NEARUSDT,XRPUSDT,NEARUSDT,-1,2024-11-04 08:00:00+00:00,2024-11-07 00:00:00+00:00,0.3647484162465501,-8152.490205899293,224.84097459889898,0.5119,3.677,0.5596,4.274,2.1207205657671664,4.065888222692711,stop_divergence,-254.6437209858533,10.523103844656939,-265.1668248305102,16
CAKEUSDT-VETUSDT,CAKEUSDT,VETUSDT,1,2024-11-05 12:00:00+00:00,2024-11-07 04:00:00+00:00,0.8510296750341678,1747.1143397560807,-107923.55287946845,1.619,0.02012,1.787,0.02177,-2.5626666354627954,0.14905226601200972,target,115.44134682789823,10.471589071330143,104.96975775656809,10
AAVEUSDT-ETCUSDT,AAVEUSDT,ETCUSDT,1,2024-11-04 04:00:00+00:00,2024-11-07 08:00:00+00:00,1.4051514887478807,12.526669276250928,-190.86593528010835,129.61,17.69,184.27,19.87,-2.253891331906715,4.198918554304901,stop_divergence,268.6200037292396,11.100795481550513,257.5192082476891,19
XRPUSDT-1000SATSUSDT,XRPUSDT,1000SATSUSDT,-1,2024-11-04 08:00:00+00:00,2024-11-08 04:00:00+00:00,0.3370956317737481,-8573.781388859225,2959231.5111039383,0.5119,0.0002065,0.5505,0.0002411,2.1013921211272013,2.822958840549937,screen_failed,-228.55855132576949,10.433337371894163,-238.99188869766365,23
XRPUSDT-OPUSDT,XRPUSDT,OPUSDT,-1,2024-11-04 16:00:00+00:00,2024-11-08 04:00:00+00:00,0.43796837462440463,-8155.020754778228,651.7855979796309,0.5065,1.334,0.5505,1.572,2.112715748840794,2.486096823225388,screen_failed,-203.69594089109026,10.513945885529395,-214.20988677661964,21
INJUSDT-VETUSDT,INJUSDT,VETUSDT,-1,2024-11-06 04:00:00+00:00,2024-11-08 04:00:00+00:00,1.3854580604600784,-78.43471275997939,159315.14136577657,20.28,0.0214,22.13,0.0218,2.7755651169560553,3.6291886969479434,screen_failed,-81.37816205965092,10.208830275152273,-91.58699233480318,12
XRPUSDT-DOTUSDT,XRPUSDT,DOTUSDT,-1,2024-11-07 00:00:00+00:00,2024-11-08 04:00:00+00:00,0.6740138099921683,-6009.629241007117,392.7570721526913,0.5596,4.168,0.5505,4.322,3.430176561562872,0.5717397035989532,screen_failed,115.17221520467919,10.00579696301835,105.16641824166084,7
XRPUSDT-ORDIUSDT,XRPUSDT,ORDIUSDT,-1,2024-11-07 00:00:00+00:00,2024-11-08 04:00:00+00:00,0.39189271165937417,-7422.081399027902,23.721021269374795,0.5596,35.69,0.5505,35.17,3.0809053335980625,2.13550854365088,screen_failed,55.20600967107908,9.920124128208771,45.28588554287031,7
XRPUSDT-FILUSDT,XRPUSDT,FILUSDT,-1,2024-11-07 00:00:00+00:00,2024-11-08 04:00:00+00:00,0.5873366373151224,-6109.502937005226,418.39697180520653,0.5596,3.779,0.5505,3.711,2.046689716539802,1.5605222363471314,screen_failed,27.14548264399347,9.915952529190498,17.229530114802973,7
APTUSDT-PEOPLEUSDT,APTUSDT,PEOPLEUSDT,-1,2024-11-07 00:00:00+00:00,2024-11-08 04:00:00+00:00,0.6321561534518929,-344.0146479852184,24729.8132627556,9.71,0.06711,9.71,0.06094,2.1211593657891274,2.868922459155729,screen_failed,-152.5829478312021,9.847417052168797,-162.43036488337088,7
WLDUSDT-ETHFIUSDT,WLDUSDT,ETHFIUSDT,1,2024-11-07 04:00:00+00:00,2024-11-08 04:00:00+00:00,1.139769325835627,1169.278476430299,-1711.8394625109638,1.963,1.58,1.952,1.558,-2.2503714725896886,-2.0263784622078087,screen_failed,24.798404934507804,9.949477468584025,14.84892746592378,6
FETUSDT-JASMYUSDT,FETUSDT,JASMYUSDT,1,2024-11-07 04:00:00+00:00,2024-11-08 04:00:00+00:00,1.2093940549765432,1745.1446358042112,-122283.06222636375,1.381,0.02118,1.406,0.02078,-4.070528809363332,-2.3089872547727035,screen_failed,92.54184078565075,9.99471539100456,82.54712539464619,6
ARBUSDT-FILUSDT,ARBUSDT,FILUSDT,-1,2024-11-07 08:00:00+00:00,2024-11-08 04:00:00+00:00,1.2228749121209934,-3376.3924771426878,831.0920574080236,0.5716,3.694,0.5725,3.711,2.3571413768102865,2.049116772743261,screen_failed,11.089811746507863,10.017167318205363,1.0726444283024987,5
LDOUSDT-ENSUSDT,LDOUSDT,ENSUSDT,-1,2024-11-07 12:00:00+00:00,2024-11-08 04:00:00+00:00,1.1919432206822558,-1580.0593658706973,157.87224469396963,1.32,18.46,1.269,18.23,3.576496469313647,2.5334251045652336,screen_failed,44.27241137979273,9.883106356060981,34.38930502373175,4
ALGOUSDT-JASMYUSDT,ALGOUSDT,JASMYUSDT,1,2024-11-07 20:00:00+00:00,2024-11-08 04:00:00+00:00,0.7040991912048226,28824.13419695753,-70017.24677426011,0.1226,0.02094,0.123,0.02078,-3.272910098065354,-2.628014219532392,screen_failed,22.732413162664592,10.0003268941949,12.732086268469692,2
XRPUSDT-NEARUSDT,XRPUSDT,NEARUSDT,-1,2024-11-08 00:00:00+00:00,2024-11-08 04:00:00+00:00,0.3647484162465501,-7567.170321433073,199.8296962082165,0.5496,4.209,0.5505,4.196,2.7814644469073624,2.83423973547115,screen_failed,-9.408239339996651,10.004212667238583,-19.412452007235235,1
CAKEUSDT-VETUSDT,CAKEUSDT,VETUSDT,-1,2024-11-09 00:00:00+00:00,2024-11-09 04:00:00+00:00,0.8945399608228828,-1259.145528468089,114604.22551323802,1.954,0.02216,1.95,0.02247,5.572366992350758,4.274839819197821,stop_divergence,40.56389202297629,10.030490727795232,30.533401295181058,1
OPUSDT-VETUSDT,OPUSDT,VETUSDT,1,2024-11-10 00:00:00+00:00,2024-11-10 04:00:00+00:00,1.2088843268026648,1172.7152205762454,-130593.09271619919,1.65,0.02347,1.66,0.02504,-2.1739324995033704,-4.671098176497698,stop_divergence,-193.30400335867006,10.216758307770196,-203.52076166644025,1
SANDUSDT-STXUSDT,SANDUSDT,STXUSDT,-1,2024-11-08 20:00:00+00:00,2024-11-11 04:00:00+00:00,0.6804688906385733,-12860.100999337048,963.5318763598486,0.2648,1.655,0.2885,2.054,2.270364214095638,-0.21869809796262477,target,79.6648249832914,10.689233612351867,68.97559137093953,14
OPUSDT-VETUSDT,OPUSDT,VETUSDT,1,2024-11-11 04:00:00+00:00,2024-11-11 08:00:00+00:00,1.2088843268026648,1239.4768347438794,-115821.20436421309,1.639,0.02563,1.68,0.02664,-4.371057581030963,-4.655478609662012,stop_divergence,-66.1608661833563,10.167797966632353,-76.32866414998865,1
NEARUSDT-1000SATSUSDT,NEARUSDT,1000SATSUSDT,-1,2024-11-11 04:00:00+00:00,2024-11-12 00:00:00+00:00,0.8835330912372157,-577.4442779707018,6993513.583281076,5.189,0.0002865,5.729,0.0002948,2.78303338189742,5.337343608182492,stop_divergence,-253.7737473629462,10.369866072845412,-264.1436134357916,5
CAKEUSDT-VETUSDT,CAKEUSDT,VETUSDT,1,2024-11-10 16:00:00+00:00,2024-11-12 04:00:00+00:00,0.8945399608228828,1310.489534015473,-92206.31497469792,2.005,0.02573,2.109,0.02899,-2.04963647750671,-4.484643312285435,stop_divergence,-164.30167527990577,10.436883498355126,-174.73855877826088,9
OPUSDT-VETUSDT,OPUSDT,VETUSDT,1,2024-11-12 08:00:00+00:00,2024-11-13 04:00:00+00:00,1.2088843268026648,1306.6557787569432,-103736.97497600241,1.683,0.027,1.54,0.02535,-3.8346498505696256,-3.4123173026747904,screen_failed,-15.685767651839058,9.641982214927355,-25.32774986676641,5
NEARUSDT-1000SATSUSDT,NEARUSDT,1000SATSUSDT,-1,2024-11-13 00:00:00+00:00,2024-11-13 04:00:00+00:00,0.8835330912372157,-577.205370009026,8140651.0477287965,5.145,0.0002494,5.169,0.000241,4.957022573208138,5.518194188655024,stop_divergence,-82.23439768113842,9.945471460079295,-92.17986914121771,1
APTUSDT-STRKUSDT,APTUSDT,STRKUSDT,-1,2024-11-13 08:00:00+00:00,2024-11-14 00:00:00+00:00,0.9589786519218934,-198.48534820801697,5576.826619870371,12.21,0.462,11.69,0.4848,2.1407815852509473,0.08081530334594153,target,230.36402800121348,10.023939265864874,220.34008873534862,4
APTUSDT-FILUSDT,APTUSDT,FILUSDT,-1,2024-11-13 04:00:00+00:00,2024-11-15 16:00:00+00:00,1.4055312372791533,-133.30617417387816,861.6198362709528,11.88,3.965,11.61,4.214,2.3768479599748638,-0.2976171218047846,target,250.536006258415,10.17855067220452,240.35745558621048,15
ARBUSDT-FILUSDT,ARBUSDT,FILUSDT,1,2024-11-15 12:00:00+00:00,2024-11-15 16:00:00+00:00,1.153691864311269,3697.89676222367,-717.480767655002,0.5768,3.996,0.5925,4.214,-2.643127113818257,-4.406785714863368,stop_divergence,-98.35382818187892,10.214467786515703,-108.56829596839462,1
AVAXUSDT-STRKUSDT,AVAXUSDT,STRKUSDT,-1,2024-11-13 12:00:00+00:00,2024-11-16 04:00:00+00:00,0.9621796802750393,-79.19939491762008,4589.942887450251,34.74,0.4899,34.27,0.4504,2.6314411745940736,4.198827988140087,stop_divergence,-144.0790284430035,9.781473540334435,-153.86050198333794,16
APTUSDT-ICPUSDT,APTUSDT,ICPUSDT,-1,2024-11-13 04:00:00+00:00,2024-11-16 08:00:00+00:00,1.422448604345213,-142.66712946982713,400.76567259590803,11.88,8.247,12.47,9.287,2.746622275892083,0.40101340423790083,target,332.62269311254676,10.500969905886944,322.1217232066598,19
APTUSDT-SANDUSDT,APTUSDT,SANDUSDT,-1,2024-11-13 04:00:00+00:00,2024-11-16 20:00:00+00:00,1.2986293280097507,-144.82836579366122,11625.093989263753,11.88,0.2821,12.31,0.3946,2.16964558707882,-5.791614386416364,stop_divergence,1245.5468765008977,11.370099271083447,1234.1767772298142,22
SANDUSDT-VETUSDT,SANDUSDT,VETUSDT,1,2024-11-14 00:00:00+00:00,2024-11-16 20:00:00+00:00,0.8749570840706339,9732.644957492348,-86513.00813145986,0.282,0.02607,0.3946,0.03151,-2.565031753757809,5.160570603019131,stop_divergence,625.2650579784967,11.56652658644878,613.6985313920479,17
AVAXUSDT-STRKUSDT,AVAXUSDT,STRKUSDT,-1,2024-11-17 04:00:00+00:00,2024-11-17 08:00:00+00:00,0.9621796802750393,-76.54254610606964,4712.082586775863,36.5,0.4682,36.34,0.4536,4.145085406277264,4.6514671483921255,stop_divergence,-56.54959838995673,9.918956786856103,-66.46855517681283,1
NOTUSDT-TIAUSDT,NOTUSDT,TIAUSDT,-1,2024-11-14 00:00:00+00:00,2024-11-18 04:00:00+00:00,0.9494114347056795,-315791.09068890696,507.9734635187577,0.007644,5.091,0.007674,5.236,2.124884754956594,1.190126167959797,screen_failed,64.18241948955227,10.083129884930887,54.09928960462138,25
APTUSDT-STRKUSDT,APTUSDT,STRKUSDT,-1,2024-11-15 00:00:00+00:00,2024-11-18 04:00:00+00:00,0.9589786519218934,-218.5735317890358,5746.7994245729815,11.47,0.4338,12.08,0.4782,2.5692808312761706,0.8045859895539341,screen_failed,121.82804005972866,10.388487748842353,111.43955231088631,19
CAKEUSDT-ICPUSDT,CAKEUSDT,ICPUSDT,1,2024-11-15 16:00:00+00:00,2024-11-18 04:00:00+00:00,0.9188976861449832,1470.940417128018,-269.79176632188,1.811,8.659,1.934,9.313,-3.2056848332412193,-2.1847943493627127,screen_failed,4.4818561322367145,10.357369486481256,-5.875513354244541,15
APTUSDT-SANDUSDT,APTUSDT,SANDUSDT,1,2024-11-17 20:00:00+00:00,2024-11-18 04:00:00+00:00,1.2986293280097507,188.1308217064304,-7984.895557064253,11.79,0.3484,12.08,0.3626,-2.976081419176292,-3.2201326402723454,screen_failed,-58.82757861544733,10.167943455205176,-68.99552207065251,2
SANDUSDT-VETUSDT,SANDUSDT,VETUSDT,-1,2024-11-17 20:00:00+00:00,2024-11-18 12:00:00+00:00,0.8749570840706339,-6927.591114153204,90245.1938530713,0.3484,0.02866,0.362,0.03225,2.8912142410223023,0.3978045142329678,target,229.7650067800423,10.41819548508501,219.3468112949573,4
LTCUSDT-CRVUSDT,LTCUSDT,CRVUSDT,1,2024-11-18 12:00:00+00:00,2024-11-19 00:00:00+00:00,0.7779071384919649,33.176841046245556,-5117.946429093178,90.36,0.3912,89.42,0.4037,-3.2505925528631403,-4.087936343292934,stop_divergence,-95.16056094713554,10.032788099780195,-105.19334904691573,3
APTUSDT-GALAUSDT,APTUSDT,GALAUSDT,1,2024-11-18 04:00:00+00:00,2024-11-20 08:00:00+00:00,0.866255687387362,227.91880243601565,-74223.35205064192,12.08,0.03027,12.71,0.02916,-2.1562912283529063,0.37194066848421414,target,225.97676631090258,10.061200924758477,215.9155653861441,13
APTUSDT-FILUSDT,APTUSDT,FILUSDT,1,2024-11-16 16:00:00+00:00,2024-11-20 16:00:00+00:00,1.4055312372791533,136.41574332164032,-709.9308304996375,12.37,4.666,11.55,4.169,-2.1488229191436465,0.19167254572420606,target,240.97471323457557,9.535303467717934,231.43940976685764,24
ARBUSDT-FILUSDT,ARBUSDT,FILUSDT,-1,2024-11-18 16:00:00+00:00,2024-11-21 08:00:00+00:00,1.116403354112467,-3083.3099382363694,638.1662966845015,0.7066,4.421,0.701,4.552,2.478194352803714,0.24504236441703997,target,100.8663205197931,10.066333249211546,90.79998727058157,16
ARBUSDT-SEIUSDT,ARBUSDT,SEIUSDT,-1,2024-11-18 16:00:00+00:00,2024-11-21 12:00:00+00:00,0.8074885170082527,-4302.983925071473,3884.066518423187,0.7066,0.5045,0.7863,0.4803,2.6764874153796545,5.810205143595553,stop_divergence,-436.9422285740373,10.248953409082358,-447.19118198311963,17
AVAXUSDT-FILUSDT,AVAXUSDT,FILUSDT,1,2024-11-21 08:00:00+00:00,2024-11-21 12:00:00+00:00,1.4183065182120385,58.992120701819125,-656.8845447471491,34.07,4.552,34.98,4.475,-2.0894529544831335,-0.4652183640429897,target,104.26293978418565,10.003102719893125,94.25983706429253,1
SANDUSDT-VETUSDT,SANDUSDT,VETUSDT,1,2024-11-19 12:00:00+00:00,2024-11-23 00:00:00+00:00,0.9304605402654773,6943.273077289714,-78202.82656493541,0.3472,0.03311,0.3816,0.04015,-2.694448711392758,-4.600536136325384,stop_divergence,-311.69930515837905,10.789396492875913,-322.488701651255,21
XLMUSDT-OMUSDT,XLMUSDT,OMUSDT,-1,2024-11-20 12:00:00+00:00,2024-11-23 00:00:00+00:00,0.7966211278292277,-12460.95892221059,477.04718831390863,0.2623,3.6296,0.4421,3.9371,2.261923082204014,5.548911599367975,stop_divergence,-2093.7884038069374,12.38717242461999,-2106.1755762315574,15
UNIUSDT-PENDLEUSDT,UNIUSDT,PENDLEUSDT,-1,2024-11-19 08:00:00+00:00,2024-11-23 04:00:00+00:00,0.8558262640145703,-294.89892029748495,420.00883069839625,9.509,5.228,10.507,5.343,2.6400377368880794,3.3985783495495197,screen_failed,-246.00810692657413,10.342610137987204,-256.3507170645613,23
LTCUSDT-CRVUSDT,LTCUSDT,CRVUSDT,1,2024-11-20 00:00:00+00:00,2024-11-23 04:00:00+00:00,0.7779071384919649,36.27646744197068,-4899.67963704259,85.02,0.391,101.3,0.4812,-3.5114069807223958,-2.0896212940547283,screen_failed,148.62978669404106,11.032531993216523,137.59725470082452,19
FETUSDT-ENSUSDT,FETUSDT,ENSUSDT,1,2024-11-21 00:00:00+00:00,2024-11-23 04:00:00+00:00,0.9993397962960459,1867.2903152816057,-159.07459447938163,1.209,17.24,1.35,19.91,-2.027337338512163,-2.0357505889716534,screen_failed,-161.4412328052428,10.688017101714657,-172.12924990695745,13
BNBUSDT-ORDIUSDT,BNBUSDT,ORDIUSDT,-1,2024-11-22 00:00:00+00:00,2024-11-23 04:00:00+00:00,0.3837218160552939,-6.590520770152768,21.50124927044017,635.41,37.78,664.07,39.66,2.4651124234035686,3.797505026865008,screen_failed,-148.46197664415146,10.229306673901007,-158.69128331805246,7
APTUSDT-FILUSDT,APTUSDT,FILUSDT,1,2024-11-22 04:00:00+00:00,2024-11-23 04:00:00+00:00,1.3523766485243076,162.0835420349004,-666.74375898312,11.86,4.616,12.82,5.183,-2.0006495370969457,-3.2729576074892095,screen_failed,-222.44351098992462,10.533643911696934,-232.97715490162156,6
ARBUSDT-FILUSDT,ARBUSDT,FILUSDT,-1,2024-11-22 08:00:00+00:00,2024-11-23 04:00:00+00:00,1.116403354112467,-2620.9868358439157,626.6704823252516,0.7844,4.698,0.8277,5.183,2.808264687438584,0.7462826800477813,screen_failed,190.4464539357051,10.417423913919787,180.02903002178533,5
ARBUSDT-SEIUSDT,ARBUSDT,SEIUSDT,-1,2024-11-22 12:00:00+00:00,2024-11-23 04:00:00+00:00,0.8074885170082527,-3526.985155993678,4541.478901811283,0.797,0.482,0.8277,0.5289,4.4389152614424905,3.1604348345211872,screen_failed,104.7169162059437,10.321273804783957,94.39564240115975,4
AVAXUSDT-FILUSDT,AVAXUSDT,FILUSDT,-1,2024-11-23 00:00:00+00:00,2024-11-23 04:00:00+00:00,1.4183065182120385,-43.08001408118973,627.1278894301079,43.99,4.951,42.93,5.183,2.2174156695020275,-0.5804333677874287,screen_failed,191.15848527384637,10.099828855421723,181.05865641842465,1
WLDUSDT-STXUSDT,WLDUSDT,STXUSDT,1,2024-11-21 04:00:00+00:00,2024-11-23 20:00:00+00:00,1.1304009006472608,929.2178274954409,-1573.8691537063576,2.117,1.927,2.447,2.069,-2.33524490235526,-0.44120276406475356,target,83.15246324719297,10.530131302899797,72.62233194429317,16
NEARUSDT-GALAUSDT,NEARUSDT,GALAUSDT,1,2024-11-23 12:00:00+00:00,2024-11-24 08:00:00+00:00,0.9174536844675355,431.4977335441864,-62154.90709668479,6.461,0.03559,6.264,0.03878,-2.1918103944229275,-4.61850147297459,stop_divergence,-283.2792071466296,10.11326910013022,-293.39247624675977,5
APTUSDT-STRKUSDT,APTUSDT,STRKUSDT,1,2024-11-23 12:00:00+00:00,2024-11-24 16:00:00+00:00,1.0348391605618497,199.57104837287386,-4092.9400627609693,13.05,0.5853,11.97,0.5927,-2.73171321421191,-4.127578967218593,stop_divergence,-245.8244887071348,9.814751024221728,-255.63923973135653,7
AAVEUSDT-LDOUSDT,AAVEUSDT,LDOUSDT,1,2024-11-23 16:00:00+00:00,2024-11-24 16:00:00+00:00,1.0680942475699036,14.530616276869488,-1795.1496189680213,174.23,1.375,166.67,1.396,-3.0296865197693648,-4.143506612001045,stop_divergence,-147.54960105146165,9.927846682945194,-157.47744773440684,6
NOTUSDT-BOMEUSDT,NOTUSDT,BOMEUSDT,-1,2024-11-24 00:00:00+00:00,2024-11-24 20:00:00+00:00,0.6449310696737299,-391306.5517712761,171668.5525148673,0.008406,0.009965,0.009398,0.00938,2.0554130674319606,4.700680866993406,stop_divergence,-488.60220257830326,10.287749996135908,-498.8899525744392,5
AAVEUSDT-LDOUSDT,AAVEUSDT,LDOUSDT,1,2024-11-25 16:00:00+00:00,2024-11-25 20:00:00+00:00,1.0680942475699036,14.423592346787888,-1389.96914446115,182.54,1.703,181.45,1.649,-4.967629768540642,-4.254464397107921,stop_divergence,59.336618142903326,9.9092199505411,49.427398192362226,1
UNIUSDT-ENSUSDT,UNIUSDT,ENSUSDT,-1,2024-11-24 08:00:00+00:00,2024-11-26 00:00:00+00:00,1.1401129313294864,-213.1535819421574,139.14268243196355,10.604,19.69,11.447,23.49,2.1608200567540115,-0.4893853438073114,target,349.05372366422245,10.7084306628187,338.3452930014038,10
INJUSDT-STRKUSDT,INJUSDT,STRKUSDT,1,2024-11-23 16:00:00+00:00,2024-11-26 16:00:00+00:00,1.0736859749407026,90.95592502724631,-4281.280945471964,27.69,0.5796,29.99,0.5656,-2.394968197508257,0.3145538528493294,target,269.1365607992738,10.14926069432606,258.98730010494774,18
UNIUSDT-ENSUSDT,UNIUSDT,ENSUSDT,1,2024-11-27 20:00:00+00:00,2024-11-28 00:00:00+00:00,1.1401129313294864,207.9594951856302,-64.15223093129177,13.53,34.08,12.512,33.52,-5.260907410781939,-5.78939680427625,stop_divergence,-175.77751677744823,9.752371984579506,-185.52988876202772,1
SOLUSDT-LTCUSDT,SOLUSDT,LTCUSDT,1,2024-11-23 08:00:00+00:00,2024-11-28 04:00:00+00:00,1.293499038300027,11.103342858610603,-20.903526858594923,256.14,103.14,238.02,96.05,-2.207939864146407,-1.6342986485208273,screen_failed,-52.98656717058577,9.650601421974539,-62.63716859256031,29
LINKUSDT-BCHUSDT,LINKUSDT,BCHUSDT,-1,2024-11-23 12:00:00+00:00,2024-11-28 04:00:00+00:00,0.96609102107306,-160.63776173755005,4.075641325001157,17.92,520.5,17.89,508.3,2.011143026417032,1.7277939622122516,screen_failed,-44.90369131288738,9.945458042982859,-54.84914935587024,28
LINKUSDT-FILUSDT,LINKUSDT,FILUSDT,1,2024-11-24 00:00:00+00:00,2024-11-28 04:00:00+00:00,1.1093812966081489,139.7102974934535,-412.64126092570353,18.07,5.999,17.89,5.659,-3.6430729106792055,-1.7183609902463308,screen_failed,115.15017516591755,9.834554117736438,105.3156210481811,25
WLDUSDT-STXUSDT,WLDUSDT,STXUSDT,1,2024-11-25 00:00:00+00:00,2024-11-28 04:00:00+00:00,1.0530987934652851,974.0700859326696,-1060.7228617604826,2.549,2.373,2.545,2.239,-2.95622725100676,-1.0618927777638927,screen_failed,138.24058313217432,9.853966856180364,128.38661627599396,19
APTUSDT-STRKUSDT,APTUSDT,STRKUSDT,1,2024-11-25 16:00:00+00:00,2024-11-28 04:00:00+00:00,1.0348391605618497,205.72083020770884,-4224.054432178202,12.1,0.5944,12.61,0.6249,-3.2336969127219586,-2.4154255454515767,screen_failed,-23.916036775503557,10.233751283587367,-34.14978805909092,15
NOTUSDT-BOMEUSDT,NOTUSDT,BOMEUSDT,-1,2024-11-25 20:00:00+00:00,2024-11-28 04:00:00+00:00,0.6449310696737299,-356507.0049929402,211198.29156369402,0.008762,0.008884,0.008578,0.008851,3.5369126546547163,2.3590515012548843,screen_failed,58.627745297099125,9.927433167459697,48.70031212963943,14
AAVEUSDT-LDOUSDT,AAVEUSDT,LDOUSDT,1,2024-11-26 20:00:00+00:00,2024-11-28 04:00:00+00:00,1.0680942475699036,14.503618599637871,-1469.65395174271,181.6,1.61,201.82,1.717,-3.022832465286755,-2.1412597782233904,screen_failed,136.01019524820776,10.450516140921149,125.55967910728661,8
BCHUSDT-STRKUSDT,BCHUSDT,STRKUSDT,1,2024-11-27 20:00:00+00:00,2024-11-28 04:00:00+00:00,0.8896785104298657,5.065058565509817,-3730.5404487381948,517.4,0.6378,508.3,0.6249,-2.4052897147442147,-2.312778857088122,screen_failed,2.031938842583635,9.905783995265137,-7.873845152681502,2
INJUSDT-STRKUSDT,INJUSDT,STRKUSDT,1,2024-11-27 20:00:00+00:00,2024-11-28 04:00:00+00:00,1.0736859749407026,81.42101220972341,-4037.758319840758,29.78,0.6378,29.1,0.6249,-2.1777077092033936,-2.128031206822369,screen_failed,-3.2792059766660344,9.89254662937144,-13.171752606037476,2
FETUSDT-SAGAUSDT,FETUSDT,SAGAUSDT,-1,2024-11-28 16:00:00+00:00,2024-11-30 08:00:00+00:00,0.840944577680723,-1704.8564707053474,953.1504376031129,1.678,2.2444,1.824,2.2714,3.692137254098874,4.520155411427157,stop_divergence,-223.1739829076972,10.274644106538265,-233.44862701423546,10
BNBUSDT-WLDUSDT,BNBUSDT,WLDUSDT,1,2024-11-28 16:00:00+00:00,2024-11-30 12:00:00+00:00,0.37973126216314895,6.504802457802184,-246.01134262350658,657.51,2.939,656.18,3.462,-2.525721841841692,-5.065783023870378,stop_divergence,-137.31531946097112,10.120012544923217,-147.43533200589434,11
AVAXUSDT-FILUSDT,AVAXUSDT,FILUSDT,1,2024-11-29 20:00:00+00:00,2024-11-30 16:00:00+00:00,1.1815636272160572,53.62372049976633,-422.4784071617786,44.86,6.141,45.52,6.968,-2.0909745808467637,-4.296817210408961,stop_divergence,-313.9979871929449,10.384781298252637,-324.3827684911975,5
CRVUSDT-ATOMUSDT,CRVUSDT,ATOMUSDT,-1,2024-11-30 08:00:00+00:00,2024-11-30 20:00:00+00:00,1.1019592059625627,-3891.398596394761,316.52825822072293,0.5904,8.538,0.6813,8.573,2.5611790323439867,4.824269081302134,stop_divergence,-342.6496433745584,10.364806621450008,-353.0144499960084,3
SEIUSDT-FILUSDT,SEIUSDT,FILUSDT,1,2024-11-30 12:00:00+00:00,2024-12-02 00:00:00+00:00,1.0996120427563119,3363.196829396326,-414.68305909019284,0.6692,6.63,0.6249,7.102,-2.6725154392251533,-4.216396944662637,stop_divergence,-344.72002343282844,10.046740784348314,-354.7667642171767,9
CRVUSDT-ATOMUSDT,CRVUSDT,ATOMUSDT,-1,2024-12-01 20:00:00+00:00,2024-12-02 04:00:00+00:00,1.1019592059625627,-3405.980496278595,304.8465569884718,0.6708,8.907,0.7556,8.976,2.9456634574448874,4.247310449996595,stop_divergence,-267.79273365222036,10.30986155851663,-278.102595210737,2
LINKUSDT-STRKUSDT,LINKUSDT,STRKUSDT,1,2024-11-30 20:00:00+00:00,2024-12-02 08:00:00+00:00,0.9237306242699315,143.48928699911653,-3192.0588895364117,19.0,0.7123,19.77,0.6637,-2.9344457702685918,0.3981289982574806,target,265.62081302078957,9.955352688957849,255.66546033183172,9
AVAXUSDT-GALAUSDT,AVAXUSDT,GALAUSDT,1,2024-11-28 20:00:00+00:00,2024-12-02 12:00:00+00:00,0.84982307986648,71.83458312871348,-48591.75395979141,42.77,0.03967,49.05,0.04367,-2.0210336953221506,-0.25774921717372956,target,256.7541662091544,10.645488197887488,246.1086780112669,22
AVAXUSDT-STRKUSDT,AVAXUSDT,STRKUSDT,1,2024-11-30 16:00:00+00:00,2024-12-02 16:00:00+00:00,1.1117768220256437,52.60115694898405,-3746.3628119083337,45.52,0.6955,48.49,0.6785,-2.7364379895421815,-0.3617896389226963,target,219.9136039409243,10.092537268336041,209.82106667258827,12
FILUSDT-STRKUSDT,FILUSDT,STRKUSDT,-1,2024-11-23 04:00:00+00:00,2024-12-03 04:00:00+00:00,0.8084767865750011,-581.402103979485,3640.4487723553775,5.183,0.5457,7.277,0.717,2.3823885534368356,2.550811003480237,max_holding,-593.8471310285656,11.841064880437518,-605.6881959090032,60
NEARUSDT-GALAUSDT,NEARUSDT,GALAUSDT,1,2024-11-25 08:00:00+00:00,2024-12-03 04:00:00+00:00,0.9174536844675355,428.7608519381075,-53373.92163047432,6.778,0.03923,7.261,0.0514,-2.6495434071496704,-3.575765446942484,screen_failed,-442.46913475676627,10.856652117728977,-453.32578687449524,47
SEIUSDT-GALAUSDT,SEIUSDT,GALAUSDT,1,2024-12-01 04:00:00+00:00,2024-12-03 04:00:00+00:00,0.7844879649618528,4559.509183860609,-45504.5584171389,0.6489,0.04486,0.669,0.0514,-2.1526037765445962,-3.082766838729191,screen_failed,-205.95367745249035,10.389245946643687,-216.34292339913404,12
FETUSDT-SAGAUSDT,FETUSDT,SAGAUSDT,-1,2024-12-01 08:00:00+00:00,2024-12-03 04:00:00+00:00,0.840944577680723,-1457.7631217060184,908.0826736661892,1.881,2.4865,1.868,2.56,2.8571973421774444,1.71964420852767,screen_failed,85.69499709664312,10.047793155932286,75.64720394071084,11
BNBUSDT-WLDUSDT,BNBUSDT,WLDUSDT,1,2024-12-01 12:00:00+00:00,2024-12-03 04:00:00+00:00,0.37973126216314895,6.573241746992451,-189.8630228425835,662.28,3.406,648.06,3.36,-3.16182601593756,-2.8458203504852455,screen_failed,-84.73779859147395,9.897794803307008,-94.63559339478095,10
AVAXUSDT-FILUSDT,AVAXUSDT,FILUSDT,1,2024-12-01 16:00:00+00:00,2024-12-03 04:00:00+00:00,1.1815636272160572,53.738008820327266,-377.3898165077706,45.24,6.807,50.79,7.277,-3.0373624872468583,-2.0632774376921037,screen_failed,120.87273519416405,10.475619162711467,110.39711603145258,9
SEIUSDT-FILUSDT,SEIUSDT,FILUSDT,1,2024-12-03 00:00:00+00:00,2024-12-03 04:00:00+00:00,1.0996120427563119,3572.029154417935,-361.7623040611791,0.6488,7.415,0.669,7.277,-3.398786234289343,-2.6814281003960483,screen_failed,122.07818687968495,10.022231790958799,112.05595508872615,1
ETHFIUSDT-CAKEUSDT,ETHFIUSDT,CAKEUSDT,1,2024-12-04 00:00:00+00:00,2024-12-08 04:00:00+00:00,0.970097593574964,933.6593527930885,-697.0236157960604,2.655,3.617,2.921,4.101,-2.0568312874020784,-1.732026777752275,screen_failed,-89.00604220233166,10.585712817888254,-99.5917550202199,25
ETHUSDT-NOTUSDT,ETHUSDT,NOTUSDT,-1,2024-12-09 20:00:00+00:00,2024-12-10 00:00:00+00:00,0.7770636350371958,-1.0457355190990416,147309.9398108757,3712.0,0.007591,3682.4,0.007394,3.9213095871954757,4.06826250613371,stop_divergence,1.9337132225891374,9.940026170491926,-8.006312947902789,1
RUNEUSDT-ORDIUSDT,RUNEUSDT,ORDIUSDT,-1,2024-12-09 20:00:00+00:00,2024-12-10 16:00:00+00:00,0.9535657623071643,-474.5005977225259,51.93861153871824,6.344,38.31,5.891,32.63,2.8870052065162275,4.00055113366543,stop_divergence,-80.0625427716152,9.490039915691778,-89.55258268730698,5
NOTUSDT-INJUSDT,NOTUSDT,INJUSDT,1,2024-12-09 20:00:00+00:00,2024-12-11 12:00:00+00:00,0.8030506878992567,341152.8191180626,-86.08246250267095,0.007591,28.0,0.008285,28.64,-2.0379222888152553,-0.31937093200877414,target,181.66728046622634,10.291852832469646,171.3754276337567,10
BCHUSDT-INJUSDT,BCHUSDT,INJUSDT,-1,2024-12-09 08:00:00+00:00,2024-12-13 00:00:00+00:00,0.8924722747826851,-4.7594956401539195,72.28458176117311,590.2,30.31,537.0,29.26,2.0325173060305852,0.49243301920665583,target,177.30635720695716,9.670896021094581,167.63546118586257,22
LINKUSDT-ICPUSDT,LINKUSDT,ICPUSDT,-1,2024-12-08 08:00:00+00:00,2024-12-13 04:00:00+00:00,1.0518623992528315,-82.8863818063069,195.13582818637258,26.62,14.316,28.9,13.363,3.3334528452619088,3.4780952111091032,screen_failed,-374.94539477999285,10.003016506256767,-384.9484112862496,29
ETHUSDT-INJUSDT,ETHUSDT,INJUSDT,-1,2024-12-09 20:00:00+00:00,2024-12-13 04:00:00+00:00,0.6758233559272182,-1.0438690121763903,40.18422238575854,3712.0,28.0,3885.64,28.58,2.4231298717886656,2.4517755045993885,screen_failed,-157.9505662905684,10.204564264258048,-168.15513055482643,20
ENAUSDT-ICPUSDT,ENAUSDT,ICPUSDT,-1,2024-12-09 20:00:00+00:00,2024-12-13 04:00:00+00:00,1.0952046671630504,-2207.7811686364184,232.77669243782407,1.0053,11.945,1.031,13.363,3.440338933019017,1.6079947207092975,screen_failed,273.3373738428788,10.38681732591079,262.950556516968,20
NOTUSDT-BCHUSDT,NOTUSDT,BCHUSDT,1,2024-12-09 20:00:00+00:00,2024-12-13 04:00:00+00:00,0.8254148322580661,320483.99867130915,-4.654951887735434,0.007591,551.5,0.00817,531.3,-3.1066482875339916,-0.8811351570350888,screen_failed,279.59026336294414,10.091530207098431,269.4987331558457,20
ETHUSDT-NOTUSDT,ETHUSDT,NOTUSDT,-1,2024-12-11 00:00:00+00:00,2024-12-13 04:00:00+00:00,0.7770636350371958,-1.0474773344891637,155701.49554799224,3665.23,0.007455,3885.64,0.00817,3.0065011441704845,2.2877294314744754,screen_failed,-119.54790997794191,10.342201048611571,-129.89011102655348,13
RUNEUSDT-ORDIUSDT,RUNEUSDT,ORDIUSDT,-1,2024-12-11 16:00:00+00:00,2024-12-13 04:00:00+00:00,0.9535657623071643,-463.49580182888093,56.454791062429706,6.382,36.17,6.358,36.09,3.0003998647937564,2.4790639418390974,screen_failed,6.6075159588988726,9.984359717471113,-3.3768437585722406,9
ETHUSDT-BCHUSDT,ETHUSDT,BCHUSDT,-1,2024-12-12 12:00:00+00:00,2024-12-13 04:00:00+00:00,0.705241128518843,-0.914742554061258,2.4990958813048016,3957.67,552.1,3885.64,531.3,2.037650868263343,2.321430743702642,screen_failed,13.907711837892549,9.882129899499828,4.025581938392721,4
CAKEUSDT-LDOUSDT,CAKEUSDT,LDOUSDT,1,2024-12-12 12:00:00+00:00,2024-12-14 08:00:00+00:00,1.1988255995703208,656.2843702399861,-1148.468976758453,3.557,2.321,3.362,2.313,-3.870222321323703,-4.0412557140587175,stop_divergence,-118.78770038272955,9.862836795989136,-128.65053717871868,11
BNBUSDT-STXUSDT,BNBUSDT,STXUSDT,-1,2024-12-13 16:00:00+00:00,2024-12-16 00:00:00+00:00,0.4458669740386539,-5.33460592116968,490.345092125607,727.52,2.282,711.27,2.47,2.525468689278637,0.46522440820758343,target,178.87222353862148,10.005497531100609,168.86672600752087,14
NOTUSDT-APTUSDT,NOTUSDT,APTUSDT,1,2024-12-13 08:00:00+00:00,2024-12-18 04:00:00+00:00,1.0496601791825193,266911.17152978387,-195.3246704842049,0.008173,14.43,0.007344,12.58,-2.4127258127050264,-1.3554457866407346,screen_failed,140.08127919758817,9.41737999840603,130.66389919918214,29
AVAXUSDT-ETCUSDT,AVAXUSDT,ETCUSDT,-1,2024-12-14 08:00:00+00:00,2024-12-18 04:00:00+00:00,1.0151987693590523,-50.15793663041982,70.4339301659759,52.98,33.26,46.45,31.67,2.2677462478475108,0.6160352761959385,screen_failed,215.54137723273973,9.560478724839456,205.98089850790026,23
ENAUSDT-UNIUSDT,ENAUSDT,UNIUSDT,-1,2024-12-14 20:00:00+00:00,2024-12-18 04:00:00+00:00,0.8881225179843094,-2232.1376636319815,147.6949137950858,1.1317,16.75,1.0674,16.333,2.557082001951121,1.2117144363609365,screen_failed,81.93767271898545,9.794884769175912,72.14278794980955,20
CAKEUSDT-LDOUSDT,CAKEUSDT,LDOUSDT,1,2024-12-15 08:00:00+00:00,2024-12-18 04:00:00+00:00,1.190831589130686,768.0935512519907,-1118.1855758884815,3.237,2.248,2.997,2.046,-3.333451237001193,-1.894085422272369,screen_failed,41.53103402899578,9.58978406137005,31.94124996762573,17
NOTUSDT-STXUSDT,NOTUSDT,STXUSDT,1,2024-12-16 00:00:00+00:00,2024-12-18 04:00:00+00:00,0.724150875896129,309966.78706721676,-1015.7072600569953,0.008037,2.47,0.007344,2.171,-2.253618658597489,-1.7600858808683448,screen_failed,88.8894873194605,9.481496545805378,79.40799077365513,13
RUNEUSDT-PENDLEUSDT,RUNEUSDT,PENDLEUSDT,-1,2024-12-17 04:00:00+00:00,2024-12-18 04:00:00+00:00,1.1028315365874481,-328.37198305112616,457.73051409588476,6.817,6.033,6.448,6.235,2.1866111619037363,-1.1236003373312606,screen_failed,213.6308255932342,9.971292302101503,203.65953329113268,6
LTCUSDT-GALAUSDT,LTCUSDT,GALAUSDT,-1,2024-12-17 16:00:00+00:00,2024-12-18 04:00:00+00:00,0.6049406394566291,-25.740574903843125,37645.86223989322,127.57,0.04559,120.07,0.04359,2.331228699971632,1.5778345288835094,screen_failed,117.76258729903692,9.73165396374139,108.03093333529553,3
ENAUSDT-LINKUSDT,ENAUSDT,LINKUSDT,-1,2024-12-19 00:00:00+00:00,2024-12-20 04:00:00+00:00,1.005801842196953,-2099.6107545406726,101.21775385738029,1.1815,24.89,0.8868,22.64,2.5628721018368408,0.03248218295043712,target,391.0153431840305,9.153504764457757,381.86183841957273,7
WIFUSDT-BOMEUSDT,WIFUSDT,BOMEUSDT,1,2024-12-20 00:00:00+00:00,2024-12-20 08:00:00+00:00,0.9311320540595708,1285.1749052320613,-361225.6496426649,2.106,0.006349,1.728,0.005486,-2.283019410953196,-4.1998228597557485,stop_divergence,-174.0583785360995,9.202466150180662,-183.26084468628017,2
PEOPLEUSDT-JUPUSDT,PEOPLEUSDT,JUPUSDT,1,2024-12-19 04:00:00+00:00,2024-12-23 04:00:00+00:00,0.9785088353602981,46553.02363567583,-2932.0162073315328,0.04839,0.937,0.0421,0.8218,-2.2742909742601185,-1.7728824455656385,screen_failed,44.94974841619165,9.369413214247007,35.58033520194465,24
OMUSDT-INJUSDT,OMUSDT,INJUSDT,-1,2024-12-19 20:00:00+00:00,2024-12-23 04:00:00+00:00,0.674630801771593,-742.9999477705958,93.44910293080702,3.9826,21.84,3.6294,20.64,2.221572412447017,1.5767035587274854,screen_failed,150.2886580356062,9.625433494930459,140.66322454067574,20
OMUSDT-PENDLEUSDT,OMUSDT,PENDLEUSDT,-1,2024-12-19 20:00:00+00:00,2024-12-23 04:00:00+00:00,0.7141716783769502,-761.5539434541315,407.50678781843277,3.9826,4.827,3.6294,4.983,2.047304535912012,0.8136365730899335,screen_failed,332.5519117276748,9.794590206071675,322.7573215216031,20
CAKEUSDT-SANDUSDT,CAKEUSDT,SANDUSDT,1,2024-12-19 20:00:00+00:00,2024-12-23 04:00:00+00:00,0.7190994649444894,1274.5010276577495,-3753.2879531805434,2.309,0.5481,2.359,0.5644,-2.3126000770881867,-1.7786713441654765,screen_failed,2.5464577460444673,10.12490364501973,-7.5784458989752626,20
DOTUSDT-ATOMUSDT,DOTUSDT,ATOMUSDT,-1,2024-12-20 08:00:00+00:00,2024-12-23 04:00:00+00:00,1.1735472711708264,-380.8557336314528,458.49145215718113,6.075,5.859,6.908,6.427,2.55673273698588,2.3746371136121,screen_failed,-56.82968128972152,10.577675970940279,-67.4073572606618,17
1000SATSUSDT-ARKMUSDT,1000SATSUSDT,ARKMUSDT,-1,2024-12-20 08:00:00+00:00,2024-12-23 04:00:00+00:00,1.18356919091489,-16189023.269891765,1846.9407056910902,0.0001586,1.317,0.0001759,1.452,2.252586999777923,1.709892681959151,screen_failed,-30.733107300830113,10.529407097837424,-41.262514398667534,17
APTUSDT-STXUSDT,APTUSDT,STXUSDT,1,2024-12-21 00:00:00+00:00,2024-12-23 04:00:00+00:00,0.5539344418152192,310.59993426461807,-1023.8729840967666,10.25,1.774,9.09,1.619,-2.468056187707395,-3.018925206131211,screen_failed,-201.59561121195813,9.481003763718043,-211.07661497567616,13
ENAUSDT-LINKUSDT,ENAUSDT,LINKUSDT,-1,2024-12-21 04:00:00+00:00,2024-12-23 04:00:00+00:00,1.005801842196953,-1886.3537895206402,112.7520123865308,1.1838,24.54,1.0347,22.65,2.3493698676124213,1.4416773019268383,screen_failed,68.1540466069842,9.50564334657193,58.648403260412266,12
WIFUSDT-BOMEUSDT,WIFUSDT,BOMEUSDT,1,2024-12-21 08:00:00+00:00,2024-12-23 04:00:00+00:00,0.9311320540595708,1171.287143478696,-375835.996245846,2.152,0.006597,1.909,0.006224,-2.218815759262281,-3.022293340946026,screen_failed,-144.4359492656227,9.575190397534975,-154.01113966315768,11
BCHUSDT-STXUSDT,BCHUSDT,STXUSDT,-1,2024-12-21 16:00:00+00:00,2024-12-23 04:00:00+00:00,0.7744728032229775,-6.568942114750065,1222.098856847193,452.7,1.658,441.8,1.619,2.453082313459023,1.9556053507713536,screen_failed,23.939613633735128,9.880736675532184,14.058876958202944,9
INJUSDT-STXUSDT,INJUSDT,STXUSDT,1,2024-12-16 00:00:00+00:00,2024-12-23 16:00:00+00:00,0.8292595954994406,98.3682515034741,-897.6365040351085,28.29,2.47,21.36,1.635,-2.2840393935385506,-0.3293167402082343,target,67.83449795024023,8.56878153621161,59.265716414028624,46
FILUSDT-CFXUSDT,FILUSDT,CFXUSDT,-1,2024-12-19 12:00:00+00:00,2024-12-27 08:00:00+00:00,1.1519115413520453,-429.34125910196275,15657.98610163785,5.486,0.1689,5.151,0.1673,2.2440662676007803,0.09274604035746355,target,118.77654403653709,9.831117900438223,108.94542613609886,47
RUNEUSDT-PENDLEUSDT,RUNEUSDT,PENDLEUSDT,1,2024-12-27 08:00:00+00:00,2024-12-28 04:00:00+00:00,1.1255964751895589,506.90552692766016,-458.542896239679,5.083,5.285,4.654,5.172,-2.0694282543526854,-3.2909953939787133,screen_failed,-165.6471237768824,9.730722181672949,-175.37784595855535,5
FETUSDT-FILUSDT,FETUSDT,FILUSDT,1,2024-12-19 04:00:00+00:00,2024-12-29 00:00:00+00:00,0.7962346394202363,1990.1406569072524,-384.19131213715224,1.418,5.669,1.38,5.197,-2.0571913414683647,-0.4305874586813243,target,105.71295436626002,9.743036355708789,95.96991801055123,59
BNBUSDT-OMUSDT,BNBUSDT,OMUSDT,-1,2024-12-30 16:00:00+00:00,2024-12-31 12:00:00+00:00,0.6893449281369576,-5.0895623064582045,391.25111679008097,710.21,3.5408,710.56,3.9233,2.051502424324154,-0.019979562388711843,target,147.87220536494598,10.151434898979467,137.72077046596652,5
1000SATSUSDT-SAGAUSDT,1000SATSUSDT,SAGAUSDT,-1,2024-12-30 12:00:00+00:00,2025-01-02 04:00:00+00:00,0.9324656901377355,-16273322.919380404,1484.3550336835947,0.0001804,1.3907,0.0001839,1.5098,2.711358012008564,0.8386790550535707,screen_failed,119.83005429388461,10.233743314729548,109.59631097915506,16
CAKEUSDT-STXUSDT,CAKEUSDT,STXUSDT,-1,2024-12-30 20:00:00+00:00,2025-01-02 04:00:00+00:00,0.945752653941759,-1012.6666004209375,1636.8900453258045,2.529,1.49,2.628,1.628,2.152186019768057,1.2239241447969214,screen_failed,125.63683281328785,10.326144819696633,115.31068799359122,14
NEARUSDT-ETHFIUSDT,NEARUSDT,ETHFIUSDT,1,2024-12-31 08:00:00+00:00,2025-01-02 04:00:00+00:00,0.9364463008421205,564.8692063988093,-1004.2545475140018,5.031,2.149,5.429,2.241,-2.179643003154926,-1.270964319438357,screen_failed,132.42652577543817,10.317209362518014,122.10931641292015,11
JUPUSDT-INJUSDT,JUPUSDT,INJUSDT,-1,2024-12-31 08:00:00+00:00,2025-01-02 04:00:00+00:00,0.9879315070050184,-3110.2038888481306,120.06906299709097,0.8359,19.99,0.9031,21.44,2.1918471234386385,2.0982457079855092,screen_failed,-34.90555998481224,10.383105842676379,-45.28866582748862,11
TAOUSDT-BOMEUSDT,TAOUSDT,BOMEUSDT,1,2024-12-31 16:00:00+00:00,2025-01-02 04:00:00+00:00,0.7360771713858448,6.671970270587844,-313468.8414379354,445.8,0.006462,522.6,0.006608,-2.107363448550776,2.0067964721161116,screen_failed,466.6408659312078,10.558173767631084,456.0826921635767,9
NOTUSDT-INJUSDT,NOTUSDT,INJUSDT,-1,2024-12-31 20:00:00+00:00,2025-01-02 04:00:00+00:00,0.9252219305768439,-454411.42702103284,108.86058998401786,0.006303,19.62,0.00658,21.44,2.0142831310874945,0.8173663038481211,screen_failed,72.2543084860863,10.32399823905574,61.93031024703056,8
TAOUSDT-ARUSDT,TAOUSDT,ARUSDT,-1,2025-01-02 00:00:00+00:00,2025-01-02 04:00:00+00:00,0.7406941240867486,-5.089366334070064,128.22190252053835,542.3,17.47,522.6,17.71,2.971144733350931,1.7435286443612052,screen_failed,131.03377338610937,9.93051273982375,121.10326064628562,1
WLDUSDT-ARUSDT,WLDUSDT,ARUSDT,1,2024-12-30 20:00:00+00:00,2025-01-02 08:00:00+00:00,0.9812289343703945,1280.644148799264,-137.90220865537322,2.078,16.96,2.346,17.84,-2.0041886243133287,-0.3265014180369354,target,221.85868826147478,10.464566575494931,211.39412168597985,15
GALAUSDT-SANDUSDT,GALAUSDT,SANDUSDT,-1,2025-01-03 00:00:00+00:00,2025-01-03 08:00:00+00:00,1.0848490679902865,-56002.38322764048,4640.812496777824,0.04034,0.5906,0.04225,0.6473,2.399987028038625,0.25509191613452253,target,156.16951660250908,10.370098620532096,145.79941798197697,2
ORDIUSDT-SAGAUSDT,ORDIUSDT,SAGAUSDT,-1,2024-12-30 12:00:00+00:00,2025-01-03 12:00:00+00:00,0.9609723403353081,-107.94701485309045,1525.9456273938367,26.66,1.3907,28.84,1.6119,2.1239362209266712,0.09259895773324849,target,102.21468039977961,10.572863665159254,91.64181673462035,24
SOLUSDT-DOGEUSDT,SOLUSDT,DOGEUSDT,-1,2025-01-02 04:00:00+00:00,2025-01-04 00:00:00+00:00,0.6650568518752494,-14.547531969403488,5995.088204869386,205.91,0.33436,216.97,0.39213,2.107387739264156,-0.35800825732082026,target,185.4405420137017,10.507231949176907,174.9333100645248,11
SEIUSDT-ARKMUSDT,SEIUSDT,ARKMUSDT,1,2025-01-02 04:00:00+00:00,2025-01-04 12:00:00+00:00,0.9751541729879927,5966.464174983207,-1509.5127121169048,0.4317,1.606,0.4659,1.626,-2.5939232213367713,0.11828744331101575,target,173.86282054208795,10.234243329026764,163.6285772130612,14
JUPUSDT-CFXUSDT,JUPUSDT,CFXUSDT,-1,2025-01-02 20:00:00+00:00,2025-01-05 12:00:00+00:00,1.0377434399879513,-2567.3420663710044,15815.312919620717,0.9231,0.1663,0.9463,0.1775,2.1849913927932008,0.4037295875103114,target,117.56916875994455,10.236693840639559,107.33247491930499,16
FILUSDT-JUPUSDT,FILUSDT,JUPUSDT,1,2025-01-03 08:00:00+00:00,2025-01-05 12:00:00+00:00,0.9414154192736232,490.6120794392609,-2456.332101218907,5.423,0.9524,5.623,0.9463,-2.1685439856707993,-0.36870432191483477,target,113.1060417052876,10.083138790070414,103.02290291521717,13
ARKMUSDT-ARUSDT,ARKMUSDT,ARUSDT,1,2025-01-04 16:00:00+00:00,2025-01-06 16:00:00+00:00,1.0234541765829155,1527.08460579213,-128.19118991131506,1.644,19.42,1.711,19.14,-2.035053451991439,-0.019630093260917296,target,138.20820176324133,10.066421135412906,128.14178062782844,12
NEARUSDT-INJUSDT,NEARUSDT,INJUSDT,-1,2024-12-29 00:00:00+00:00,2025-01-07 04:00:00+00:00,0.8773439034673868,-522.9831879555192,101.37671902211203,5.453,21.19,5.963,26.16,2.4443668586576495,-2.388001078246809,screen_failed,237.120867682582,10.770563719397213,226.35030396318479,55
TAOUSDT-JUPUSDT,TAOUSDT,JUPUSDT,-1,2025-01-02 00:00:00+00:00,2025-01-07 04:00:00+00:00,0.8335739612498099,-4.452291121228571,2974.942497937805,542.3,0.8691,539.8,0.9495,3.9822235404526642,0.9949681382978094,screen_failed,250.31610463727105,10.22805464903113,240.08804998823993,31
NOTUSDT-TAOUSDT,NOTUSDT,TAOUSDT,1,2025-01-02 04:00:00+00:00,2025-01-07 04:00:00+00:00,1.043160115746959,451828.0570599914,-3.8786287496082203,0.00658,522.6,0.006755,539.8,-2.917712951402194,-1.5620317670826354,screen_failed,12.357495492237291,10.145782324478759,2.211713167758532,30
NOTUSDT-JUPUSDT,NOTUSDT,JUPUSDT,1,2025-01-02 20:00:00+00:00,2025-01-07 04:00:00+00:00,0.8983288275634463,436506.5963286313,-2308.354611994266,0.006573,0.9231,0.006755,0.9495,-2.1368635554065762,-1.6421774803820706,screen_failed,18.50363877516226,10.14038476228846,8.363254012873798,26
ETCUSDT-ICPUSDT,ETCUSDT,ICPUSDT,1,2025-01-03 00:00:00+00:00,2025-01-07 04:00:00+00:00,0.9587143229305652,109.90754332294016,-181.5044008977293,27.01,11.192,28.47,12.212,-2.1064066655437856,-2.04551532502752,screen_failed,-24.66947566419148,10.345599502167175,-35.015075166358656,25
SOLUSDT-BCHUSDT,SOLUSDT,BCHUSDT,-1,2025-01-03 08:00:00+00:00,2025-01-07 04:00:00+00:00,0.7497462156833019,-12.589721119128091,4.954490245067514,214.51,464.1,216.04,477.6,2.5025493911001893,1.7477749504193045,screen_failed,47.62334499614545,10.086147891620678,37.53719710452477,23
NOTUSDT-GALAUSDT,NOTUSDT,GALAUSDT,1,2025-01-03 12:00:00+00:00,2025-01-07 04:00:00+00:00,0.7833800696157147,497574.42107129656,-36590.82679658879,0.006816,0.04396,0.006755,0.04252,-2.0849957367576493,-2.026037445336726,screen_failed,22.338750901738514,9.916957169727564,12.42179373201095,22
SEIUSDT-ARUSDT,SEIUSDT,ARUSDT,1,2025-01-03 20:00:00+00:00,2025-01-07 04:00:00+00:00,1.0031300061136512,5766.7683206502115,-123.20199058655524,0.4577,19.16,0.4598,18.74,-2.079409335349123,-1.0263984579426222,screen_failed,63.855049519718804,9.960365377427014,53.894684142291794,20
NOTUSDT-SANDUSDT,NOTUSDT,SANDUSDT,1,2025-01-04 12:00:00+00:00,2025-01-07 04:00:00+00:00,0.8519550236938924,484162.2812913268,-2675.5053875424674,0.006707,0.6551,0.006755,0.6902,-2.036408983025719,-3.3891518665119498,screen_failed,-70.67044960075725,10.117150028604723,-80.78759962936198,16
TAOUSDT-GALAUSDT,TAOUSDT,GALAUSDT,-1,2025-01-05 12:00:00+00:00,2025-01-07 04:00:00+00:00,0.7339668208752764,-5.159762848104514,50324.65354958481,563.3,0.0416,539.8,0.04252,2.029418716865037,0.4493525500302729,target,167.55310819607433,9.925044254335162,157.62806394173919,10
NOTUSDT-FETUSDT,NOTUSDT,FETUSDT,1,2025-01-05 16:00:00+00:00,2025-01-07 04:00:00+00:00,0.9119682273438815,458387.2134703017,-1219.2473554597545,0.006793,1.547,0.006755,1.561,-2.2868271828278814,-2.249609539916598,screen_failed,-34.48817708830837,9.999650748864564,-44.48782783717294,9
WLDUSDT-SEIUSDT,WLDUSDT,SEIUSDT,-1,2025-01-06 16:00:00+00:00,2025-01-07 04:00:00+00:00,0.9879235233195082,-859.194763184968,5812.832656250525,2.664,0.4664,2.577,0.4598,2.9330443821050536,2.289195527362592,screen_failed,36.38524886583894,9.886885360071654,26.498363505767287,3
WLDUSDT-BOMEUSDT,WLDUSDT,BOMEUSDT,-1,2025-01-07 08:00:00+00:00,2025-01-07 12:00:00+00:00,1.0947305466063697,-761.2422742561728,450135.9539074669,2.578,0.006748,2.569,0.006374,2.4559744003167374,4.055433930798012,stop_divergence,-161.49966629308685,9.824797972770302,-171.32446426585716,1
ARBUSDT-INJUSDT,ARBUSDT,INJUSDT,1,2025-01-08 00:00:00+00:00,2025-01-08 12:00:00+00:00,0.902192736286272,3395.32064738249,-94.69115994170798,0.8097,23.77,0.7993,22.06,-2.4957536562120644,0.11945970332253242,target,126.61054876754295,9.802766781766902,116.80778198577605,3
STRKUSDT-CFXUSDT,STRKUSDT,CFXUSDT,1,2025-01-07 04:00:00+00:00,2025-01-08 16:00:00+00:00,1.0549098892236772,4754.612995192575,-14503.460195491194,0.5123,0.1768,0.4375,0.1468,-2.070339752307126,0.15048267481571095,target,79.45875382433132,9.20925114209486,70.24950268223647,9
WIFUSDT-SAGAUSDT,WIFUSDT,SAGAUSDT,-1,2025-01-08 08:00:00+00:00,2025-01-08 20:00:00+00:00,1.0452582084413158,-1271.5641689010922,2031.9311492962238,1.85,1.303,1.709,1.2846,2.071274007449626,0.25243057223733123,target,141.90301466800355,9.783321919037895,132.11969274896566,3
FILUSDT-INJUSDT,FILUSDT,INJUSDT,1,2025-01-07 20:00:00+00:00,2025-01-09 00:00:00+00:00,0.9237546083329513,480.2778863553209,-102.08204841287069,5.352,23.8,5.102,21.43,-2.266167287583381,-0.12436343678629251,target,121.8649831496734,9.637996073672667,112.22698707600074,7
ARKMUSDT-ARUSDT,ARKMUSDT,ARUSDT,1,2025-01-08 16:00:00+00:00,2025-01-09 16:00:00+00:00,1.0327279679073527,1872.3499962494716,-160.8961939644093,1.317,15.75,1.317,14.96,-2.2170445241593435,-0.18874902276104233,target,127.1079932318832,9.872892006768119,117.23510122511509,6
NEARUSDT-ARBUSDT,NEARUSDT,ARBUSDT,-1,2025-01-03 08:00:00+00:00,2025-01-09 20:00:00+00:00,0.978516240031552,-438.1953296945825,3163.021845609101,5.682,0.7936,4.978,0.7432,2.2790556882828445,-0.35534628147044706,target,149.0732110862876,9.532094186876314,139.5411168994113,39
DOGEUSDT-UNIUSDT,DOGEUSDT,UNIUSDT,-1,2025-01-08 00:00:00+00:00,2025-01-10 00:00:00+00:00,1.1056601212498622,-6235.623463819287,206.92966611197852,0.35441,13.483,0.32768,13.376,2.063242402633573,0.43892345070317784,target,144.53674091390747,9.811180310538129,134.72556060336933,12
WLDUSDT-ARUSDT,WLDUSDT,ARUSDT,1,2025-01-04 16:00:00+00:00,2025-01-10 12:00:00+00:00,1.0070535738761612,1099.877173354229,-123.23847060507092,2.37,19.42,2.106,16.0,-2.0647346612940023,-0.2713301630684665,target,131.10799570382608,9.288156856765141,121.81983884706094,35
FILUSDT-SANDUSDT,FILUSDT,SANDUSDT,1,2025-01-09 08:00:00+00:00,2025-01-10 12:00:00+00:00,0.9292950048124294,572.5842439577951,-3473.894030090604,5.1,0.5987,5.129,0.5809,-2.005985800085255,-0.4407099470541403,target,78.44025681038889,9.954769629339163,68.48548718104972,7
NOTUSDT-CFXUSDT,NOTUSDT,CFXUSDT,-1,2025-01-10 16:00:00+00:00,2025-01-10 20:00:00+00:00,0.9327604195650505,-421341.2058629304,15631.298387805604,0.006328,0.1493,0.006532,0.1482,3.077220790181468,4.607871454763471,stop_divergence,-103.14803422262352,10.068759177769453,-113.21679340039297,1
ARUSDT-STRKUSDT,ARUSDT,STRKUSDT,-1,2025-01-03 20:00:00+00:00,2025-01-12 04:00:00+00:00,1.0745229225854414,-108.12447071313768,5652.065510782247,19.16,0.5181,15.72,0.4312,2.0896021597083654,1.51752709098255,screen_failed,-119.2163136337835,9.13688732785983,-128.35320096164332,50
WLDUSDT-ARKMUSDT,WLDUSDT,ARKMUSDT,-1,2025-01-07 08:00:00+00:00,2025-01-12 04:00:00+00:00,1.0338278929366824,-901.3519456324755,1621.0264592122826,2.578,1.651,2.171,1.361,2.028046829603885,1.943213132128859,screen_failed,-103.24743129914447,9.163052084956021,-112.41048338410049,29
NEARUSDT-FILUSDT,NEARUSDT,FILUSDT,1,2025-01-07 08:00:00+00:00,2025-01-12 04:00:00+00:00,0.9231667989165956,475.46799227960946,-370.3877360766644,5.856,5.982,5.068,5.176,-2.222614472918049,-2.046582805213399,screen_failed,-76.13626263854087,9.326798706805874,-85.46306134534674,29
WLDUSDT-CFXUSDT,WLDUSDT,CFXUSDT,-1,2025-01-07 12:00:00+00:00,2025-01-12 04:00:00+00:00,1.1874814619866925,-775.5454602244358,18361.561127493434,2.569,0.1638,2.171,0.1465,4.5665383358329965,2.2060313744060935,screen_failed,-8.987914336311064,9.373677899325038,-18.361592235636103,28
NEARUSDT-FETUSDT,NEARUSDT,FETUSDT,1,2025-01-07 12:00:00+00:00,2025-01-12 04:00:00+00:00,0.9006503931561349,520.379221526788,-1403.4094977619159,5.59,1.49,5.068,1.318,-2.3403657923989143,-1.2523625720847187,screen_failed,-30.251520021934027,9.486975612747967,-39.738495634681996,28
WLDUSDT-BOMEUSDT,WLDUSDT,BOMEUSDT,-1,2025-01-08 12:00:00+00:00,2025-01-12 04:00:00+00:00,1.0947305466063697,-913.0399624845134,509063.3264500576,2.214,0.005851,2.171,0.00572,2.2021227466584543,1.7875440872409796,screen_failed,-27.426577378123355,9.894051985848208,-37.32062936397156,22
FILUSDT-GALAUSDT,FILUSDT,GALAUSDT,-1,2025-01-09 12:00:00+00:00,2025-01-12 04:00:00+00:00,0.8489878629461914,-576.8327155758597,58147.79274794725,5.16,0.0348,5.176,0.0357,2.048116894001485,1.0559394662057116,screen_failed,43.10369002393905,10.061562336922368,33.04212768701669,16
WIFUSDT-SAGAUSDT,WIFUSDT,SAGAUSDT,1,2025-01-09 20:00:00+00:00,2025-01-12 04:00:00+00:00,1.0452582084413158,1397.7803501622805,-2260.6871970513894,1.542,1.2583,1.555,1.2642,-2.254437933965212,-1.7446807095075811,screen_failed,4.833090089506273,10.031509199014712,-5.198419109508439,14
BOMEUSDT-ARUSDT,BOMEUSDT,ARUSDT,1,2025-01-10 12:00:00+00:00,2025-01-12 04:00:00+00:00,0.9641135424685718,485559.3827615317,-140.6423259638404,0.005663,16.0,0.00572,15.72,-2.063460385700868,-1.0836668901858033,screen_failed,67.05673608728283,9.988297033547532,57.0684390537353,10
SOLUSDT-DOGEUSDT,SOLUSDT,DOGEUSDT,1,2025-01-10 20:00:00+00:00,2025-01-12 04:00:00+00:00,0.6367006015417257,18.543739472599476,-4551.668191513508,187.68,0.33388,186.57,0.34007,-2.1186009943650017,-2.646246137058945,screen_failed,-48.75837692005416,10.007591275290881,-58.765968195345046,8
ARBUSDT-FILUSDT,ARBUSDT,FILUSDT,1,2025-01-10 20:00:00+00:00,2025-01-12 04:00:00+00:00,0.9620959849267957,3539.837238958307,-451.5649347781123,0.748,5.209,0.735,5.176,-2.592699293112919,-2.6152920532004265,screen_failed,-31.116241258780565,9.939080473045866,-41.055321731826425,8
ARBUSDT-FETUSDT,ARBUSDT,FETUSDT,1,2025-01-11 04:00:00+00:00,2025-01-12 04:00:00+00:00,0.9368464006835858,3753.73690649896,-1683.13495592935,0.7352,1.331,0.735,1.318,-2.1596052639098477,-1.6812421652871534,screen_failed,21.130007045781674,9.97736849819162,11.152638547590055,6
BOMEUSDT-CFXUSDT,BOMEUSDT,CFXUSDT,1,2025-01-13 12:00:00+00:00,2025-01-13 16:00:00+00:00,1.034923452087903,476876.05269469554,-18222.18383335583,0.00512,0.1404,0.004947,0.138,-3.718064375741171,-4.389358070946682,stop_divergence,-38.766315916128804,9.873767201683764,-48.640083117812566,1
OPUSDT-ATOMUSDT,OPUSDT,ATOMUSDT,1,2025-01-13 08:00:00+00:00,2025-01-14 00:00:00+00:00,1.0027632131151616,1523.029722291226,-426.5422167426617,1.602,6.002,1.732,6.243,-2.0226787925868073,-0.17527638463393783,target,95.19718966287752,10.30079053813284,84.89639912474468,4
ORDIUSDT-TIAUSDT,ORDIUSDT,TIAUSDT,1,2025-01-12 12:00:00+00:00,2025-01-14 08:00:00+00:00,0.8534111551003898,110.54850558170091,-415.9913705053995,25.94,5.126,25.02,4.648,-2.0059407590847185,-0.32263218742925737,target,97.1392499664162,9.699451499763255,87.43979846665295,11
ARUSDT-CFXUSDT,ARUSDT,CFXUSDT,-1,2025-01-10 12:00:00+00:00,2025-01-14 12:00:00+00:00,1.0936419042857188,-134.2628159854354,19479.473662793946,16.0,0.1464,15.47,0.1478,2.500674055537613,0.17493287920070055,target,98.4305556001919,9.95611197065563,88.47444362953627,24
DOTUSDT-BCHUSDT,DOTUSDT,BCHUSDT,1,2025-01-12 08:00:00+00:00,2025-01-15 04:00:00+00:00,1.2342385260671778,274.6703279630219,-7.113067221278144,6.677,445.1,6.775,439.5,-2.114912398687155,-0.4883124022759837,target,66.75086857953413,9.987084515701218,56.76378406383291,17
CAKEUSDT-ARKMUSDT,CAKEUSDT,ARKMUSDT,-1,2025-01-13 12:00:00+00:00,2025-01-15 16:00:00+00:00,0.9631628035515185,-1226.7295921205784,1845.9661797682015,2.228,1.228,2.459,1.458,2.1688073884336663,0.045239088145017765,target,141.19768556683283,10.707946757126539,130.4897388097063,13
ARKMUSDT-ARUSDT,ARKMUSDT,ARUSDT,1,2025-01-13 12:00:00+00:00,2025-01-15 16:00:00+00:00,1.0372295020693547,1902.133301458391,-179.40608119926574,1.228,14.85,1.458,16.57,-2.3219305658342604,-0.14695177595433498,target,128.91219967269274,10.746069118998168,118.16613055369457,13
ETHUSDT-BCHUSDT,ETHUSDT,BCHUSDT,1,2025-01-12 12:00:00+00:00,2025-01-15 20:00:00+00:00,0.7435489363002854,0.877025457607459,-4.694980040887244,3285.68,451.2,3451.52,460.3,-2.0081764727431466,-0.1404939831273011,target,102.7215835175471,10.188170220261696,92.5334132972854,20
BOMEUSDT-LDOUSDT,BOMEUSDT,LDOUSDT,1,2025-01-13 16:00:00+00:00,2025-01-16 00:00:00+00:00,0.9751952225663703,539322.8391179312,-1488.1748020954656,0.004947,1.567,0.005697,2.065,-2.251750171020953,-4.171031735091447,stop_divergence,-336.6189221050936,11.14560318078199,-347.7645252858756,14
UNIUSDT-BCHUSDT,UNIUSDT,BCHUSDT,-1,2025-01-15 16:00:00+00:00,2025-01-16 00:00:00+00:00,1.127545775352558,-132.0382659219014,6.853569178888077,14.588,448.5,14.272,461.4,2.7260561876628313,0.3998814414075787,target,130.13513443897673,10.046686950376335,120.0884474886004,2
BOMEUSDT-CFXUSDT,BOMEUSDT,CFXUSDT,1,2025-01-14 16:00:00+00:00,2025-01-16 08:00:00+00:00,1.034923452087903,447517.53936257854,-17537.082844627468,0.005373,0.148,0.005716,0.1664,-3.1284901830192484,-4.395907446538494,stop_divergence,-169.1838083397812,10.47618084034251,-179.65998918012372,10
JASMYUSDT-VETUSDT,JASMYUSDT,VETUSDT,1,2025-01-14 08:00:00+00:00,2025-01-16 12:00:00+00:00,1.1228796611656249,76038.34909504259,-61308.245919112414,0.03003,0.04431,0.03163,0.05066,-2.2284073952896084,-4.146213226771601,stop_divergence,-267.6460030342955,10.510968720138433,-278.1569717544339,13
FETUSDT-FILUSDT,FETUSDT,FILUSDT,1,2025-01-13 12:00:00+00:00,2025-01-16 16:00:00+00:00,1.1002365646655363,1914.4799119575691,-553.7319395430394,1.206,4.86,1.362,5.754,-2.038559840692146,-4.039152320820233,stop_divergence,-196.37748768609578,10.793695220216858,-207.17118290631262,19
JUPUSDT-ARUSDT,JUPUSDT,ARUSDT,1,2025-01-16 12:00:00+00:00,2025-01-16 16:00:00+00:00,0.8963319909149865,3598.601047144567,-123.71703224013129,0.7957,17.27,0.8049,17.67,-4.259953785412713,-4.425843928173304,stop_divergence,-16.379683262322814,10.082593942529781,-26.462277204852597,1
PEOPLEUSDT-CAKEUSDT,PEOPLEUSDT,CAKEUSDT,1,2025-01-08 20:00:00+00:00,2025-01-17 04:00:00+00:00,1.0495814021209757,60193.05822041516,-1162.6587537090188,0.03837,2.314,0.04133,2.529,-2.0627365029576277,-1.886622264088683,screen_failed,-71.80017971501016,10.428143084379865,-82.22832279939003,50
ARBUSDT-INJUSDT,ARBUSDT,INJUSDT,1,2025-01-11 00:00:00+00:00,2025-01-17 04:00:00+00:00,0.902192736286272,3843.1420366146735,-101.68163728801797,0.7372,21.31,0.7815,24.52,-2.113284508265377,-3.711231304832394,screen_failed,-156.14686347250773,10.496649247916569,-166.6435127204243,37
ORDIUSDT-STRKUSDT,ORDIUSDT,STRKUSDT,-1,2025-01-12 04:00:00+00:00,2025-01-17 04:00:00+00:00,0.9791732912713161,-87.08350599784754,6393.156042429143,25.76,0.4312,26.98,0.439,2.2671868040878316,2.3649735196766155,screen_failed,-56.37526018642674,10.156108494448322,-66.53136868087506,30
TRXUSDT-VETUSDT,TRXUSDT,VETUSDT,1,2025-01-12 16:00:00+00:00,2025-01-17 04:00:00+00:00,0.5045757970226765,17138.43291796878,-21192.694914742726,0.2358,0.04524,0.2441,0.0558,-2.2101498264619837,-2.8111906519516396,screen_failed,-81.54586508054226,10.366043851518825,-91.91190893206108,27
ETHUSDT-TRXUSDT,ETHUSDT,TRXUSDT,-1,2025-01-13 00:00:00+00:00,2025-01-17 04:00:00+00:00,1.0474930028557297,-0.6700711078489142,12334.847369791314,3242.72,0.2292,3373.14,0.2441,2.381159245844419,0.6717122224646785,screen_failed,96.39855192423545,10.271179899695547,86.12737202453991,25
SOLUSDT-TRXUSDT,SOLUSDT,TRXUSDT,-1,2025-01-13 20:00:00+00:00,2025-01-17 04:00:00+00:00,1.1092928383666092,-11.89097582835736,12681.765037110814,182.87,0.2228,213.27,0.2441,2.246109441662072,2.434462191672783,screen_failed,-91.36406989160332,10.631607260472524,-101.99567715207584,20
LDOUSDT-JASMYUSDT,LDOUSDT,JASMYUSDT,-1,2025-01-14 16:00:00+00:00,2025-01-17 04:00:00+00:00,0.7838687131327576,-1520.7013133080852,75931.96942175462,1.783,0.03014,2.007,0.03263,2.1947720714395804,2.385185058510402,screen_failed,-151.56649032084243,10.52970769804118,-162.09619801888363,15
AVAXUSDT-WLDUSDT,AVAXUSDT,WLDUSDT,-1,2025-01-15 04:00:00+00:00,2025-01-17 04:00:00+00:00,0.8954891010944191,-80.88368539911234,978.8584822084068,37.25,2.03,41.35,2.214,2.0659861550920815,2.794053805353844,screen_failed,-151.51314941001368,10.511733070862707,-162.02488248087639,12
XLMUSDT-OMUSDT,XLMUSDT,OMUSDT,-1,2025-01-15 20:00:00+00:00,2025-01-17 04:00:00+00:00,1.6632628631244397,-3151.8920569126153,889.6785974660614,0.4881,3.8908,0.4864,3.8096,2.2168751032810876,2.3315994984319244,screen_failed,-66.88368561749276,9.922399881389005,-76.80608549888176,8
CRVUSDT-LDOUSDT,CRVUSDT,LDOUSDT,1,2025-01-16 00:00:00+00:00,2025-01-17 04:00:00+00:00,0.987678486060391,2604.9780281006156,-1214.5656263045767,0.9566,2.065,0.9815,2.007,-2.0708628567736467,-0.779946912157007,screen_failed,135.30875922537064,9.994419146574039,125.31434007879659,7
NEARUSDT-JUPUSDT,NEARUSDT,JUPUSDT,-1,2025-01-16 04:00:00+00:00,2025-01-17 04:00:00+00:00,0.9519787426601181,-485.6920600340028,3042.2243883487304,5.221,0.81,5.404,0.7996,2.0268475560976307,3.946464234014489,screen_failed,-120.52078062504947,10.057242513347395,-130.57802313839687,6
ARUSDT-CFXUSDT,ARUSDT,CFXUSDT,1,2025-01-16 08:00:00+00:00,2025-01-17 04:00:00+00:00,1.0648400939902105,140.01890134147186,-16121.918165857218,16.55,0.1664,17.52,0.1704,-2.7880697322600345,-1.219159532147028,screen_failed,71.33066163779861,10.200306006964656,61.130355630833954,5
DOGEUSDT-ADAUSDT,DOGEUSDT,ADAUSDT,1,2025-01-16 16:00:00+00:00,2025-01-17 04:00:00+00:00,1.0339266604889394,7255.517792963287,-1932.4683319535382,0.38643,1.1365,0.39555,1.1153,-2.070126309526956,-0.5346344409833443,screen_failed,107.13865090924051,10.02520199363441,97.1134489156061,3
ADAUSDT-OMUSDT,ADAUSDT,OMUSDT,-1,2025-01-16 16:00:00+00:00,2025-01-17 04:00:00+00:00,1.5609720252752655,-1358.5903887077277,897.1165338197096,1.1365,3.8523,1.1153,3.8096,2.3818274756600073,2.2843760733564844,screen_failed,-9.504759753497595,9.932891007765296,-19.43765076126289,3
SEIUSDT-ENSUSDT,SEIUSDT,ENSUSDT,1,2025-01-17 20:00:00+00:00,2025-01-19 12:00:00+00:00,1.1046961171938678,5660.268487042669,-71.99496859095811,0.4238,36.13,0.3797,36.25,-2.136423046650087,-6.327830353397703,stop_divergence,-258.25723650949664,9.759021555952334,-268.016258065449,10
NEARUSDT-ARUSDT,NEARUSDT,ARUSDT,-1,2025-01-18 08:00:00+00:00,2025-01-20 12:00:00+00:00,0.8955925900243387,-514.0257801665138,128.1452440320504,5.519,16.88,5.318,15.24,2.077062869163833,4.070042832583293,stop_divergence,-106.83901839909299,9.686522617973967,-116.52554101706696,13
SEIUSDT-ENSUSDT,SEIUSDT,ENSUSDT,1,2025-01-20 12:00:00+00:00,2025-01-20 16:00:00+00:00,1.1046961171938678,7093.843014522573,-70.27547944123278,0.3589,34.92,0.3532,34.84,-4.405463719402205,-4.492506156000133,stop_divergence,-34.81286682748004,9.953943056461924,-44.76680988394197,1
ETHFIUSDT-CAKEUSDT,ETHFIUSDT,CAKEUSDT,-1,2025-01-20 04:00:00+00:00,2025-01-21 00:00:00+00:00,1.0913488413830137,-920.077871910724,1400.0906898030364,1.977,2.272,1.726,2.121,2.1199207286877324,-0.05336631222897135,target,19.525851689333592,9.55764675999015,9.968204929343443,5
LINKUSDT-ENSUSDT,LINKUSDT,ENSUSDT,-1,2025-01-16 12:00:00+00:00,2025-01-22 04:00:00+00:00,1.0955323378884758,-102.20211654560963,78.60866856822341,23.31,33.3,25.8,34.61,2.8610991988684766,2.563508738939824,screen_failed,-151.50591437419533,10.357460626022942,-161.86337500021827,34
ETHUSDT-DOTUSDT,ETHUSDT,DOTUSDT,1,2025-01-17 04:00:00+00:00,2025-01-22 04:00:00+00:00,0.6852277303837809,0.9659539679642762,-237.74256517894918,3373.14,7.326,3288.07,6.584,-2.164967510459844,0.8866673576427261,screen_failed,94.23127930805958,9.7414213125825,84.48985799547708,30
ICPUSDT-SANDUSDT,ICPUSDT,SANDUSDT,1,2025-01-17 08:00:00+00:00,2025-01-22 04:00:00+00:00,0.9104796313418637,233.02246001680103,-3542.136428787571,11.303,0.668,9.502,0.5721,-2.26019397249812,-2.5697446577419116,screen_failed,-79.9825669695307,9.240635665989014,-89.22320263551971,29
SEIUSDT-ARKMUSDT,SEIUSDT,ARKMUSDT,-1,2025-01-21 00:00:00+00:00,2025-01-22 04:00:00+00:00,0.9566116831391807,-8133.92053529873,1930.898382922328,0.3429,1.145,0.3566,1.249,2.009891033189842,-0.09330158613173435,target,89.37872049032977,10.312248143157515,79.06647234717225,7
NEARUSDT-ARUSDT,NEARUSDT,ARUSDT,-1,2025-01-21 12:00:00+00:00,2025-01-22 04:00:00+00:00,0.8955925900243387,-541.3851937747805,152.633805343227,5.125,14.58,5.155,15.28,3.438006425300238,1.994868391537775,screen_failed,90.60210792701525,10.123085219553502,80.47902270746175,4
SEIUSDT-ENSUSDT,SEIUSDT,ENSUSDT,1,2025-01-21 16:00:00+00:00,2025-01-22 04:00:00+00:00,1.1046961171938678,6910.7966144472675,-69.42026347153481,0.3666,35.53,0.3566,34.61,-3.272662334325153,-2.9714950110902887,screen_failed,-5.241323750660598,9.867025391461716,-15.108349142122314,3
FETUSDT-OPUSDT,FETUSDT,OPUSDT,-1,2025-01-22 04:00:00+00:00,2025-01-23 08:00:00+00:00,1.1096819031941139,-1784.6457912360545,1526.1307476373952,1.318,1.735,1.222,1.687,2.3874029046808403,0.4521450952327696,target,98.07172007206636,9.755419728154745,88.3163003439116,7
APTUSDT-ETCUSDT,APTUSDT,ETCUSDT,1,2025-01-22 12:00:00+00:00,2025-01-23 12:00:00+00:00,1.034252141947368,273.92531265227655,-99.14859311786829,8.56,26.78,8.45,28.23,-2.3192040344757245,-4.207565426734191,stop_divergence,-173.8972444126597,10.11363367562916,-184.01087808828885,6
DOTUSDT-OPUSDT,DOTUSDT,OPUSDT,1,2025-01-24 12:00:00+00:00,2025-01-25 04:00:00+00:00,0.9412960030096017,426.7822158515571,-1242.3734942251695,6.467,1.803,6.297,1.666,-2.4623618130716354,-0.16653559803672494,target,97.65219201408354,9.757241854596387,87.89495015948715,4
ENAUSDT-TAOUSDT,ENAUSDT,TAOUSDT,-1,2025-01-23 20:00:00+00:00,2025-01-25 20:00:00+00:00,1.125611242125177,-2294.5283735434646,8.033248023992051,0.8494,379.8,0.8567,408.8,2.004245248298827,0.46858166742703705,target,216.21413556890226,10.249714249822638,205.96442131907963,12
ETHUSDT-OPUSDT,ETHUSDT,OPUSDT,-1,2025-01-23 20:00:00+00:00,2025-01-27 00:00:00+00:00,0.6169050011182678,-1.0478876438000966,871.1896685557306,3338.21,1.724,3183.6,1.448,2.213292402695559,4.397734152753721,stop_divergence,-78.43443991344859,9.597537742870685,-88.03197765631927,19
LTCUSDT-HBARUSDT,LTCUSDT,HBARUSDT,-1,2025-01-25 12:00:00+00:00,2025-01-27 00:00:00+00:00,0.7653133201511504,-22.58438679021147,6327.79613236486,128.04,0.33318,114.85,0.3184,2.999318802469047,0.4185604078772126,target,204.3632349265369,9.608587111400759,194.75464781513614,9
LDOUSDT-CFXUSDT,LDOUSDT,CFXUSDT,-1,2025-01-22 08:00:00+00:00,2025-01-27 04:00:00+00:00,1.088339701553941,-1138.714370668232,17497.070559357762,1.957,0.1584,1.96,0.1405,2.011591442679508,2.8988749243333523,screen_failed,-316.6137061245085,9.6902185800995,-326.303924704608,29
APTUSDT-TIAUSDT,APTUSDT,TIAUSDT,1,2025-01-24 00:00:00+00:00,2025-01-27 04:00:00+00:00,0.786212606705921,381.1053020264192,-419.3439398478747,8.1,4.562,7.1,3.963,-2.4586459210040403,-2.6950207416658527,screen_failed,-129.9182820575422,9.367707678004706,-139.2859897355469,19
LTCUSDT-ALGOUSDT,LTCUSDT,ALGOUSDT,-1,2025-01-24 12:00:00+00:00,2025-01-27 04:00:00+00:00,0.6823062581607426,-26.11488278282812,4402.113702244596,122.13,0.4113,109.66,0.3565,2.0430741516813358,1.2617733582894564,screen_failed,84.41675741886266,9.43311158081513,74.98364583804752,16
APTUSDT-ETCUSDT,APTUSDT,ETCUSDT,1,2025-01-24 12:00:00+00:00,2025-01-27 04:00:00+00:00,1.034252141947368,277.529876759537,-93.75472963389346,8.52,28.11,7.1,25.27,-2.9981238566725663,-3.3233412391134816,screen_failed,-127.8289928382851,9.3396441428412,-137.1686369811263,16
FETUSDT-OPUSDT,FETUSDT,OPUSDT,-1,2025-01-26 08:00:00+00:00,2025-01-27 04:00:00+00:00,1.1096819031941139,-1976.0299104767948,1575.6490441323647,1.229,1.632,1.088,1.375,2.084248549127303,4.243637733293994,stop_divergence,-126.3215869647895,9.316437978280755,-135.63802494307026,5
ENAUSDT-TAOUSDT,ENAUSDT,TAOUSDT,1,2025-01-26 20:00:00+00:00,2025-01-27 04:00:00+00:00,1.125611242125177,2559.901698083798,-6.954045063729777,0.7764,433.2,0.7248,413.4,-2.5028607044588065,-2.6673302167555404,screen_failed,5.599164640725746,9.730218980117026,-4.13105433939128,2
DOTUSDT-OPUSDT,DOTUSDT,OPUSDT,-1,2025-01-27 00:00:00+00:00,2025-01-27 04:00:00+00:00,0.9412960030096017,-482.9850923580399,1456.0554226881322,5.987,1.448,5.704,1.375,3.658042307909783,3.552188366435349,screen_failed,30.392735281091888,9.757023173006441,20.635712108085446,1
FETUSDT-ATOMUSDT,FETUSDT,ATOMUSDT,1,2025-01-27 16:00:00+00:00,2025-01-28 16:00:00+00:00,1.1630328396439957,2031.933577626074,-486.60106647504983,1.083,5.753,1.024,5.86,-2.0741446893958373,-4.4735588225711975,stop_divergence,-171.9503951927687,9.932182233032893,-181.8825774258016,6
APTUSDT-OPUSDT,APTUSDT,OPUSDT,-1,2025-01-30 12:00:00+00:00,2025-01-31 04:00:00+00:00,0.8820306575918908,-359.8756142352392,1465.0808233999494,7.84,1.487,7.98,1.417,2.0366641152910785,4.57798424791649,stop_divergence,-152.93824363093023,9.947826928354937,-162.88607055928517,4
FETUSDT-ATOMUSDT,FETUSDT,ATOMUSDT,1,2025-01-29 16:00:00+00:00,2025-02-01 04:00:00+00:00,1.1630328396439957,2070.4209428634126,-498.6721818281979,1.005,5.854,1.044,6.313,-3.755559915820498,-3.0413016505496837,screen_failed,-148.14411468746925,10.309636948230818,-158.45375163570006,15
DOTUSDT-GALAUSDT,DOTUSDT,GALAUSDT,-1,2025-02-01 08:00:00+00:00,2025-02-02 08:00:00+00:00,0.7221219431496705,-530.567980041629,51094.424450113824,6.4,0.0314,5.629,0.0274,2.9016009996344967,0.4526200465886539,target,204.69021481164123,9.386554389587449,195.30366042205378,6
FILUSDT-INJUSDT,FILUSDT,INJUSDT,1,2025-02-02 00:00:00+00:00,2025-02-03 00:00:00+00:00,0.8091643355615591,700.8408818160376,-114.78042291553497,4.224,17.77,2.931,13.07,-2.170082476109829,-6.016041033952266,stop_divergence,-366.7192724851225,8.554344752108848,-375.27361723723135,6
AVAXUSDT-FILUSDT,AVAXUSDT,FILUSDT,-1,2025-02-02 16:00:00+00:00,2025-02-03 00:00:00+00:00,0.9843622958033774,-92.19859955194867,621.8908300820763,28.66,3.791,23.91,2.931,2.012231783928377,5.1250651427450755,stop_divergence,-96.88276599882926,9.027230538257658,-105.90999653708691,2
FILUSDT-SANDUSDT,FILUSDT,SANDUSDT,1,2025-02-02 16:00:00+00:00,2025-02-03 00:00:00+00:00,0.8873843284904004,700.8424464634335,-5479.668581518064,3.791,0.4276,2.931,0.3518,-2.3004741019853743,-6.465700526001858,stop_divergence,-187.36562547948353,8.981916617562378,-196.3475420970459,2
FETUSDT-OPUSDT,FETUSDT,OPUSDT,1,2025-02-03 04:00:00+00:00,2025-02-03 16:00:00+00:00,1.018886058099974,3628.3041685171584,-2091.557680497697,0.733,1.119,0.865,1.205,-3.1488771413748546,-0.1608138248266008,target,299.0621897214628,10.658810110767067,288.4033796106957,3
BNBUSDT-BCHUSDT,BNBUSDT,BCHUSDT,1,2025-02-02 16:00:00+00:00,2025-02-04 04:00:00+00:00,0.467287883996732,6.398700374320968,-2.7085934805511154,624.49,370.7,568.88,324.0,-2.028413878184983,-4.412951432770676,stop_divergence,-229.34041227425206,9.517676956642273,-238.85808923089434,9
FILUSDT-SANDUSDT,FILUSDT,SANDUSDT,1,2025-02-04 00:00:00+00:00,2025-02-04 04:00:00+00:00,0.8873843284904004,737.1755030103731,-5932.18649731515,3.398,0.4206,3.14,0.3877,-4.757315681548101,-4.700330851203276,stop_divergence,4.977655984992083,9.614639784461655,-4.636983799469572,1
SEIUSDT-ETHFIUSDT,SEIUSDT,ETHFIUSDT,-1,2025-02-03 00:00:00+00:00,2025-02-06 04:00:00+00:00,0.8786543609063333,-13674.485030708533,2132.3482797046277,0.22,0.934,0.2376,1.171,3.817991539884473,-1.8102519701458035,screen_failed,264.6956057495265,10.746037478830466,253.94956827069606,19
AVAXUSDT-FILUSDT,AVAXUSDT,FILUSDT,-1,2025-02-04 00:00:00+00:00,2025-02-06 04:00:00+00:00,0.9843622958033774,-100.631017589461,654.0859077489334,27.6,3.398,26.53,3.321,3.837708016127595,2.3828736800534047,screen_failed,57.31057392405545,9.84196019628261,47.46861372777284,13
FILUSDT-INJUSDT,FILUSDT,INJUSDT,1,2025-02-04 00:00:00+00:00,2025-02-06 04:00:00+00:00,0.8091643355615591,800.0045708095939,-149.51405428499342,3.398,15.26,3.321,14.13,-3.819115368873343,-1.936114003485981,screen_failed,107.35052938970371,9.769448766705619,97.58108062299809,13
FILUSDT-SANDUSDT,FILUSDT,SANDUSDT,1,2025-02-05 04:00:00+00:00,2025-02-06 04:00:00+00:00,0.8873843284904004,755.5779263845493,-6166.108026812094,3.336,0.4021,3.321,0.3958,-2.9477457089523296,-2.311334165336479,screen_failed,27.512811673148363,9.949819850535317,17.562991822613046,6
SEIUSDT-ARKMUSDT,SEIUSDT,ARKMUSDT,-1,2025-02-03 00:00:00+00:00,2025-02-07 12:00:00+00:00,0.9276810474557182,-13180.768976853475,2996.049679161535,0.22,0.701,0.2298,0.769,2.8324998920778004,0.3906339413702541,target,74.55984220982049,10.33290291415615,64.22693929566434,27
DOTUSDT-GALAUSDT,DOTUSDT,GALAUSDT,1,2025-02-05 00:00:00+00:00,2025-02-07 12:00:00+00:00,0.7221219431496705,681.1643108320358,-77090.96617532262,4.743,0.02295,4.833,0.02257,-2.9135757173771144,-0.2803816230771856,target,90.59935512150585,10.032010220828262,80.5673449006776,15
ETHFIUSDT-STXUSDT,ETHFIUSDT,STXUSDT,-1,2025-02-06 12:00:00+00:00,2025-02-07 16:00:00+00:00,1.2386000685727632,-1618.0693366626965,3562.7730018979846,1.082,0.912,1.119,0.89,2.2857605438699364,4.079270984070376,stop_divergence,-138.24957149827537,9.981487559414765,-148.23105905769015,7
SEIUSDT-ARKMUSDT,SEIUSDT,ARKMUSDT,-1,2025-02-08 16:00:00+00:00,2025-02-09 12:00:00+00:00,0.8941475583026166,-13258.102651007988,2872.485116242545,0.2259,0.698,0.2286,0.665,2.9608670068352225,4.539968243782987,stop_divergence,-130.58888599372543,9.941004868321718,-140.52989086204715,5
AVAXUSDT-SANDUSDT,AVAXUSDT,SANDUSDT,1,2025-02-08 16:00:00+00:00,2025-02-09 20:00:00+00:00,0.8976667700470468,111.401163860954,-5860.99868436836,24.58,0.3859,24.87,0.3763,-2.565921577227295,-0.4769434653973243,target,88.5719248896132,9.976040750149739,78.59588413946346,7
DOTUSDT-INJUSDT,DOTUSDT,INJUSDT,-1,2025-02-08 04:00:00+00:00,2025-02-10 04:00:00+00:00,0.8362934222662679,-619.8131118005102,164.19113604694587,4.602,13.08,4.822,14.75,2.427835652922131,-0.17231846383956015,target,137.8403126022875,10.410558081794512,127.42975452049299,12
BNBUSDT-BCHUSDT,BNBUSDT,BCHUSDT,1,2025-02-05 04:00:00+00:00,2025-02-10 08:00:00+00:00,0.467287883996732,6.713635787543701,-3.455209332906184,573.63,332.5,606.14,332.0,-3.764007004566989,0.34166137137562586,target,219.98790411949875,10.216532694786594,209.77137142471216,31
ETHFIUSDT-STXUSDT,ETHFIUSDT,STXUSDT,-1,2025-02-08 16:00:00+00:00,2025-02-10 20:00:00+00:00,1.2386000685727632,-1570.371986603459,3573.219879533077,1.127,0.904,1.129,0.967,2.8306482082596016,0.41569365232859085,target,221.97210843737673,10.22825359638379,211.74385484099295,13
ARBUSDT-ARKMUSDT,ARBUSDT,ARKMUSDT,-1,2025-02-08 20:00:00+00:00,2025-02-11 04:00:00+00:00,0.8675552818757121,-6267.202233281203,3131.8376365279573,0.45,0.696,0.4902,0.711,2.270669416071678,3.0070402123675417,screen_failed,-204.96396522998504,10.298919094325823,-215.26288432431085,14
APTUSDT-SANDUSDT,APTUSDT,SANDUSDT,-1,2025-02-09 20:00:00+00:00,2025-02-11 04:00:00+00:00,1.0106115926640937,-402.4194302085755,6967.0506709203255,5.91,0.3763,6.33,0.4117,2.080727960855865,1.0396113753837166,screen_failed,77.61743306297774,10.415649754438181,67.20178330853956,8
AVAXUSDT-INJUSDT,AVAXUSDT,INJUSDT,1,2025-02-10 04:00:00+00:00,2025-02-11 04:00:00+00:00,0.8493158793023823,116.13545644509375,-138.99385805387243,25.4,14.75,26.7,15.1,-2.7904352889913344,-1.1547850313642098,screen_failed,102.32824305976666,10.199623943697478,92.12861911606919,6
SEIUSDT-ARKMUSDT,SEIUSDT,ARKMUSDT,-1,2025-02-10 12:00:00+00:00,2025-02-11 04:00:00+00:00,0.8941475583026166,-12986.587064364883,2995.0341385088705,0.2328,0.66,0.2431,0.711,4.184606024783283,2.995371104173763,screen_failed,18.98489430099383,10.28650858782691,8.69838571316692,4
APTUSDT-TIAUSDT,APTUSDT,TIAUSDT,1,2025-02-11 08:00:00+00:00,2025-02-12 08:00:00+00:00,0.8866351006536463,445.82299623213765,-655.117079539412,6.15,3.447,6.0,3.138,-2.3620806377380417,-0.11231606897701785,target,135.55772814285757,9.730695372987501,125.82703276987007,6
APTUSDT-GALAUSDT,APTUSDT,GALAUSDT,1,2025-02-11 12:00:00+00:00,2025-02-12 08:00:00+00:00,0.8503616390415976,482.3869813515907,-90142.42012461752,5.97,0.02352,6.0,0.02259,-2.1734276668066843,-0.1635113280011879,target,98.30406015644216,9.930639158724652,88.3734209977175,5
TIAUSDT-INJUSDT,TIAUSDT,INJUSDT,-1,2025-02-11 04:00:00+00:00,2025-02-12 12:00:00+00:00,0.9953853212676108,-707.5458631903454,166.60970028733095,3.511,15.1,3.078,14.04,2.061945241412642,0.02752690232810197,target,129.76107645684883,9.51702635893401,120.24405009791482,8
APTUSDT-ETHFIUSDT,APTUSDT,ETHFIUSDT,-1,2025-02-12 08:00:00+00:00,2025-02-12 16:00:00+00:00,0.7889925955899957,-516.6789756530094,1759.1908760017998,6.0,1.08,6.01,1.134,2.216553949017369,0.4634664489472132,target,89.82951754756691,10.100163097060626,79.72935445050628,2
DOTUSDT-GALAUSDT,DOTUSDT,GALAUSDT,-1,2025-02-12 12:00:00+00:00,2025-02-12 16:00:00+00:00,0.7366610173974084,-613.3961578933956,82926.24687501132,5.096,0.0226,5.286,0.02353,3.767544308529402,4.058576177540334,stop_divergence,-39.423860405984314,10.193666679593505,-49.61752708557782,1
ETHFIUSDT-ICPUSDT,ETHFIUSDT,ICPUSDT,1,2025-02-12 00:00:00+00:00,2025-02-13 00:00:00+00:00,1.3202084075351053,1594.4598117616406,-464.7836305723791,1.077,7.063,1.201,7.362,-2.198227740855226,-0.4775758850062664,target,58.74271111730209,10.336683322199585,48.40602779510251,6
UNIUSDT-APTUSDT,UNIUSDT,APTUSDT,-1,2025-02-11 08:00:00+00:00,2025-02-13 08:00:00+00:00,0.9607749172905521,-266.50649385720726,381.35427881111525,9.961,6.15,9.634,6.17,2.045225245830737,0.38304765325330736,target,94.7747090675289,9.920479462084916,84.85422960544399,12
ADAUSDT-XLMUSDT,ADAUSDT,XLMUSDT,-1,2025-02-11 04:00:00+00:00,2025-02-14 08:00:00+00:00,1.1001852526242364,-2467.49167348268,9039.711782964961,0.802,0.3342,0.8065,0.3535,2.9514329076005565,0.3869450688691409,target,163.36272488055167,10.185570149941896,153.17715473060977,19
APTUSDT-TIAUSDT,APTUSDT,TIAUSDT,-1,2025-02-13 16:00:00+00:00,2025-02-14 12:00:00+00:00,0.8866351006536463,-466.73216105764914,727.1596585168018,6.07,2.98,6.15,3.22,2.1906080115872744,0.009669797714770032,target,137.17974515942063,10.211856890928644,126.96788826849199,5
DOTUSDT-INJUSDT,DOTUSDT,INJUSDT,-1,2025-02-12 08:00:00+00:00,2025-02-15 00:00:00+00:00,0.7755439526060951,-601.0403559361617,144.37457114145587,4.956,14.0,5.187,15.64,2.337966314458328,0.29464761512974785,target,97.93397445073444,10.375614618893241,87.5583598318412,16
DOTUSDT-GALAUSDT,DOTUSDT,GALAUSDT,-1,2025-02-13 16:00:00+00:00,2025-02-15 00:00:00+00:00,0.7366610173974084,-616.2620653367761,79474.08017179293,5.137,0.02308,5.187,0.02472,2.745590028327087,0.14594220353307294,target,99.52438821490108,10.161150594748579,89.3632376201525,8
UNIUSDT-ETHFIUSDT,UNIUSDT,ETHFIUSDT,-1,2025-02-12 04:00:00+00:00,2025-02-16 04:00:00+00:00,0.7568186332553266,-341.7637906024267,1622.6640394867734,9.488,1.083,9.743,1.104,2.0132339705328226,1.847219388888436,screen_failed,-53.07382177439662,10.121225711432842,-63.19504748582946,24
SEIUSDT-STRKUSDT,SEIUSDT,STRKUSDT,-1,2025-02-13 12:00:00+00:00,2025-02-16 04:00:00+00:00,0.9150663729426493,-11463.692588498345,10026.878638695025,0.2335,0.2317,0.2357,0.2267,2.428054897629973,2.811486510766722,screen_failed,-75.35451688817102,9.97508573050122,-85.32960261867224,16
TIAUSDT-INJUSDT,TIAUSDT,INJUSDT,1,2025-02-13 12:00:00+00:00,2025-02-16 04:00:00+00:00,0.9953853212676108,849.0225441126362,-161.1573261757219,3.04,15.01,3.034,15.0,-2.460971161920095,-2.147328819949922,screen_failed,-3.482562002918826,9.993294291473568,-13.475856294392393,16
UNIUSDT-APTUSDT,UNIUSDT,APTUSDT,-1,2025-02-14 12:00:00+00:00,2025-02-16 04:00:00+00:00,0.9607749172905521,-261.4558578193135,383.2852340101429,10.108,6.15,9.743,5.9,2.3409444406035056,2.142607751957893,screen_failed,-0.3899203984862396,9.808747303393414,-10.198667701879653,10
APTUSDT-GALAUSDT,APTUSDT,GALAUSDT,1,2025-02-14 16:00:00+00:00,2025-02-16 04:00:00+00:00,0.8503616390415976,477.3878837171375,-82551.0623692344,6.18,0.02483,5.9,0.02315,-2.587089417532103,-1.6499150407470364,screen_failed,5.017177339515655,9.72764560777889,-4.7104682682632335,9
SEIUSDT-STXUSDT,SEIUSDT,STXUSDT,-1,2025-02-15 16:00:00+00:00,2025-02-16 04:00:00+00:00,1.046473093909962,-10302.0373957735,2728.562257780362,0.2377,0.935,0.2357,0.927,2.3204899362233333,2.2423765658553063,screen_failed,-1.2244232706958975,9.95756742714621,-11.181990697842107,3
GALAUSDT-INJUSDT,GALAUSDT,INJUSDT,1,2025-02-17 04:00:00+00:00,2025-02-18 08:00:00+00:00,1.0249258412829205,112934.94789101942,-165.48219623584944,0.02225,15.03,0.02167,13.99,-2.0003038143528604,-0.2962082866188995,target,106.59921430849195,9.762396246137923,96.83681806235403,7
AVAXUSDT-SANDUSDT,AVAXUSDT,SANDUSDT,1,2025-02-16 08:00:00+00:00,2025-02-18 12:00:00+00:00,0.9421485096132998,104.17145649259243,-5825.793344165252,25.46,0.403,23.44,0.3544,-2.2292909988816336,0.16364309127350637,target,72.7072144113948,9.506440101358532,63.200774310036266,13
APTUSDT-TIAUSDT,APTUSDT,TIAUSDT,1,2025-02-18 04:00:00+00:00,2025-02-19 00:00:00+00:00,0.8672786703513057,531.7978732414351,-669.8894059875851,5.55,3.058,5.81,3.001,-2.43330166234626,0.1266294753938398,target,176.45114318406533,10.100083750901481,166.35105943316384,5
APTUSDT-ETHFIUSDT,APTUSDT,ETHFIUSDT,1,2025-02-18 04:00:00+00:00,2025-02-19 00:00:00+00:00,0.7751380892099069,565.2944165498166,-1705.6922968393021,5.55,1.092,5.81,1.088,-2.021478564387862,0.21965205708709606,target,153.7993174903094,10.140153779115595,143.6591637111938,5
BCHUSDT-INJUSDT,BCHUSDT,INJUSDT,1,2025-02-15 20:00:00+00:00,2025-02-21 04:00:00+00:00,0.6951413422210478,10.7716009586327,-92.48751084834365,332.9,15.29,328.0,15.98,-2.0490722201668645,-2.6604376731859802,screen_failed,-116.5972271826572,10.011035537788057,-126.60826272044527,32
BCHUSDT-CFXUSDT,BCHUSDT,CFXUSDT,1,2025-02-16 16:00:00+00:00,2025-02-21 04:00:00+00:00,0.8821897788359234,9.852620696491908,-14687.060110995897,328.3,0.1202,328.0,0.1206,-2.145818540180001,-1.8420945835463787,screen_failed,-8.830610253346007,10.00291903783545,-18.833529291181456,27
ETHUSDT-HBARUSDT,ETHUSDT,HBARUSDT,-1,2025-02-17 08:00:00+00:00,2025-02-21 04:00:00+00:00,0.5648136529500379,-1.3559351591072775,5729.366613613259,2755.2,0.22064,2756.32,0.21978,2.127109763510876,1.726476127198139,screen_failed,-6.4459026659080205,9.996591392090494,-16.442494057998513,23
ALGOUSDT-ATOMUSDT,ALGOUSDT,ATOMUSDT,1,2025-02-17 16:00:00+00:00,2025-02-21 04:00:00+00:00,1.2221578561337332,7405.43682189754,-620.3995888454771,0.2692,4.846,0.2712,4.911,-2.366358901979118,-1.9491715705724408,screen_failed,-25.51509963116061,10.05513684691875,-35.57023647807936,21
LINKUSDT-AAVEUSDT,LINKUSDT,AAVEUSDT,1,2025-02-18 08:00:00+00:00,2025-02-21 04:00:00+00:00,0.9429940925423097,151.13154323459827,-8.907596990376803,18.0,255.92,18.25,260.88,-2.4938467055028197,-2.1201098418096858,screen_failed,-6.398795263619448,10.08196456688092,-16.480759830500368,17
LINKUSDT-ENSUSDT,LINKUSDT,ENSUSDT,1,2025-02-18 08:00:00+00:00,2025-02-21 04:00:00+00:00,0.9832456150742324,145.05245544733432,-90.25522485636503,18.0,26.47,18.25,27.6,-2.2833265773661116,-2.7576152695011045,screen_failed,-65.72529022585914,10.138251517949527,-75.86354174380867,17
AVAXUSDT-ETHFIUSDT,AVAXUSDT,ETHFIUSDT,1,2025-02-18 08:00:00+00:00,2025-02-21 04:00:00+00:00,0.7694735814322539,136.60245701803242,-1571.620314460621,23.97,1.098,25.16,1.171,-2.054222284656087,-1.5657687713996593,screen_failed,47.82864089583347,10.277285206807083,37.55135568902639,17
ETHUSDT-VETUSDT,ETHUSDT,VETUSDT,-1,2025-02-18 12:00:00+00:00,2025-02-21 04:00:00+00:00,0.5721125973868018,-1.386109903832179,41526.250003976376,2673.7,0.03116,2756.32,0.0327,2.14779756723477,1.9936921013149855,screen_failed,-50.56997524849149,10.178470825260739,-60.74844607375223,16
ETHFIUSDT-SANDUSDT,ETHFIUSDT,SANDUSDT,-1,2025-02-18 12:00:00+00:00,2025-02-21 04:00:00+00:00,1.2087401084082727,-1879.8375520690129,8480.508908732443,1.061,0.3544,1.171,0.3784,2.387466409406418,2.2448770462564895,screen_failed,-3.2499169180127865,10.41031434453717,-13.660231262549956,16
AVAXUSDT-CRVUSDT,AVAXUSDT,CRVUSDT,1,2025-02-18 16:00:00+00:00,2025-02-21 04:00:00+00:00,0.7327050116370737,143.00175955804227,-3500.7864965486133,23.16,0.4822,25.16,0.5299,-2.074150585073588,-1.1742016032651337,screen_failed,119.0160032307156,10.452991035001453,108.56301219571415,15
DOTUSDT-ALGOUSDT,DOTUSDT,ALGOUSDT,-1,2025-02-18 16:00:00+00:00,2025-02-21 04:00:00+00:00,0.7963204864125702,-645.2984196497566,7903.307387402181,4.673,0.2511,5.04,0.2712,2.139511061224414,2.064560716896501,screen_failed,-77.96804152467678,10.395680998498245,-88.36372252317503,15
GALAUSDT-INJUSDT,GALAUSDT,INJUSDT,1,2025-02-19 12:00:00+00:00,2025-02-21 04:00:00+00:00,1.0249258412829205,114178.98013910804,-169.18677204273385,0.02192,14.76,0.0235,15.98,-2.047055555330286,-2.109251670991974,screen_failed,-26.005073272344532,10.386810650511926,-36.39188392285646,10
DOGEUSDT-INJUSDT,DOGEUSDT,INJUSDT,1,2025-02-19 16:00:00+00:00,2025-02-21 04:00:00+00:00,0.8202680580745776,12478.131199546075,-123.37267447404275,0.2519,15.05,0.25319,15.98,-2.601444587656697,-3.5145900823112664,screen_failed,-98.63979801344512,10.130833376508274,-108.7706313899534,9
APTUSDT-TIAUSDT,APTUSDT,TIAUSDT,-1,2025-02-20 00:00:00+00:00,2025-02-21 04:00:00+00:00,0.8672786703513057,-391.9451217565845,723.4944350928594,6.73,3.265,6.35,3.652,2.685099658111385,-2.542210097235688,screen_failed,428.93149264843896,10.131053200113435,418.8004394483255,7
FETUSDT-OPUSDT,FETUSDT,OPUSDT,1,2025-02-17 12:00:00+00:00,2025-02-21 12:00:00+00:00,1.0438261169525838,2712.7667354796567,-2492.250939970166,0.771,1.167,0.798,1.151,-2.241456515820053,-0.2684843221119519,target,113.1207168974735,10.033368686818427,103.08734821065507,24
AVAXUSDT-SANDUSDT,AVAXUSDT,SANDUSDT,-1,2025-02-21 12:00:00+00:00,2025-02-22 00:00:00+00:00,0.9645704818929691,-106.89887860466644,6084.513694608659,25.48,0.3741,25.12,0.3528,2.218488148086448,4.20527805809994,stop_divergence,-91.1165453974845,9.831916262007155,-100.94846165949166,3
PEOPLEUSDT-SANDUSDT,PEOPLEUSDT,SANDUSDT,-1,2025-02-21 08:00:00+00:00,2025-02-22 20:00:00+00:00,1.2265411078554571,-77648.43925698068,8603.486368245489,0.02179,0.3845,0.02229,0.356,2.4793189052683813,4.16532816002917,stop_divergence,-284.023581123487,9.793624858133493,-293.81720598162053,9
AVAXUSDT-RAYUSDT,AVAXUSDT,RAYUSDT,-1,2025-02-22 00:00:00+00:00,2025-02-24 00:00:00+00:00,0.8200748414486861,-129.87421980808395,403.8019052802533,25.12,4.303,24.01,3.216,2.0757437995361907,5.114654636745696,stop_divergence,-294.77228705266214,9.416906944973391,-304.1891939976355,12
SOLUSDT-RAYUSDT,SOLUSDT,RAYUSDT,-1,2025-02-24 00:00:00+00:00,2025-02-24 04:00:00+00:00,0.6517213162042905,-24.65524847790614,320.35399333716805,161.01,3.216,160.99,3.174,4.34722882297476,4.396710138884832,stop_divergence,-12.961762750603468,9.986052027310281,-22.94781477791375,1
DOTUSDT-GALAUSDT,DOTUSDT,GALAUSDT,-1,2025-02-21 12:00:00+00:00,2025-02-25 04:00:00+00:00,0.7237934921998197,-617.1987533859051,75746.64221589564,5.206,0.02359,4.263,0.01849,2.008029480570109,0.4053550549178547,target,195.710549141841,9.031673700256025,186.67887544158498,22
FETUSDT-OPUSDT,FETUSDT,OPUSDT,1,2025-02-23 12:00:00+00:00,2025-02-25 04:00:00+00:00,1.075356352737497,2990.132101098263,-2384.280576685504,0.748,1.159,0.651,0.964,-2.137767089306564,-0.474379336913747,target,174.89189864714206,9.245022473739795,165.64687617340226,10
APTUSDT-INJUSDT,APTUSDT,INJUSDT,1,2025-02-21 08:00:00+00:00,2025-02-25 12:00:00+00:00,0.8636002962644479,384.6279699640421,-153.47152109547426,6.36,16.64,5.49,13.07,-2.169928106602306,0.3235978043471504,target,213.2669964421264,9.11748033582044,204.14951610630598,25
PEOPLEUSDT-BCHUSDT,PEOPLEUSDT,BCHUSDT,-1,2025-02-21 08:00:00+00:00,2025-02-25 12:00:00+00:00,1.5490220669879615,-47026.60938995222,12.09397682200469,0.02179,328.7,0.01943,282.7,2.3052558565701715,4.157148742406615,stop_divergence,-445.34013565192845,9.332694268027497,-454.672829919956,25
SOLUSDT-RAYUSDT,SOLUSDT,RAYUSDT,-1,2025-02-25 12:00:00+00:00,2025-02-25 16:00:00+00:00,0.6517213162042905,-27.88602917843226,439.68373289408635,138.89,2.563,145.43,2.589,3.293068570760364,4.153129308647653,stop_divergence,-170.94285377170138,10.193806407882192,-181.13666017958357,1
AVAXUSDT-RAYUSDT,AVAXUSDT,RAYUSDT,-1,2025-02-25 16:00:00+00:00,2025-02-25 20:00:00+00:00,0.8200748414486861,-167.31841363165844,522.3864746349346,21.8,2.589,21.94,2.519,3.9818896313696044,4.090856840829338,stop_divergence,-59.991631132877615,9.986857524683987,-69.9784886575616,1
ETHUSDT-LINKUSDT,ETHUSDT,LINKUSDT,-1,2025-02-21 04:00:00+00:00,2025-02-26 04:00:00+00:00,0.679530390687488,-1.2054981209852453,91.90473529676427,2756.32,18.25,2483.81,15.3,2.208256922140649,1.665425636602058,screen_failed,57.39132382423492,9.400370737924856,47.990953086310064,30
DOGEUSDT-ETHFIUSDT,DOGEUSDT,ETHFIUSDT,1,2025-02-21 08:00:00+00:00,2025-02-26 04:00:00+00:00,0.7330531542741574,13592.421599611305,-1272.4497949129334,0.25514,1.204,0.21019,0.96,-2.186010606685953,-1.995499628795949,screen_failed,-300.5016009437723,9.078542899138716,-309.580143842911,29
AVAXUSDT-PEOPLEUSDT,AVAXUSDT,PEOPLEUSDT,1,2025-02-21 16:00:00+00:00,2025-02-26 04:00:00+00:00,0.7574115765093036,143.3464634430272,-77581.94667376517,23.91,0.02027,22.17,0.02009,-2.278515052677297,-2.9123874185409795,screen_failed,-235.4580959895894,9.736612403207856,-245.19470839279725,27
BOMEUSDT-SAGAUSDT,BOMEUSDT,SAGAUSDT,-1,2025-02-22 04:00:00+00:00,2025-02-26 04:00:00+00:00,1.0818200316245985,-1090032.3125308023,4441.230839677046,0.002045,0.6239,0.001835,0.5263,2.0464696903350905,2.633287860836677,screen_failed,-204.55734432101139,9.337629084416053,-213.89497340542744,24
BCHUSDT-SANDUSDT,BCHUSDT,SANDUSDT,-1,2025-02-22 04:00:00+00:00,2025-02-26 04:00:00+00:00,0.7847939823274234,-10.769892457322436,4498.900293608844,317.3,0.3518,295.2,0.3086,2.0600488766778544,2.264247210374028,screen_failed,43.66213062292397,9.56763288400927,34.0944977389147,24
PEOPLEUSDT-ETCUSDT,PEOPLEUSDT,ETCUSDT,-1,2025-02-22 08:00:00+00:00,2025-02-26 04:00:00+00:00,1.6687534879003374,-50904.53956216896,191.913285045766,0.02154,20.34,0.02009,18.86,2.6902480501653963,3.083373025345361,screen_failed,-210.22007950258876,9.642156755767122,-219.8622362583559,23
ARBUSDT-PEOPLEUSDT,ARBUSDT,PEOPLEUSDT,1,2025-02-22 20:00:00+00:00,2025-02-26 04:00:00+00:00,0.8322204586325676,6725.437890393353,-80513.96596852975,0.4766,0.02229,0.4229,0.02009,-2.5604447835879243,-2.776865145667392,screen_failed,-184.0252895833577,9.461713260155111,-193.4870028435128,20
AVAXUSDT-SANDUSDT,AVAXUSDT,SANDUSDT,-1,2025-02-23 00:00:00+00:00,2025-02-26 04:00:00+00:00,0.9645704818929691,-104.77000555676342,6532.140795831205,25.69,0.3534,22.17,0.3086,4.0188755029496015,2.2632783299887227,screen_failed,76.15051190656919,9.338569672786955,66.81194223378223,19
ARBUSDT-OPUSDT,ARBUSDT,OPUSDT,1,2025-02-23 16:00:00+00:00,2025-02-26 04:00:00+00:00,0.9559826737837183,5329.115860716478,-2075.882129894479,0.4782,1.181,0.4229,1.088,-2.040932632671251,-3.0223631627067284,screen_failed,-101.64306901743481,9.512242854822192,-111.155311872257,15
PEOPLEUSDT-SANDUSDT,PEOPLEUSDT,SANDUSDT,-1,2025-02-23 20:00:00+00:00,2025-02-26 04:00:00+00:00,1.2265411078554571,-91734.00419708472,8682.12307764082,0.0212,0.3519,0.02009,0.3086,2.8681467489060193,3.1631005507405363,screen_failed,-274.1111846030835,9.52223932607939,-283.63342392916286,14
ETCUSDT-CFXUSDT,ETCUSDT,CFXUSDT,1,2025-02-24 04:00:00+00:00,2025-02-26 04:00:00+00:00,0.8182805799641365,144.5462437215214,-17471.719146994976,20.05,0.1203,18.86,0.1151,-2.12873214091847,-2.401143749380225,screen_failed,-81.15709046423657,9.737137030407016,-90.89422749464359,12
ETHUSDT-CFXUSDT,ETHUSDT,CFXUSDT,1,2025-02-25 04:00:00+00:00,2025-02-26 04:00:00+00:00,0.6185778009742667,1.376612032608802,-16384.475324470524,2368.11,0.1062,2483.81,0.1151,-3.0969945444460327,-2.723833932496031,screen_failed,13.45218178505064,10.305095842560625,3.1470859424900146,6
ADAUSDT-AAVEUSDT,ADAUSDT,AAVEUSDT,-1,2025-02-25 04:00:00+00:00,2025-02-26 04:00:00+00:00,0.9473761481813024,-4213.4673984868905,11.368708417943981,0.6595,195.38,0.682,205.21,2.3981987956942135,1.8905932173296958,screen_failed,16.951387282434126,10.206557420214345,6.744829862219782,6
DOGEUSDT-ETCUSDT,DOGEUSDT,ETCUSDT,1,2025-02-25 12:00:00+00:00,2025-02-26 04:00:00+00:00,1.155987998936852,11447.58116716106,-145.55177851386432,0.20346,18.35,0.21019,18.86,-2.7417702899525067,-2.5130349573695385,screen_failed,2.810814212923262,10.151273628297066,-7.340459415373803,4
XLMUSDT-AAVEUSDT,XLMUSDT,AAVEUSDT,-1,2025-02-25 20:00:00+00:00,2025-02-26 04:00:00+00:00,0.9010885929725657,-9945.995337747749,10.047084179279192,0.2955,205.13,0.2922,205.21,2.0199925443450635,1.5844493299673101,screen_failed,33.62555134890973,9.967981982119776,23.657569366789957,2
APTUSDT-GALAUSDT,APTUSDT,GALAUSDT,-1,2025-02-26 16:00:00+00:00,2025-02-27 00:00:00+00:00,0.7943760006748477,-458.9780462473866,125091.72489884181,5.68,0.01913,6.26,0.02001,2.43842723576012,4.241112656115391,stop_divergence,-156.1265489125036,10.376287984734464,-166.50283689723807,2
APTUSDT-INJUSDT,APTUSDT,INJUSDT,-1,2025-02-26 16:00:00+00:00,2025-03-01 08:00:00+00:00,0.8432693269981814,-478.00003351654294,181.49005636426017,5.68,12.59,6.52,12.66,2.2972677999491435,4.282842267897764,stop_divergence,-388.81572420839774,10.414224332099394,-399.2299485404971,16
APTUSDT-ICPUSDT,APTUSDT,ICPUSDT,-1,2025-02-26 16:00:00+00:00,2025-03-01 08:00:00+00:00,1.0361987267227724,-348.52761536231486,484.0325552471237,5.68,6.24,6.52,6.378,2.1740413228130864,4.130596926957754,stop_divergence,-225.96670428024143,10.359559689528448,-236.32626396976988,16
APTUSDT-GALAUSDT,APTUSDT,GALAUSDT,-1,2025-02-28 00:00:00+00:00,2025-03-01 08:00:00+00:00,0.7943760006748477,-459.0666675800025,128721.5941518149,5.78,0.01823,6.52,0.01918,3.353536483059052,4.1455762112696455,stop_divergence,-217.42381956497746,10.461994848453426,-227.8858144134309,8
ETHUSDT-XLMUSDT,ETHUSDT,XLMUSDT,1,2025-02-28 04:00:00+00:00,2025-03-01 08:00:00+00:00,0.7868017070401038,1.3450416162993633,-8402.76598584832,2106.2,0.2579,2184.42,0.3012,-2.07048538842728,-4.609417601154734,stop_divergence,-258.6306119602958,10.469048922414169,-269.09966088271,7
XLMUSDT-ENSUSDT,XLMUSDT,ENSUSDT,-1,2025-03-01 00:00:00+00:00,2025-03-01 20:00:00+00:00,0.9424010075290231,-8988.64463686092,107.50903755962493,0.2948,21.86,0.3115,21.36,2.1317502249007507,4.097529962789368,stop_divergence,-203.86488421538974,10.096355846655765,-213.9612400620455,5
XLMUSDT-LDOUSDT,XLMUSDT,LDOUSDT,-1,2025-03-01 00:00:00+00:00,2025-03-02 00:00:00+00:00,0.8462965433302053,-10369.518129030486,1534.80731087031,0.2948,1.266,0.3298,1.238,2.3499291299116427,4.255268466415063,stop_divergence,-405.9077392204355,10.319958529811698,-416.22769775024716,6
ETHUSDT-XLMUSDT,ETHUSDT,XLMUSDT,1,2025-03-02 08:00:00+00:00,2025-03-02 12:00:00+00:00,0.7868017070401038,1.3311633921846584,-6323.371648420825,2238.88,0.3194,2229.51,0.3358,-3.8674078172899073,-4.69472498598761,stop_divergence,-116.17629601887145,10.091230294049332,-126.26752631292078,1
BCHUSDT-ETCUSDT,BCHUSDT,ETCUSDT,-1,2025-03-01 00:00:00+00:00,2025-03-02 16:00:00+00:00,1.0638097692255897,-7.027834627657488,139.53666832978357,322.5,19.59,336.3,20.98,2.335862351402683,0.32784760610214064,target,96.97185111672582,10.290940086840074,86.68091102988575,10
DOTUSDT-1000SATSUSDT,DOTUSDT,1000SATSUSDT,1,2025-02-26 12:00:00+00:00,2025-03-03 00:00:00+00:00,1.7981148981456774,285.08777623740843,-26105191.548176628,4.847,0.0001386,5.095,0.0001299,-2.820073157863956,-0.3939151082843698,target,297.8169349760136,9.843586602037739,287.97334837397585,27
APTUSDT-DOTUSDT,APTUSDT,DOTUSDT,-1,2025-02-28 16:00:00+00:00,2025-03-03 00:00:00+00:00,1.098102494242896,-312.87771300174353,636.1372704466065,6.38,4.722,6.4,5.095,2.804900722689861,0.2537729248633659,target,231.0216476165488,10.243536756136619,220.77811086041217,14
NEARUSDT-ETHFIUSDT,NEARUSDT,ETHFIUSDT,-1,2025-02-26 08:00:00+00:00,2025-03-03 04:00:00+00:00,0.9087359943067892,-880.5005755371154,2458.3016405090652,3.043,0.944,3.317,1.002,2.070480816887338,1.779902179548771,screen_failed,-98.67566254764373,10.383838652846695,-109.05950120049042,29
INJUSDT-ATOMUSDT,INJUSDT,ATOMUSDT,1,2025-02-26 12:00:00+00:00,2025-03-03 04:00:00+00:00,1.1873706124234624,140.67573692239455,-680.6244649063535,13.34,4.589,13.82,4.642,-2.0696700614724746,-0.7383707148045406,screen_failed,31.451257082712743,10.103597450362786,21.34765963234996,28
APTUSDT-ATOMUSDT,APTUSDT,ATOMUSDT,-1,2025-02-27 00:00:00+00:00,2025-03-03 04:00:00+00:00,1.0181033302791695,-314.2007189967022,656.0898765045736,6.26,4.623,6.41,4.642,2.1428453183100182,1.8986346882083966,screen_failed,-34.66440019591846,10.059595815503092,-44.723996011421555,25
GALAUSDT-ICPUSDT,GALAUSDT,ICPUSDT,1,2025-02-27 08:00:00+00:00,2025-03-03 04:00:00+00:00,1.2962248376466765,95458.81988084354,-456.5717490797055,0.02018,6.732,0.02098,6.887,-2.4190470902735934,-1.4936321974915525,screen_failed,5.598434797320635,10.14713567701203,-4.548700879691394,23
APTUSDT-GALAUSDT,APTUSDT,GALAUSDT,-1,2025-03-02 08:00:00+00:00,2025-03-03 04:00:00+00:00,0.7943760006748477,-469.6948139276471,105937.72973343708,6.22,0.01962,6.41,0.02098,2.3624372641763385,1.798286993010672,screen_failed,54.83329779122133,10.233317327083729,44.5999804641376,5
APTUSDT-INJUSDT,APTUSDT,INJUSDT,-1,2025-03-02 08:00:00+00:00,2025-03-03 04:00:00+00:00,0.8432693269981814,-473.0054369982136,160.52310311007108,6.22,12.82,6.41,13.82,2.5759141674518062,1.7908140670782293,screen_failed,70.65207008041031,10.250394136139732,60.40167594427058,5
TRXUSDT-PENDLEUSDT,TRXUSDT,PENDLEUSDT,-1,2025-03-02 12:00:00+00:00,2025-03-03 04:00:00+00:00,0.33641259831735093,-17574.43611366491,280.19794782206463,0.2394,2.829,0.2412,2.872,2.3114863017747997,2.2875974258238165,screen_failed,-19.58547324824807,10.043682496760946,-29.629155745009015,4
XLMUSDT-ENSUSDT,XLMUSDT,ENSUSDT,-1,2025-03-02 20:00:00+00:00,2025-03-03 04:00:00+00:00,0.9424010075290231,-7562.016406678863,96.97998509574239,0.3511,24.18,0.3353,22.62,3.0381070368172276,3.2175102863774514,screen_failed,-31.80891752383171,9.729231364025116,-41.53814888785683,2
XLMUSDT-LDOUSDT,XLMUSDT,LDOUSDT,-1,2025-03-03 00:00:00+00:00,2025-03-03 04:00:00+00:00,0.8462965433302053,-8680.881102341786,1488.9354059688603,0.3458,1.342,0.3353,1.313,3.2276119357942017,2.9765583839679155,screen_failed,47.97012480149168,9.865671621652314,38.10445317983937,1
FETUSDT-ETHFIUSDT,FETUSDT,ETHFIUSDT,-1,2025-03-03 00:00:00+00:00,2025-03-03 04:00:00+00:00,0.9869045767825882,-3762.558445973172,2270.653221444922,0.726,0.999,0.72,1.002,2.3230420267066205,1.9313501821912695,screen_failed,29.387310340173826,9.984236608988496,19.40307373118533,1
WLDUSDT-STRKUSDT,WLDUSDT,STRKUSDT,-1,2025-03-03 04:00:00+00:00,2025-03-03 20:00:00+00:00,0.9075450844727951,-2199.805537688591,10922.516302596232,1.192,0.2177,1.048,0.1976,2.0004630651836806,-0.23519859097757825,target,97.22941974497252,9.46368542489066,87.76573432008186,4
BCHUSDT-ETCUSDT,BCHUSDT,ETCUSDT,-1,2025-03-03 16:00:00+00:00,2025-03-03 20:00:00+00:00,1.0690194876271477,-6.835742604069402,147.76764165448031,325.7,18.77,321.3,18.7,4.808339799301312,4.104927065282402,stop_divergence,19.733532542091552,9.95957899762628,9.773953544465272,1
BCHUSDT-ALGOUSDT,BCHUSDT,ALGOUSDT,-1,2025-03-03 12:00:00+00:00,2025-03-05 00:00:00+00:00,0.7313892728937352,-9.19523690546627,6918.412446401518,344.0,0.2655,343.4,0.2357,2.717173258390294,4.891631493299692,stop_divergence,-200.6515487594854,9.788314166953954,-210.43986292643936,9
BCHUSDT-ETCUSDT,BCHUSDT,ETCUSDT,-1,2025-03-04 20:00:00+00:00,2025-03-05 00:00:00+00:00,1.0690194876271477,-6.843103462754347,148.03720148666832,320.5,18.96,343.4,18.89,2.8997014996348884,5.677346961072668,stop_divergence,-167.06967340114122,10.146344465193007,-177.21601786633423,1
LINKUSDT-JASMYUSDT,LINKUSDT,JASMYUSDT,-1,2025-03-05 00:00:00+00:00,2025-03-06 00:00:00+00:00,0.940325468588526,-168.79558700996614,149955.64232085293,14.83,0.01665,17.22,0.01806,2.0647964642156547,4.327836125229268,stop_divergence,-191.98399728141652,10.614858908626221,-202.59885619004274,6
BCHUSDT-ETCUSDT,BCHUSDT,ETCUSDT,-1,2025-03-06 00:00:00+00:00,2025-03-06 04:00:00+00:00,1.0690194876271477,-5.23711698888207,140.86202736144077,395.0,20.81,404.4,20.64,4.333491881251774,4.83675598628009,stop_divergence,-73.175444346936,10.025282355044046,-83.20072670198005,1
BCHUSDT-ALGOUSDT,BCHUSDT,ALGOUSDT,-1,2025-03-06 00:00:00+00:00,2025-03-06 04:00:00+00:00,0.7313892728937352,-7.803593937860241,7534.697031611809,395.0,0.2545,404.4,0.2526,4.654378373026188,4.890991360935045,stop_divergence,-87.66970737594863,10.059037858655824,-97.72874523460446,1
LINKUSDT-JASMYUSDT,LINKUSDT,JASMYUSDT,-1,2025-03-07 00:00:00+00:00,2025-03-07 04:00:00+00:00,0.940325468588526,-148.06118448228116,158218.0113492115,16.17,0.01647,17.19,0.01692,3.8381710276702665,4.555510033371266,stop_divergence,-79.82430306478115,10.222220513279073,-90.04652357806022,1
JASMYUSDT-VETUSDT,JASMYUSDT,VETUSDT,1,2025-03-04 12:00:00+00:00,2025-03-07 08:00:00+00:00,0.9795459318285562,156976.44929474694,-94041.3245569952,0.01618,0.02616,0.01694,0.02978,-2.2135833067868047,-4.0993980361199025,stop_divergence,-221.12749343231508,10.459731696360329,-231.5872251286754,17
ARBUSDT-GALAUSDT,ARBUSDT,GALAUSDT,-1,2025-03-05 12:00:00+00:00,2025-03-07 08:00:00+00:00,0.8986054125578011,-6449.4778004835935,129622.45664240596,0.4155,0.0179,0.4077,0.01908,4.336506115500071,0.1743735531635829,target,203.26042568181094,10.102648571994266,193.15777710981666,11
PEOPLEUSDT-CFXUSDT,PEOPLEUSDT,CFXUSDT,-1,2025-02-28 04:00:00+00:00,2025-03-08 04:00:00+00:00,1.2980628544052382,-85736.55669417264,31437.962002814555,0.01945,0.106,0.01707,0.0988,2.2327912311837723,0.514922109486636,screen_failed,-22.300321488133818,9.569593668647606,-31.869915156781424,48
ARBUSDT-FETUSDT,ARBUSDT,FETUSDT,-1,2025-03-05 12:00:00+00:00,2025-03-08 04:00:00+00:00,0.8986432888044731,-6327.633572519138,4004.8450179363153,0.4155,0.592,0.3883,0.61,3.721750596588742,0.04689749062574863,target,244.19884349537432,9.899975577150332,234.29886791822398,16
ARKMUSDT-ARUSDT,ARKMUSDT,ARUSDT,-1,2025-03-07 00:00:00+00:00,2025-03-08 04:00:00+00:00,0.9961938326314784,-4214.798179052356,356.9918904224109,0.579,7.17,0.574,7.04,2.0754525711780767,2.1298990674923393,screen_failed,-25.33495485965158,9.932517063349826,-35.26747192300141,7
BCHUSDT-ETCUSDT,BCHUSDT,ETCUSDT,-1,2025-03-07 04:00:00+00:00,2025-03-08 04:00:00+00:00,1.0690194876271477,-5.029893545470718,142.00162946702676,404.3,20.89,382.4,19.77,3.4359310359915547,3.007880933886589,screen_failed,-48.887156357261205,9.730803506351123,-58.61795986361233,6
BCHUSDT-ALGOUSDT,BCHUSDT,ALGOUSDT,-1,2025-03-07 04:00:00+00:00,2025-03-08 04:00:00+00:00,0.7313892728937352,-7.5927655713533975,8005.9928639644195,404.3,0.2411,382.4,0.2301,4.126467203209496,3.1238756856795975,screen_failed,78.21564450903098,9.745652512483751,68.46999199654722,6
FETUSDT-GALAUSDT,FETUSDT,GALAUSDT,1,2025-03-07 08:00:00+00:00,2025-03-08 04:00:00+00:00,0.9725185933837911,4070.080031959738,-131291.45389982604,0.613,0.01908,0.61,0.01803,-2.134158727102492,-0.0031122249014180698,target,125.64578649893797,9.849933733309303,115.79585276562867,5
AVAXUSDT-FETUSDT,AVAXUSDT,FETUSDT,1,2025-03-08 04:00:00+00:00,2025-03-08 20:00:00+00:00,0.8610522300656742,135.5206407757997,-3797.8546108838786,19.8,0.61,20.49,0.603,-2.2745172149242,-0.14714094984966006,target,120.09422441148867,10.066924259859114,110.02730015162955,4
ARBUSDT-GALAUSDT,ARBUSDT,GALAUSDT,-1,2025-03-08 16:00:00+00:00,2025-03-09 16:00:00+00:00,0.8278521939877631,-6919.39883883071,124318.32290556128,0.4028,0.0178,0.3551,0.01596,2.0823446179618905,0.20193195309710724,target,101.30961046599171,9.441198961241543,91.86841150475017,6
RUNEUSDT-PEOPLEUSDT,RUNEUSDT,PEOPLEUSDT,-1,2025-03-09 12:00:00+00:00,2025-03-10 08:00:00+00:00,0.7310054772757508,-2531.22018007823,128825.84166743583,1.217,0.0149,1.102,0.0158,2.0164828552515552,-0.15682170242480745,target,407.03357820968887,9.824852936791697,397.2087252728972,5
OPUSDT-CFXUSDT,OPUSDT,CFXUSDT,-1,2025-03-09 16:00:00+00:00,2025-03-10 08:00:00+00:00,0.940900905254673,-3155.6374436585434,27227.895193760698,0.864,0.0835,0.921,0.0842,2.529810206314184,4.398276397679611,stop_divergence,-160.81180765290486,10.198930860924168,-171.01073851382904,4
ORDIUSDT-OPUSDT,ORDIUSDT,OPUSDT,1,2025-03-08 04:00:00+00:00,2025-03-11 00:00:00+00:00,1.0000302768948686,241.1109610243643,-2978.807858896003,9.26,0.929,8.4,0.791,-2.27832604866111,-0.3915187703516417,target,203.72005804669527,9.381569088991398,194.33848895770387,17
FETUSDT-CRVUSDT,FETUSDT,CRVUSDT,1,2025-03-09 04:00:00+00:00,2025-03-11 00:00:00+00:00,1.0606002539503885,4654.293717058499,-5715.756088405953,0.565,0.4147,0.447,0.3691,-2.078254611173235,-4.682902739650242,stop_divergence,-288.568180981591,9.190154863755787,-297.7583358453468,11
ARBUSDT-CRVUSDT,ARBUSDT,CRVUSDT,1,2025-03-10 16:00:00+00:00,2025-03-11 04:00:00+00:00,0.8263804439269371,9450.712222098598,-5184.115525334181,0.3261,0.37,0.3307,0.3901,-3.421942173478224,-4.005573294717116,stop_divergence,-60.7274458375636,10.14767399828087,-70.87511983584447,3
ARKMUSDT-STRKUSDT,ARKMUSDT,STRKUSDT,-1,2025-03-11 04:00:00+00:00,2025-03-11 08:00:00+00:00,0.9518957775119461,-3563.170769047579,19711.40746208599,0.574,0.1499,0.575,0.1523,5.715427784334028,5.014526979378121,stop_divergence,43.74420713995851,10.050870548678056,33.693336591280456,1
FETUSDT-CRVUSDT,FETUSDT,CRVUSDT,1,2025-03-12 00:00:00+00:00,2025-03-12 04:00:00+00:00,1.0606002539503885,5538.56868003881,-6102.606503352513,0.465,0.3973,0.481,0.412,-4.1847572385946945,-4.080090189592396,stop_divergence,-1.0912167186611583,10.178325414479904,-11.269542133141062,1
ETHUSDT-ETHFIUSDT,ETHUSDT,ETHFIUSDT,-1,2025-03-08 16:00:00+00:00,2025-03-12 16:00:00+00:00,0.7310842909460019,-1.4018653245992154,2322.7288875266486,2224.6,0.81,1878.25,0.676,2.1384773181673595,0.3272753114471267,target,174.29038424636724,9.203218273896491,165.08716597247076,24
WLDUSDT-STRKUSDT,WLDUSDT,STRKUSDT,1,2025-03-06 20:00:00+00:00,2025-03-13 04:00:00+00:00,0.9075450844727951,2790.0207184212672,-12414.866900083338,0.96,0.187,0.826,0.1703,-2.097807359621361,-3.0879020380466424,screen_failed,-166.53449903705817,9.41880894650016,-175.95330798355832,38
BOMEUSDT-STXUSDT,BOMEUSDT,STXUSDT,1,2025-03-08 12:00:00+00:00,2025-03-13 04:00:00+00:00,0.9041650417696792,1773009.0453595258,-3509.9485512316114,0.001464,0.685,0.00136,0.624,-2.2070208174818973,-1.1620131478467783,screen_failed,29.71392090773793,9.60150019765748,20.11242071008045,28
NOTUSDT-OPUSDT,NOTUSDT,OPUSDT,1,2025-03-09 04:00:00+00:00,2025-03-13 04:00:00+00:00,0.8358896955234514,1123917.2376184377,-2839.546992093237,0.002089,0.934,0.002097,0.854,-3.565179707608066,-1.3795109907794934,screen_failed,236.1550972684064,9.781827578533488,226.3732696898729,24
ETHFIUSDT-STXUSDT,ETHFIUSDT,STXUSDT,1,2025-03-09 12:00:00+00:00,2025-03-13 04:00:00+00:00,1.0468291136447818,3052.1264878413767,-4273.918782086058,0.721,0.655,0.664,0.624,-2.071245531944411,-2.272685351358113,screen_failed,-41.47972756229038,9.693537307948375,-51.173264870238754,22
1000SATSUSDT-PEOPLEUSDT,1000SATSUSDT,PEOPLEUSDT,-1,2025-03-09 16:00:00+00:00,2025-03-13 04:00:00+00:00,0.23639370708099597,-36761343.933956556,36228.503802422885,0.0001219,0.01432,0.0001235,0.01539,2.2230555993601513,1.613651936879495,screen_failed,-20.053651225737944,10.097582649362922,-30.151233875100864,21
FETUSDT-GALAUSDT,FETUSDT,GALAUSDT,1,2025-03-10 20:00:00+00:00,2025-03-13 04:00:00+00:00,1.056314588902584,4886.828930076703,-182697.20415087027,0.462,0.01501,0.492,0.01625,-2.8952176743503064,-2.5732093525905984,screen_failed,-79.93966524477813,10.37314940104938,-90.3128146458275,14
SUIUSDT-FETUSDT,SUIUSDT,FETUSDT,-1,2025-03-11 00:00:00+00:00,2025-03-13 04:00:00+00:00,0.9968593471659875,-1186.3790556467984,5545.206333197815,2.1252,0.447,2.2321,0.492,2.9298360826614025,1.2462935803604074,screen_failed,122.71036394525885,10.376358206042543,112.33400573921631,13
AVAXUSDT-FETUSDT,AVAXUSDT,FETUSDT,-1,2025-03-11 00:00:00+00:00,2025-03-13 04:00:00+00:00,0.8610522300656742,-165.19416009307395,5058.346366122672,16.58,0.447,18.79,0.492,2.2322735360702413,3.8143242087269402,screen_failed,-137.45350733017338,10.592704680281214,-148.04621201045458,13
SUIUSDT-CRVUSDT,SUIUSDT,CRVUSDT,1,2025-03-11 04:00:00+00:00,2025-03-13 04:00:00+00:00,1.078199959492129,1194.1273625078245,-6172.233584896217,2.1708,0.3901,2.2321,0.395,-2.6264342139208288,-1.808891059893885,screen_failed,42.956062755738245,10.103443951887721,32.852618803850525,12
OPUSDT-CFXUSDT,OPUSDT,CFXUSDT,-1,2025-03-11 08:00:00+00:00,2025-03-13 04:00:00+00:00,0.940900905254673,-3232.3006175419437,31273.95812483541,0.828,0.0743,0.854,0.0792,3.7058717731382225,2.1527407188672796,screen_failed,69.20257875560296,10.237282210867786,58.965296544735175,11
OPUSDT-ATOMUSDT,OPUSDT,ATOMUSDT,1,2025-03-11 20:00:00+00:00,2025-03-13 04:00:00+00:00,1.0264033932312602,2697.931857344481,-696.2049406281786,0.851,3.884,0.854,3.826,-2.0533477529038033,-1.2061037705626865,screen_failed,48.47368212846769,9.967713909015597,38.50596821945209,8
ARBUSDT-CRVUSDT,ARBUSDT,CRVUSDT,1,2025-03-12 04:00:00+00:00,2025-03-13 04:00:00+00:00,0.8263804439269371,9063.548390713235,-4691.4932635501,0.3384,0.412,0.3425,0.395,-3.7442035914688203,-2.155441683362847,screen_failed,116.9159338822762,9.957405162921571,106.95852871935463,6
ARBUSDT-GALAUSDT,ARBUSDT,GALAUSDT,1,2025-03-10 16:00:00+00:00,2025-03-14 16:00:00+00:00,0.8278521939877631,8424.91642233614,-145143.99192501188,0.3261,0.01552,0.3634,0.0167,-2.8707535296595967,-0.2517319781363224,target,142.9794720816242,10.485519293024652,132.49395278859956,24
SUIUSDT-GALAUSDT,SUIUSDT,GALAUSDT,1,2025-03-12 16:00:00+00:00,2025-03-14 16:00:00+00:00,1.0915231314142733,995.8577647277241,-167838.7454204596,2.2214,0.01661,2.355,0.0167,-2.2332740595361344,-0.15403217342852835,target,117.94111027978256,10.148152084455464,107.7929581953271,12
AVAXUSDT-ICPUSDT,AVAXUSDT,ICPUSDT,-1,2025-03-13 04:00:00+00:00,2025-03-14 16:00:00+00:00,1.297329456715352,-92.55954402568322,596.6708449693344,18.79,5.465,18.99,5.68,2.466762731376252,0.3408561500442697,target,109.77232286327023,10.146796140473544,99.62552672279669,9
ICPUSDT-ATOMUSDT,ICPUSDT,ATOMUSDT,1,2025-03-14 00:00:00+00:00,2025-03-14 20:00:00+00:00,1.0916438935573134,464.0098705528383,-612.1862590043106,5.493,4.004,5.66,4.29,-2.339717960884922,-4.37938580507365,stop_divergence,-97.5956216929092,10.252574918457558,-107.84819661136676,5
AVAXUSDT-ATOMUSDT,AVAXUSDT,ATOMUSDT,1,2025-03-14 16:00:00+00:00,2025-03-14 20:00:00+00:00,1.410318309881026,94.60397106156955,-764.0044334702587,18.99,4.193,18.58,4.29,-2.4043786829405316,-4.026754064967095,stop_divergence,-112.89605818185893,10.035320801911372,-122.9313789837703,1
ARKMUSDT-ATOMUSDT,ARKMUSDT,ATOMUSDT,1,2025-03-14 20:00:00+00:00,2025-03-15 16:00:00+00:00,1.2400488341177942,2658.1098377092367,-840.8276095665176,0.524,4.29,0.531,4.698,-3.025668014984784,-4.619349648320921,stop_divergence,-324.4508958391748,10.361664433567103,-334.8125602727419,5
FETUSDT-ARUSDT,FETUSDT,ARUSDT,1,2025-03-14 08:00:00+00:00,2025-03-16 12:00:00+00:00,1.002827613739949,4356.65341215298,-416.50776009025185,0.51,6.67,0.517,6.36,-2.1872715008446413,-0.20809205432843425,target,159.6139795130488,9.901379168257094,149.71260034479172,13
AVAXUSDT-ATOMUSDT,AVAXUSDT,ATOMUSDT,1,2025-03-16 12:00:00+00:00,2025-03-16 16:00:00+00:00,1.410318309881026,101.80006581744556,-674.3182134091858,18.5,4.622,18.33,4.606,-4.331088056913334,-4.2007341508410985,stop_divergence,-6.516919774418936,9.971904897396485,-16.488824671815422,1
CAKEUSDT-LDOUSDT,CAKEUSDT,LDOUSDT,-1,2025-03-15 16:00:00+00:00,2025-03-17 04:00:00+00:00,0.7378855125363211,-1840.601885312185,1649.2383439964974,1.859,0.957,2.154,0.945,2.143751111990853,4.592349173806949,stop_divergence,-562.7684162950525,10.523186696039136,-573.2916029910916,9
BNBUSDT-ARBUSDT,BNBUSDT,ARBUSDT,-1,2025-03-13 04:00:00+00:00,2025-03-18 04:00:00+00:00,0.5115108836663846,-6.800747803992143,3115.8994231514844,578.29,0.3425,633.12,0.3626,2.030499768917885,3.141020231226829,screen_failed,-310.25542368754486,10.435514580498234,-320.6909382680431,30
DOGEUSDT-BNBUSDT,DOGEUSDT,BNBUSDT,1,2025-03-13 12:00:00+00:00,2025-03-18 04:00:00+00:00,2.1414955032288128,6301.792106224134,-6.79938003859971,0.16601,581.5,0.16781,633.12,-2.3027474465062427,-3.471427497751022,screen_failed,-339.6407718013137,10.362327223383721,-350.0030990246974,28
BNBUSDT-SUIUSDT,BNBUSDT,SUIUSDT,-1,2025-03-13 12:00:00+00:00,2025-03-18 04:00:00+00:00,0.4146860554328526,-7.250026357178801,354.15974403817836,581.5,2.214,633.12,2.2845,2.2245511645872913,3.3379384880723055,screen_failed,-349.2780986028782,10.399214622512261,-359.67731322539044,28
BNBUSDT-AVAXUSDT,BNBUSDT,AVAXUSDT,-1,2025-03-15 12:00:00+00:00,2025-03-18 04:00:00+00:00,0.45830357912467745,-6.725821627040694,50.84721093469979,603.09,18.56,633.12,18.83,2.1974982758533224,2.9456753325211857,screen_failed,-188.24767650766296,10.2157051704124,-198.46338167807536,16
BNBUSDT-AAVEUSDT,BNBUSDT,AAVEUSDT,-1,2025-03-15 12:00:00+00:00,2025-03-18 04:00:00+00:00,0.4042401526179388,-7.043828249276549,4.335933693598234,603.09,173.42,633.12,171.76,2.1983737354599957,2.9014840670322783,screen_failed,-218.72381225714764,10.204328512394401,-228.92814076954204,16
BNBUSDT-GALAUSDT,BNBUSDT,GALAUSDT,-1,2025-03-15 12:00:00+00:00,2025-03-18 04:00:00+00:00,0.4450713840056908,-6.614466822611335,60243.218352284275,603.09,0.01678,633.12,0.01686,2.135937150168624,3.1421029703917536,screen_failed,-193.81298121483545,10.2034518961512,-204.01643311098664,16
NOTUSDT-JASMYUSDT,NOTUSDT,JASMYUSDT,-1,2025-03-15 12:00:00+00:00,2025-03-18 04:00:00+00:00,0.6621313321989997,-1024647.8755829778,168961.07241967655,0.002525,0.01428,0.002322,0.01363,2.311411908151382,1.0102127661624694,screen_failed,98.17882167055488,9.682171784183865,88.49664988637102,16
NEARUSDT-DOTUSDT,NEARUSDT,DOTUSDT,1,2025-03-15 12:00:00+00:00,2025-03-18 04:00:00+00:00,1.216189542704051,727.8764297747587,-701.1645546168337,2.651,4.379,2.565,4.299,-2.012056455940287,-1.8433121245488338,screen_failed,-6.504208591283017,9.881309462670025,-16.385518053953042,16
BNBUSDT-VETUSDT,BNBUSDT,VETUSDT,-1,2025-03-15 16:00:00+00:00,2025-03-18 04:00:00+00:00,0.4890692417870547,-6.363230296773891,43963.418275845775,611.52,0.02522,633.12,0.02455,2.426137812531373,3.335176245849339,screen_failed,-166.9012646551329,10.1079902841655,-177.00925493929842,15
BNBUSDT-LINKUSDT,BNBUSDT,LINKUSDT,-1,2025-03-15 20:00:00+00:00,2025-03-18 04:00:00+00:00,0.4317011468659219,-6.679601098969628,61.36922561210962,619.83,14.01,633.12,14.14,2.2673164931227774,2.412157875139111,screen_failed,-80.7938992757318,10.096749897934881,-90.89064917366669,14
BNBUSDT-XLMUSDT,BNBUSDT,XLMUSDT,-1,2025-03-15 20:00:00+00:00,2025-03-18 04:00:00+00:00,0.5625170291382228,-5.9888703952321025,4690.161918875766,619.83,0.2746,633.12,0.2701,2.103855044438727,2.6044296433542047,screen_failed,-100.6978161875754,10.058486358917694,-110.75630254649309,14
ETHFIUSDT-PENDLEUSDT,ETHFIUSDT,PENDLEUSDT,1,2025-03-16 16:00:00+00:00,2025-03-18 04:00:00+00:00,0.9608420667853516,3730.2156109626303,-1210.9981579384346,0.658,2.102,0.667,2.329,-2.0608515254858872,-4.19629590853384,stop_divergence,-241.3246413533613,10.30846852235069,-251.633109875712,9
BNBUSDT-ARKMUSDT,BNBUSDT,ARKMUSDT,-1,2025-03-17 04:00:00+00:00,2025-03-18 04:00:00+00:00,0.4628406271081423,-6.871271102013259,1285.4059690611632,629.83,0.523,633.12,0.522,2.727729907857123,2.663908217023546,screen_failed,-23.891887894684537,10.021321075956564,-33.9132089706411,6
NEARUSDT-ICPUSDT,NEARUSDT,ICPUSDT,1,2025-03-18 04:00:00+00:00,2025-03-19 12:00:00+00:00,1.1432435499486464,789.1261915125161,-510.794939713422,2.565,5.826,2.785,5.955,-2.3154208666690215,-0.062344887704791185,target,107.71521490972202,10.239500309355787,97.47571460036623,8
SUIUSDT-GALAUSDT,SUIUSDT,GALAUSDT,1,2025-03-18 20:00:00+00:00,2025-03-19 20:00:00+00:00,1.1480647563469526,958.3157125079597,-162271.13693031552,2.2847,0.01732,2.4745,0.01773,-2.471295306989833,-0.4005601366728172,target,115.35715609258126,10.24841948837544,105.10873660420582,6
DOTUSDT-FILUSDT,DOTUSDT,FILUSDT,-1,2025-03-19 00:00:00+00:00,2025-03-19 20:00:00+00:00,1.038413431667856,-553.0717039096734,845.6994716588987,4.525,2.953,4.538,3.087,2.2816939279853603,0.26387220530062044,target,106.13379705146701,10.120513661353119,96.0132833901139,5
SUIUSDT-ARBUSDT,SUIUSDT,ARBUSDT,1,2025-03-18 20:00:00+00:00,2025-03-20 04:00:00+00:00,1.2297430188394014,935.7470093568525,-7704.169065201611,2.2847,0.3715,2.4254,0.3753,-2.147113113045627,-0.4677178481006655,target,102.38376176874264,10.160935446664276,92.22282632207838,8
AVAXUSDT-ARKMUSDT,AVAXUSDT,ARKMUSDT,1,2025-03-20 20:00:00+00:00,2025-03-23 00:00:00+00:00,1.0270775348520498,181.54939803099884,-2788.4193383928123,18.74,0.573,19.71,0.679,-2.3122555149247654,-4.274561113274546,stop_divergence,-119.46953377956905,10.471675365959708,-129.94120914552875,13
ICPUSDT-ARKMUSDT,ICPUSDT,ARKMUSDT,1,2025-03-20 20:00:00+00:00,2025-03-23 00:00:00+00:00,0.7937592165911499,676.0401438991966,-1949.0844911745462,5.744,0.573,5.804,0.679,-2.024650893565014,-4.66175602415457,stop_divergence,-166.04054743054996,10.247165364698454,-176.2877127952484,13
DOTUSDT-FILUSDT,DOTUSDT,FILUSDT,-1,2025-03-21 12:00:00+00:00,2025-03-23 00:00:00+00:00,1.038413431667856,-542.3717345252894,889.6778606277202,4.447,2.909,4.453,3.021,2.1014266369737666,0.30024926271591845,target,96.38968998315288,10.102898150797458,86.28679183235542,9
ARKMUSDT-VETUSDT,ARKMUSDT,VETUSDT,-1,2025-03-22 08:00:00+00:00,2025-03-23 00:00:00+00:00,0.9022517540577787,-3670.650413411575,107316.16436753783,0.614,0.02559,0.679,0.02557,2.583875678752541,4.2787536520840685,stop_divergence,-240.7386001591036,10.2364459535844,-250.975046112688,4
INJUSDT-ARUSDT,INJUSDT,ARUSDT,1,2025-03-14 08:00:00+00:00,2025-03-23 04:00:00+00:00,1.0437035609769405,229.01407921959978,-415.54617828984925,9.73,6.67,10.05,7.35,-2.4386208867849666,-2.4030158206046304,screen_failed,-209.28689588682533,10.355855906587369,-219.6427517934127,53
NOTUSDT-BOMEUSDT,NOTUSDT,BOMEUSDT,-1,2025-03-15 12:00:00+00:00,2025-03-23 04:00:00+00:00,0.7368712447145431,-921147.1280548119,1826573.4300967213,0.002525,0.001464,0.002576,0.001452,2.5572067524161173,1.8892029352125337,screen_failed,-68.89738469195643,10.025059622369634,-78.92244431432607,46
OMUSDT-PENDLEUSDT,OMUSDT,PENDLEUSDT,1,2025-03-21 16:00:00+00:00,2025-03-23 04:00:00+00:00,0.24347635820858335,687.1737337216116,-264.3585970087022,6.2948,2.551,6.455,2.696,-2.225015884418794,-1.7217144125099244,screen_failed,71.75323557594014,10.148417228708464,61.60481834723167,9
OMUSDT-ARKMUSDT,OMUSDT,ARKMUSDT,1,2025-03-21 16:00:00+00:00,2025-03-23 04:00:00+00:00,0.3984518716969896,632.6341748301211,-1751.6254669179923,6.2948,0.581,6.455,0.629,-2.172282655610395,-1.9501690025308747,screen_failed,17.269972395721496,10.18542601721985,7.0845463785016465,9
OMUSDT-ATOMUSDT,OMUSDT,ATOMUSDT,1,2025-03-21 16:00:00+00:00,2025-03-23 04:00:00+00:00,0.46478044159322257,552.413655142551,-330.87060486933274,6.2948,4.602,6.455,4.848,-2.1099224149456184,-1.784337512853467,screen_failed,7.10249875598079,10.16989083635169,-3.067392080370901,9
OMUSDT-ARUSDT,OMUSDT,ARUSDT,1,2025-03-21 20:00:00+00:00,2025-03-23 04:00:00+00:00,0.3351344629491953,648.2727550920491,-146.60817648976845,6.1908,6.73,6.455,7.35,-2.0028103262865455,-1.568262732498284,screen_failed,80.3765924716629,10.262170731318975,70.11442174034393,8
WIFUSDT-ALGOUSDT,WIFUSDT,ALGOUSDT,-1,2025-03-22 08:00:00+00:00,2025-03-23 04:00:00+00:00,0.9369625641247431,-3808.123247909458,15949.062865357866,0.521,0.1891,0.513,0.1901,2.0037833395280575,1.5027185903205675,screen_failed,46.41404884863357,9.985484076882083,36.42856477175149,5
BNBUSDT-ATOMUSDT,BNBUSDT,ATOMUSDT,1,2025-03-22 16:00:00+00:00,2025-03-23 04:00:00+00:00,0.6844419952132101,5.7249463619384,-282.38646740254916,626.2,5.011,622.88,4.848,-2.2585309880391162,-1.5171819861921787,screen_failed,27.022172264979808,9.934964183891749,17.087208081088058,3
1000SATSUSDT-TIAUSDT,1000SATSUSDT,TIAUSDT,-1,2025-03-23 08:00:00+00:00,2025-03-24 04:00:00+00:00,0.19483327964244412,-33222298.41965403,156.4319907805975,0.0001342,3.462,0.0001419,3.619,3.425223565762302,4.666324878838902,stop_divergence,-231.25187527878214,10.28037152038389,-241.53224679916602,5
1000SATSUSDT-FILUSDT,1000SATSUSDT,FILUSDT,-1,2025-03-23 08:00:00+00:00,2025-03-24 04:00:00+00:00,0.1986270638715816,-32075308.984744612,231.29149792060963,0.0001342,3.007,0.0001419,3.148,3.35933285427098,4.446395295539106,stop_divergence,-214.36777797572748,10.27959198038934,-224.64736995611682,5
1000SATSUSDT-ARKMUSDT,1000SATSUSDT,ARKMUSDT,-1,2025-03-23 08:00:00+00:00,2025-03-24 04:00:00+00:00,0.1441683397626208,-35050671.67690954,480.84393012782243,0.0001342,0.616,0.0001419,0.624,2.9626158160383342,4.5432037194255726,stop_divergence,-266.0434204711808,10.273736923353226,-276.31715739453404,5
WLDUSDT-BOMEUSDT,WLDUSDT,BOMEUSDT,1,2025-03-23 04:00:00+00:00,2025-03-24 08:00:00+00:00,0.9269420615154756,3347.1990646806908,-1527877.1193184203,0.831,0.001452,0.867,0.001684,-2.5423856168061474,-5.321370645787556,stop_divergence,-233.96832535336856,10.474966658010379,-244.44329201137893,7
1000SATSUSDT-TIAUSDT,1000SATSUSDT,TIAUSDT,-1,2025-03-25 04:00:00+00:00,2025-03-25 12:00:00+00:00,0.19483327964244412,-29373050.79298749,191.4952439797093,0.0001462,3.685,0.0001511,3.623,4.243025788432894,4.770318393150147,stop_divergence,-155.80065401238016,10.132055243758895,-165.93270925613905,2
1000SATSUSDT-FILUSDT,1000SATSUSDT,FILUSDT,-1,2025-03-25 04:00:00+00:00,2025-03-25 12:00:00+00:00,0.1986270638715816,-28178445.29305428,283.6054439933841,0.0001462,3.104,0.0001511,3.112,4.209102581156213,4.606893869862184,stop_divergence,-135.80553838401843,10.14034322548791,-145.94588160950636,2
1000SATSUSDT-ARKMUSDT,1000SATSUSDT,ARKMUSDT,-1,2025-03-25 04:00:00+00:00,2025-03-25 12:00:00+00:00,0.1441683397626208,-31681577.62805095,594.7550093359463,0.0001462,0.619,0.0001511,0.621,4.2923104419104705,4.717247276958093,stop_divergence,-154.05022035877724,10.156429240396122,-164.20664959917335,2
SUIUSDT-ARBUSDT,SUIUSDT,ARBUSDT,1,2025-03-23 00:00:00+00:00,2025-03-26 08:00:00+00:00,1.2297430188394014,886.6715692672601,-7992.566818664418,2.2777,0.3729,2.617,0.4004,-2.052561050462281,-0.2986760603714986,target,81.05207593911024,10.520643250965652,70.53143268814459,20
SUIUSDT-GALAUSDT,SUIUSDT,GALAUSDT,1,2025-03-22 04:00:00+00:00,2025-03-26 12:00:00+00:00,1.1480647563469526,895.5462603637462,-173169.3943331137,2.2592,0.01719,2.5629,0.0185,-2.410337456972884,-0.4960645082378035,target,45.1254926960911,10.498829305848849,34.62666339024225,26
DOGEUSDT-SUIUSDT,DOGEUSDT,SUIUSDT,-1,2025-03-26 04:00:00+00:00,2025-03-26 16:00:00+00:00,0.9896039987924035,-12632.352241744255,962.2226176839401,0.20126,2.5541,0.19411,2.5808,2.013855243008645,0.4616760970955042,target,116.01266242063244,9.935370025363689,106.07729239526874,3
1000SATSUSDT-TIAUSDT,1000SATSUSDT,TIAUSDT,1,2025-03-26 12:00:00+00:00,2025-03-26 16:00:00+00:00,0.19483327964244412,32734809.780289803,-376.53904703770235,0.000112,3.542,0.000104,3.523,-2.901760700354141,-4.48255322122457,stop_divergence,-254.72423634860235,9.730967279863965,-264.45520362846634,1
1000SATSUSDT-FILUSDT,1000SATSUSDT,FILUSDT,1,2025-03-26 12:00:00+00:00,2025-03-26 16:00:00+00:00,0.1986270638715816,30282158.878174327,-519.5084643554507,0.000112,3.096,0.000104,3.057,-2.7820428983178513,-4.2920652741871566,stop_divergence,-221.9964409155321,9.737481898864743,-231.73392281439683,1
1000SATSUSDT-ARKMUSDT,1000SATSUSDT,ARKMUSDT,1,2025-03-26 12:00:00+00:00,2025-03-26 16:00:00+00:00,0.1441683397626208,38108087.37744887,-1161.7368471836924,0.000112,0.63,0.000104,0.622,-3.10542115542765,-4.639516795634818,stop_divergence,-295.57080424212165,9.68584140620294,-305.2566456483246,1
AVAXUSDT-NEARUSDT,AVAXUSDT,NEARUSDT,-1,2025-03-25 16:00:00+00:00,2025-03-27 00:00:00+00:00,1.0351738843413218,-103.25765557081691,858.7626525715525,23.04,3.052,22.17,3.062,2.0259417067967544,0.3308815753165715,target,98.42178687232578,9.918753466179105,88.50303340614667,8
TAOUSDT-SAGAUSDT,TAOUSDT,SAGAUSDT,1,2025-03-27 08:00:00+00:00,2025-03-27 20:00:00+00:00,0.9282211736776725,10.686354230270242,-5042.884283040541,265.3,0.4293,269.3,0.4026,-2.124542365672212,-0.44176756155848235,target,177.39042727826342,9.908100406563898,167.4823268716995,3
1000SATSUSDT-TIAUSDT,1000SATSUSDT,TIAUSDT,1,2025-03-27 16:00:00+00:00,2025-03-27 20:00:00+00:00,0.19483327964244412,37277593.152374454,-394.55495701303755,9.52e-05,3.678,9.2e-05,3.709,-4.62687426700775,-4.8813695770195356,stop_divergence,-131.51950175500235,9.892942905579806,-141.41244466058217,1
1000SATSUSDT-FILUSDT,1000SATSUSDT,FILUSDT,1,2025-03-27 16:00:00+00:00,2025-03-27 20:00:00+00:00,0.1986270638715816,34000585.54572241,-584.9848228424776,9.52e-05,3.014,9.2e-05,3.021,-4.462125251965126,-4.732634184045152,stop_divergence,-112.896767506209,9.895293020013588,-122.79206052622258,1
1000SATSUSDT-ARKMUSDT,1000SATSUSDT,ARKMUSDT,1,2025-03-27 20:00:00+00:00,2025-03-28 00:00:00+00:00,0.1441683397626208,44783574.403810315,-1396.6843727769062,9.2e-05,0.63,9.29e-05,0.62,-4.896157778188381,-4.446660271268609,stop_divergence,54.27206069119812,10.02633837323566,44.24572231796246,1
AVAXUSDT-ICPUSDT,AVAXUSDT,ICPUSDT,-1,2025-03-24 00:00:00+00:00,2025-03-28 04:00:00+00:00,1.24029075723396,-87.90358369008058,535.3072483884301,21.14,5.869,20.71,5.705,3.677365295447999,2.578768644014194,screen_failed,-49.99184774896776,9.874411070277564,-59.86625881924532,25
AVAXUSDT-VETUSDT,AVAXUSDT,VETUSDT,-1,2025-03-24 00:00:00+00:00,2025-03-28 04:00:00+00:00,1.0774310768545912,-104.18375281800299,109579.14083146951,21.14,0.02553,20.71,0.02452,3.1184344234810375,2.3611116273692505,screen_failed,-65.87591852804302,9.844526054048474,-75.72044458209149,25
BOMEUSDT-INJUSDT,BOMEUSDT,INJUSDT,-1,2025-03-24 08:00:00+00:00,2025-03-28 04:00:00+00:00,0.8557897530635222,-1369237.3599673754,256.1030689938156,0.001684,10.52,0.00145,9.61,2.950997629689883,0.9292267621221666,screen_failed,87.34774944799366,9.446544664983263,77.9012047830104,23
NEARUSDT-VETUSDT,NEARUSDT,VETUSDT,-1,2025-03-25 12:00:00+00:00,2025-03-28 04:00:00+00:00,0.991851421528965,-815.9562022983974,96421.5562152801,3.014,0.02635,2.815,0.02452,2.332384070632173,1.994536082023527,screen_failed,-14.076163616581454,9.661173267868657,-23.73733688445011,16
OPUSDT-STXUSDT,OPUSDT,STXUSDT,1,2025-03-25 12:00:00+00:00,2025-03-28 04:00:00+00:00,0.7661061119188189,2906.850796928272,-3408.1977708765535,0.897,0.702,0.849,0.671,-2.0601185962161677,-2.2212566214690246,screen_failed,-33.87470735538429,9.75481703085027,-43.62952438623456,16
FETUSDT-STXUSDT,FETUSDT,STXUSDT,1,2025-03-26 00:00:00+00:00,2025-03-28 04:00:00+00:00,1.031341482451772,4356.052341568842,-3452.1759637456485,0.559,0.743,0.512,0.671,-2.757199180286502,-1.7708012639914203,screen_failed,43.82220933595076,9.546708870556579,34.27550046539418,13
NOTUSDT-ORDIUSDT,NOTUSDT,ORDIUSDT,-1,2025-03-26 04:00:00+00:00,2025-03-28 04:00:00+00:00,0.7930810090908057,-1004317.9386526702,219.16458184033286,0.002757,10.18,0.002512,8.82,2.218935142960985,2.07110214996277,screen_failed,-52.00593633294838,9.455878273727244,-61.461814606675624,12
SANDUSDT-VETUSDT,SANDUSDT,VETUSDT,-1,2025-03-26 12:00:00+00:00,2025-03-28 04:00:00+00:00,0.9437985990530833,-8618.17896425583,87434.83221675466,0.3102,0.02661,0.2864,0.02452,2.083502108250871,1.618556708335635,screen_failed,22.373860016271294,9.612148541317694,12.7617114749536,10
DOTUSDT-FILUSDT,DOTUSDT,FILUSDT,-1,2025-03-26 20:00:00+00:00,2025-03-28 04:00:00+00:00,0.989685200360752,-567.8040900052974,771.5557176190132,4.694,3.026,4.31,2.882,2.3164989799772853,0.7176453383771502,screen_failed,106.93274722489674,9.670859206100829,97.26188801879591,8
SUIUSDT-ARBUSDT,SUIUSDT,ARBUSDT,-1,2025-03-27 08:00:00+00:00,2025-03-28 04:00:00+00:00,1.24426586276575,-791.6112625872686,7479.355393772438,2.724,0.3802,2.584,0.3586,2.586599900700942,2.838533643556986,screen_failed,-50.72849974326702,9.727620346732298,-60.456120089999324,5
DOGEUSDT-SUIUSDT,DOGEUSDT,SUIUSDT,1,2025-03-27 16:00:00+00:00,2025-03-28 04:00:00+00:00,0.9896039987924035,13087.920356499737,-903.6964875130975,0.19101,2.7665,0.18156,2.584,-2.221891239503124,-1.6159324078572792,screen_failed,41.2437616022177,9.711394543659935,31.532367058557767,3
NEARUSDT-ICPUSDT,NEARUSDT,ICPUSDT,-1,2025-03-27 16:00:00+00:00,2025-03-28 04:00:00+00:00,1.1438540485923139,-659.5525789118626,499.1421159575617,3.022,6.024,2.815,5.705,2.1603860887223982,1.7936306869575447,screen_failed,-22.69895115570671,9.704246281174782,-32.40319743688149,3
SUIUSDT-GALAUSDT,SUIUSDT,GALAUSDT,-1,2025-03-27 20:00:00+00:00,2025-03-28 04:00:00+00:00,1.1987744384964685,-762.5134158639215,156999.66952785433,2.7811,0.01834,2.584,0.01689,2.120904214654429,2.7375753712199447,screen_failed,-77.35812654860996,9.622059084917833,-86.9801856335278,2
AVAXUSDT-NEARUSDT,AVAXUSDT,NEARUSDT,-1,2025-03-29 08:00:00+00:00,2025-03-30 08:00:00+00:00,0.99573205857341,-119.38251333095263,1011.1781866335697,19.86,2.6,19.35,2.722,2.418088917164039,-0.3314234574058433,target,184.248820568081,10.06247865697051,174.18634191111047,6
NEARUSDT-GALAUSDT,NEARUSDT,GALAUSDT,-1,2025-03-29 00:00:00+00:00,2025-04-01 04:00:00+00:00,0.9848590588684714,-898.2356101372025,153727.37277523437,2.758,0.01641,2.566,0.01582,2.0583395935494506,0.45365345368366516,target,81.76208720895471,9.736839612916269,72.02524759603844,19
RAYUSDT-SAGAUSDT,RAYUSDT,SAGAUSDT,-1,2025-03-28 16:00:00+00:00,2025-04-02 04:00:00+00:00,1.189146466122231,-1263.2455919751515,7969.134494557682,1.834,0.3367,1.833,0.2795,2.1167533268536167,3.4237434891799516,screen_failed,-454.5712474967239,9.542902261319325,-464.11414975804325,27
RAYUSDT-CFXUSDT,RAYUSDT,CFXUSDT,-1,2025-03-29 16:00:00+00:00,2025-04-02 04:00:00+00:00,1.486575406079652,-899.1565010430893,43369.77451756187,1.731,0.0794,1.833,0.0822,2.012791498630382,1.8557295914409127,screen_failed,29.721405542778115,10.213149331755567,19.508256211022548,21
FETUSDT-OPUSDT,FETUSDT,OPUSDT,-1,2025-03-30 08:00:00+00:00,2025-04-02 04:00:00+00:00,1.186928837105082,-4698.872576045842,3634.568881720861,0.477,0.759,0.447,0.733,2.06381764119917,1.218552211344191,screen_failed,46.46738635663263,9.764535031793883,36.70285132483875,17
RUNEUSDT-OPUSDT,RUNEUSDT,OPUSDT,-1,2025-04-01 00:00:00+00:00,2025-04-02 04:00:00+00:00,0.6320439364670949,-2527.8224890807664,2676.473967847876,1.186,0.748,1.146,0.733,2.025827901822948,1.5396745772253992,screen_failed,60.96579004551257,9.858739990919052,51.107050054593515,7
OMUSDT-SAGAUSDT,OMUSDT,SAGAUSDT,-1,2025-04-01 20:00:00+00:00,2025-04-02 04:00:00+00:00,0.4344268643173677,-618.6373286548358,3675.0454356601363,6.3316,0.2947,6.2166,0.2795,2.034906389614372,2.127701146767466,screen_failed,15.282602173272196,9.87299601658266,5.409606156689536,2
RUNEUSDT-ARUSDT,RUNEUSDT,ARUSDT,-1,2025-04-02 12:00:00+00:00,2025-04-03 12:00:00+00:00,0.515293131503846,-2809.0949843730737,272.9055440268878,1.198,5.99,1.094,5.71,2.3716301829793336,0.046473545042412655,target,215.73232604727065,9.631440569297673,206.10088547797298,6
BNBUSDT-ATOMUSDT,BNBUSDT,ATOMUSDT,1,2025-04-03 16:00:00+00:00,2025-04-04 12:00:00+00:00,0.488265477314943,6.934530113259115,-202.1812445281023,588.4,4.549,593.67,5.038,-2.5210416835439426,-4.368854963949107,stop_divergence,-62.32165487736659,10.135411602271118,-72.45706647963772,5
ARBUSDT-ICPUSDT,ARBUSDT,ICPUSDT,1,2025-04-03 00:00:00+00:00,2025-04-04 16:00:00+00:00,1.12574999320886,7324.062139536169,-517.8593607569641,0.3143,5.21,0.3121,5.043,-2.020425317260003,-0.29881572533683887,target,70.36957653943307,9.897404550046609,60.47217198938646,10
WIFUSDT-WLDUSDT,WIFUSDT,WLDUSDT,1,2025-04-03 00:00:00+00:00,2025-04-06 16:00:00+00:00,1.1352934806949138,5734.938263316595,-3685.0517315181414,0.388,0.753,0.342,0.64,-2.1141686082184505,-0.4019594251288245,target,152.60368554898668,9.319781994225886,143.2839035547608,22
SEIUSDT-INJUSDT,SEIUSDT,INJUSDT,1,2025-04-01 08:00:00+00:00,2025-04-07 04:00:00+00:00,0.8332835131256248,15817.895724052523,-253.97083826900035,0.1732,8.9,0.1341,6.49,-2.110878986794574,-1.1855082859145418,screen_failed,-6.410002582162747,8.769450556961257,-15.179453139124004,35
ARBUSDT-GALAUSDT,ARBUSDT,GALAUSDT,1,2025-04-02 04:00:00+00:00,2025-04-07 04:00:00+00:00,0.9728570189278261,8367.756969855864,-149310.38115104445,0.3206,0.01552,0.2512,0.01212,-2.1199764640535017,-1.7578792610282015,screen_failed,-73.06703779444592,8.911622370378453,-81.97866016482438,30
BNBUSDT-ATOMUSDT,BNBUSDT,ATOMUSDT,1,2025-04-05 12:00:00+00:00,2025-04-07 04:00:00+00:00,0.488265477314943,7.017444295789496,-173.26843634735266,591.82,4.888,530.1,4.052,-3.1007616352983884,-3.2089726079912144,screen_failed,-288.26424914974103,9.422030925277486,-297.68628007501854,10
ARBUSDT-ICPUSDT,ARBUSDT,ICPUSDT,1,2025-04-06 16:00:00+00:00,2025-04-07 04:00:00+00:00,1.12574999320886,8222.560507137754,-590.3032265149313,0.2744,4.648,0.2512,4.303,-2.221031403650152,-2.1973485319282666,screen_failed,12.89120938205528,9.605581983086754,3.2856273989685265,3
FETUSDT-ETCUSDT,FETUSDT,ETCUSDT,-1,2025-04-06 20:00:00+00:00,2025-04-07 04:00:00+00:00,1.6201683162453484,-4377.813352050883,234.0778149336448,0.385,14.16,0.35,13.53,2.306299407905801,1.6771789938143546,screen_failed,5.754443913584652,9.699307509270023,-3.944863595685371,2
XLMUSDT-SANDUSDT,XLMUSDT,SANDUSDT,1,2025-04-07 00:00:00+00:00,2025-04-07 04:00:00+00:00,0.8911585294548692,12077.202598651318,-10559.787579286442,0.2143,0.2284,0.2048,0.2178,-2.187174051520418,-2.2772262443783857,screen_failed,-2.7996763467510277,9.773332826972377,-12.573009173723404,1
DOTUSDT-FILUSDT,DOTUSDT,FILUSDT,-1,2025-04-06 20:00:00+00:00,2025-04-07 08:00:00+00:00,0.9594821400964416,-768.0842094699922,913.7819261456311,3.683,2.376,3.404,2.275,2.0314258068528446,0.3088299047497888,target,122.00351990141904,9.693412531017163,112.31010737040188,3
NEARUSDT-XLMUSDT,NEARUSDT,XLMUSDT,-1,2025-04-07 00:00:00+00:00,2025-04-07 08:00:00+00:00,1.2086886805581738,-920.2904591516138,14219.055742791768,2.122,0.2143,2.02,0.2173,2.036482200206574,-0.19711871802442338,target,136.52679406183984,9.94878754039491,126.57800652144492,2
HBARUSDT-ETCUSDT,HBARUSDT,ETCUSDT,-1,2025-04-07 16:00:00+00:00,2025-04-08 04:00:00+00:00,1.6128920647896408,-10700.337888122845,235.4479384912676,0.14778,14.52,0.15756,14.36,2.2373047512368482,4.449553125436814,stop_divergence,-142.32097470444438,10.06697763438724,-152.3879523388316,3
SEIUSDT-OPUSDT,SEIUSDT,OPUSDT,-1,2025-04-08 04:00:00+00:00,2025-04-08 20:00:00+00:00,0.9192090451640839,-18419.82412784402,3728.2297516188282,0.1496,0.602,0.1407,0.591,2.134930380873331,0.28626846679923124,target,122.92590747000496,9.795053037994382,113.13085443201058,4
HBARUSDT-BCHUSDT,HBARUSDT,BCHUSDT,-1,2025-04-08 04:00:00+00:00,2025-04-09 16:00:00+00:00,1.4001576321681282,-11450.535829882136,11.491742447478499,0.15756,278.1,0.17081,306.5,2.3904369368656972,0.23395725435900225,target,174.64588576245097,10.478085085254328,164.16780067719665,9
WLDUSDT-ICPUSDT,WLDUSDT,ICPUSDT,1,2025-04-08 20:00:00+00:00,2025-04-09 16:00:00+00:00,1.239681366107083,3090.51708293897,-668.5548339990731,0.618,4.622,0.703,4.934,-2.521991746741155,-0.45332681304243944,target,54.1048438421013,10.471283060257523,43.633560781843784,5
ARBUSDT-LDOUSDT,ARBUSDT,LDOUSDT,-1,2025-04-08 12:00:00+00:00,2025-04-10 00:00:00+00:00,0.8217407482837301,-10515.984912198692,3300.759929478974,0.2727,0.646,0.2841,0.722,2.6460232681279385,0.17878035532330352,target,130.97552664133656,10.370739982639467,120.6047866586971,9
OMUSDT-ICPUSDT,OMUSDT,ICPUSDT,-1,2025-04-07 12:00:00+00:00,2025-04-12 04:00:00+00:00,0.4506185652639028,-610.276681926774,253.06172864138185,6.293,4.582,6.3745,5.09,2.131133416208699,0.5758081604624675,screen_failed,78.81780857278983,10.178292907726856,68.63951566506297,28
ARBUSDT-FETUSDT,ARBUSDT,FETUSDT,1,2025-04-07 20:00:00+00:00,2025-04-12 04:00:00+00:00,0.8294247317060786,10344.417452522677,-5499.979264701724,0.2744,0.393,0.3005,0.464,-2.061168576860095,-2.953229230158066,screen_failed,-120.50923228298046,10.660487823304665,-131.16972010628513,26
RUNEUSDT-FILUSDT,RUNEUSDT,FILUSDT,-1,2025-04-08 00:00:00+00:00,2025-04-12 04:00:00+00:00,0.8448969998953877,-2599.2559281894146,948.3539696517989,1.056,2.378,1.127,2.469,2.1230164995777847,2.363805651252875,screen_failed,-98.24695966313485,10.270847382139763,-108.51780704527461,25
TAOUSDT-GALAUSDT,TAOUSDT,GALAUSDT,-1,2025-04-08 00:00:00+00:00,2025-04-12 04:00:00+00:00,1.1055996061804318,-9.722071464867925,215865.71740915516,214.1,0.01352,254.6,0.01454,2.531122211732687,3.186218276343151,screen_failed,-173.5608625698127,10.61392692608449,-184.17478949589722,25
OMUSDT-GALAUSDT,OMUSDT,GALAUSDT,-1,2025-04-08 00:00:00+00:00,2025-04-12 04:00:00+00:00,0.3701917793301728,-646.0004699063172,64334.02334718642,6.3935,0.01352,6.3745,0.01454,2.0813857522953274,0.7003008371833542,screen_failed,77.89471274235026,10.05334669488591,67.84136604746435,25
OMUSDT-LDOUSDT,OMUSDT,LDOUSDT,-1,2025-04-08 00:00:00+00:00,2025-04-12 04:00:00+00:00,0.2651678950913282,-682.5113946623502,913.0034407837352,6.3935,0.697,6.3745,0.739,2.136119147106676,1.0368680939053798,screen_failed,51.31386101150166,10.025378428014331,41.28848258348732,25
OMUSDT-STRKUSDT,OMUSDT,STRKUSDT,-1,2025-04-08 00:00:00+00:00,2025-04-12 04:00:00+00:00,0.29236703115782436,-667.4991663077351,5793.861394078286,6.3935,0.1264,6.3745,0.1315,2.1081118889451704,1.158958047023009,screen_failed,42.231177269646274,10.016866208949953,32.214311060696325,25
FETUSDT-LDOUSDT,FETUSDT,LDOUSDT,-1,2025-04-08 04:00:00+00:00,2025-04-12 04:00:00+00:00,0.9576425895895396,-6619.473361921162,3551.9674749467245,0.391,0.679,0.464,0.739,2.068979928172673,3.2016994016326277,screen_failed,-270.1035069234416,10.69633960391705,-280.7998465273587,24
LDOUSDT-INJUSDT,LDOUSDT,INJUSDT,1,2025-04-08 04:00:00+00:00,2025-04-12 04:00:00+00:00,0.9463736004647703,3774.5651115116166,-337.077495059974,0.679,7.23,0.739,8.29,-2.1735406343295813,-2.3022007537318347,screen_failed,-130.82823807287525,10.583776051454269,-141.41201412432952,24
WLDUSDT-RUNEUSDT,WLDUSDT,RUNEUSDT,1,2025-04-08 08:00:00+00:00,2025-04-12 04:00:00+00:00,1.2914884602030887,2851.705384527313,-2878.9237730489135,0.66,1.083,0.752,1.127,-2.2028902256762763,-0.5287204492476602,screen_failed,135.68424936236045,10.389029541390666,125.29521982096978,23
BCHUSDT-ETCUSDT,BCHUSDT,ETCUSDT,-1,2025-04-08 12:00:00+00:00,2025-04-12 04:00:00+00:00,1.07924761423648,-8.440771203374066,183.47836207761043,280.0,14.37,315.2,15.22,2.0521899712311926,2.9773252265189876,screen_failed,-141.15853859279792,10.453071754124736,-151.61161034692267,22
NEARUSDT-XLMUSDT,NEARUSDT,XLMUSDT,1,2025-04-08 16:00:00+00:00,2025-04-12 04:00:00+00:00,1.2672906283845844,1028.1752200464598,-13721.275358540175,1.899,0.2221,2.13,0.2362,-2.749410189203762,-1.007557451871291,screen_failed,44.0384932753156,10.43097845838615,33.60751481692945,21
HBARUSDT-ETCUSDT,HBARUSDT,ETCUSDT,-1,2025-04-09 16:00:00+00:00,2025-04-12 04:00:00+00:00,1.6128920647896408,-8410.47245823012,234.12662282586817,0.17081,15.22,0.16834,15.22,3.015344865688507,1.8164337363944965,screen_failed,20.773866971828397,9.979226133028172,10.794640838800225,15
UNIUSDT-RUNEUSDT,UNIUSDT,RUNEUSDT,1,2025-04-10 00:00:00+00:00,2025-04-12 04:00:00+00:00,1.2629287791695016,396.6093407792184,-2652.320974624949,5.264,1.098,5.288,1.127,-2.066195546106349,-2.276649703446043,screen_failed,-67.39868408542205,10.086435932442825,-77.48512001786487,13
TAOUSDT-VETUSDT,TAOUSDT,VETUSDT,-1,2025-04-10 00:00:00+00:00,2025-04-12 04:00:00+00:00,1.0847953598281608,-8.827347714657595,137146.4801662151,229.9,0.02166,254.6,0.02246,2.3025657510538764,3.0492919897513224,screen_failed,-108.31830441907013,10.327752672685016,-118.64605709175515,13
FETUSDT-INJUSDT,FETUSDT,INJUSDT,-1,2025-04-12 04:00:00+00:00,2025-04-12 16:00:00+00:00,0.9319037842887423,-5548.906290655863,292.55820037824844,0.464,8.29,0.483,8.39,2.701352703937918,4.049638239772647,stop_divergence,-76.17339948463592,10.134685039560285,-86.3080845241962,3
FETUSDT-GALAUSDT,FETUSDT,GALAUSDT,-1,2025-04-12 04:00:00+00:00,2025-04-13 08:00:00+00:00,1.0775171432554025,-4966.447751102222,185389.83792906246,0.464,0.01454,0.517,0.01492,2.6285915884580935,5.833984056161169,stop_divergence,-192.77359239537432,10.33366986922146,-203.1072622645958,7
FETUSDT-ICPUSDT,FETUSDT,ICPUSDT,-1,2025-04-12 04:00:00+00:00,2025-04-13 08:00:00+00:00,1.2882419849779183,-4112.371439786931,607.4380455675569,0.464,5.09,0.517,5.137,2.0452874643100882,6.260046919946924,stop_divergence,-189.4060981670323,10.246505274450383,-199.65260344148268,7
WLDUSDT-FETUSDT,WLDUSDT,FETUSDT,1,2025-04-13 08:00:00+00:00,2025-04-13 16:00:00+00:00,0.9496786174751007,3267.3548266817625,-4735.388550022327,0.781,0.517,0.754,0.51,-3.958587797281156,-4.469735045186058,stop_divergence,-55.07086047025135,9.878633699829436,-64.94949417008078,2
FETUSDT-INJUSDT,FETUSDT,INJUSDT,-1,2025-04-13 16:00:00+00:00,2025-04-13 20:00:00+00:00,0.9319037842887423,-4933.5821951632015,305.89569956487276,0.51,8.12,0.496,8.0,5.6428322368714205,4.837488539545054,stop_divergence,32.3626667845004,9.89422236531993,22.468444419180468,1
WLDUSDT-GALAUSDT,WLDUSDT,GALAUSDT,-1,2025-04-12 08:00:00+00:00,2025-04-14 08:00:00+00:00,1.0571713475140458,-2973.6932016670985,188909.56335638236,0.759,0.01452,0.765,0.01509,2.0771078312423876,0.4930252318861899,target,89.83629190313522,10.12552061032314,79.71077129281208,12
ETHUSDT-XLMUSDT,ETHUSDT,XLMUSDT,1,2025-04-13 08:00:00+00:00,2025-04-14 08:00:00+00:00,1.122301913221239,1.4740769718324602,-10642.84247022868,1604.28,0.2476,1675.32,0.2457,-2.459151875470162,-0.48669211898713677,target,124.93982877241226,10.084497027385543,114.85533174502672,6
FETUSDT-ICPUSDT,FETUSDT,ICPUSDT,-1,2025-04-14 08:00:00+00:00,2025-04-14 12:00:00+00:00,1.2882419849779183,-3549.5546508958264,646.7260225690968,0.5,4.987,0.485,4.842,4.325007101346961,4.314498251173508,stop_divergence,-40.5319535090819,9.852981406964041,-50.38493491604594,1
GALAUSDT-INJUSDT,GALAUSDT,INJUSDT,-1,2025-04-15 04:00:00+00:00,2025-04-16 04:00:00+00:00,0.842141045811299,-190089.54000893678,274.0193994821724,0.0148,7.98,0.01394,7.65,2.051173386640599,0.4874710736064499,target,73.05060257856897,9.746096593763198,63.30450598480577,6
XLMUSDT-RUNEUSDT,XLMUSDT,RUNEUSDT,1,2025-04-12 04:00:00+00:00,2025-04-17 04:00:00+00:00,1.0597944888108388,9786.47606431147,-2385.4785746314387,0.2362,1.127,0.2377,1.136,-2.4189453685193265,-1.7085181764439297,screen_failed,-6.789593075215487,10.036149021268152,-16.82574209648364,30
ORDIUSDT-JUPUSDT,ORDIUSDT,JUPUSDT,1,2025-04-13 00:00:00+00:00,2025-04-17 04:00:00+00:00,0.8969986824732835,403.2946657620085,-5693.217682245785,6.73,0.4015,6.05,0.3697,-2.403719617301646,-2.5240051314959264,screen_failed,-93.1960504227498,9.544715304986418,-102.74076572773622,25
LDOUSDT-ARKMUSDT,LDOUSDT,ARKMUSDT,1,2025-04-13 08:00:00+00:00,2025-04-17 04:00:00+00:00,1.0893084998483646,3057.0195183944784,-5564.645439813182,0.74,0.492,0.703,0.461,-2.0626146912958685,-1.3185808102544267,screen_failed,59.39428645361268,9.714386269185194,49.67990018442748,23
FETUSDT-GALAUSDT,FETUSDT,GALAUSDT,-1,2025-04-14 08:00:00+00:00,2025-04-17 04:00:00+00:00,1.0775171432554025,-4452.022398100161,183829.60907554138,0.5,0.01509,0.473,0.01398,2.846792976655171,2.731270688413439,screen_failed,-83.84626132514644,9.675744529177443,-93.5220058543239,17
DOTUSDT-CFXUSDT,DOTUSDT,CFXUSDT,-1,2025-04-14 12:00:00+00:00,2025-04-17 04:00:00+00:00,0.9233248240897356,-692.1589579680442,35115.07336009367,3.708,0.0693,3.658,0.0648,2.5992044504574974,3.9901914663476252,screen_failed,-123.40988222201929,9.807374221981176,-133.21725644400047,16
WLDUSDT-FETUSDT,WLDUSDT,FETUSDT,1,2025-04-14 16:00:00+00:00,2025-04-17 04:00:00+00:00,0.9496786174751007,3440.830137751752,-4844.368948615828,0.752,0.498,0.708,0.473,-3.0829991762786486,-2.6624278267059247,screen_failed,-30.28730234568141,9.727494250223526,-40.01479659590494,15
FETUSDT-INJUSDT,FETUSDT,INJUSDT,-1,2025-04-14 20:00:00+00:00,2025-04-17 04:00:00+00:00,0.9319037842887423,-5133.427616473185,313.14427229925406,0.486,8.0,0.473,7.82,3.298583206095941,2.418765217702103,screen_failed,10.368590000285813,9.876899471971983,0.4916905283138302,14
FETUSDT-ICPUSDT,FETUSDT,ICPUSDT,-1,2025-04-15 12:00:00+00:00,2025-04-17 04:00:00+00:00,1.2882419849779183,-3820.4989657398955,665.0439407738701,0.465,4.847,0.473,4.733,2.5322585930092876,2.943253745248856,screen_failed,-106.37900097414068,9.954748982477696,-116.33374995661838,10
WIFUSDT-SEIUSDT,WIFUSDT,SEIUSDT,1,2025-04-16 00:00:00+00:00,2025-04-17 04:00:00+00:00,1.2237329277046316,5562.257997173802,-16988.47534475548,0.38,0.1699,0.379,0.1693,-2.0396371901486092,-1.8048163108660833,screen_failed,4.6308272096793015,9.984244656795976,-5.353417447116674,7
DOTUSDT-FILUSDT,DOTUSDT,FILUSDT,-1,2025-04-17 12:00:00+00:00,2025-04-19 04:00:00+00:00,1.0178863198002879,-601.6263300631937,1187.1906035361112,3.64,2.367,3.729,2.51,2.184768830666726,0.11002282703921466,target,116.22351293003945,10.223312999681287,106.00019993035816,10
FILUSDT-ETCUSDT,FILUSDT,ETCUSDT,1,2025-04-17 12:00:00+00:00,2025-04-19 20:00:00+00:00,1.1208817943058718,1000.4566444204165,-175.5783270618328,2.367,14.99,2.638,15.95,-2.1948141316719734,0.038006517598341304,target,102.56855665857347,10.439678944617292,92.12887771395617,14
GALAUSDT-ICPUSDT,GALAUSDT,ICPUSDT,-1,2025-04-14 04:00:00+00:00,2025-04-20 12:00:00+00:00,1.182846169212385,-140077.81311345642,596.1234717485743,0.01468,4.938,0.01566,4.802,2.3149979255918187,5.017608007428848,stop_divergence,-218.34904900899346,10.05620346469338,-228.40525247368683,38
ETHFIUSDT-ARUSDT,ETHFIUSDT,ARUSDT,1,2025-04-18 04:00:00+00:00,2025-04-21 00:00:00+00:00,1.171630961618267,5107.918453707317,-515.4524120540789,0.44,5.34,0.484,5.49,-2.1426168290559477,-0.23961519846833151,target,147.43055015500985,10.302066273771235,137.12848388123862,17
INJUSDT-ICPUSDT,INJUSDT,ICPUSDT,-1,2025-04-17 04:00:00+00:00,2025-04-21 04:00:00+00:00,1.3316873989067772,-238.2064817613643,662.8407590589756,7.82,4.733,8.96,4.971,2.0462458062665134,4.175419692733842,stop_divergence,-113.79928855191898,10.429311489863991,-124.22860004178297,24
GALAUSDT-ICPUSDT,GALAUSDT,ICPUSDT,-1,2025-04-21 12:00:00+00:00,2025-04-21 16:00:00+00:00,1.134233137640383,-115454.9430338953,630.8490154078511,0.01626,4.95,0.01599,4.84,3.980886449872038,4.081890842776704,stop_divergence,-38.220557075712165,9.899433773685985,-48.11999084939815,1
LTCUSDT-ETCUSDT,LTCUSDT,ETCUSDT,1,2025-04-19 00:00:00+00:00,2025-04-21 20:00:00+00:00,1.1194041469944405,29.62483904034091,-172.65043149751534,76.58,15.82,78.15,15.62,-2.790016125382071,-0.3336030266046728,target,81.0410835928387,10.011980910993833,71.02910268184488,17
AAVEUSDT-ETCUSDT,AAVEUSDT,ETCUSDT,1,2025-04-19 00:00:00+00:00,2025-04-22 00:00:00+00:00,1.4716826550136994,11.34046213696064,-216.13482823824629,139.39,15.82,143.33,15.54,-2.579013579051078,-0.3499659522152161,target,105.19917272633444,9.984163668912917,95.21500905742153,18
LTCUSDT-FILUSDT,LTCUSDT,FILUSDT,1,2025-04-19 16:00:00+00:00,2025-04-22 00:00:00+00:00,0.9712951312321328,34.55167481398829,-917.6646265715732,75.71,2.598,78.71,2.587,-2.7188096513030637,-0.20344789149852632,target,113.7493353342519,10.093560713549678,103.65577462070222,14
AAVEUSDT-APTUSDT,AAVEUSDT,APTUSDT,1,2025-04-20 08:00:00+00:00,2025-04-22 00:00:00+00:00,1.3271117100827279,13.362342782891234,-641.2783154818777,137.54,4.931,143.33,4.871,-2.4624257430486964,-0.39317664386799694,target,115.84466364185293,10.038891265784027,105.8057723760689,10
BNBUSDT-UNIUSDT,BNBUSDT,UNIUSDT,-1,2025-04-18 12:00:00+00:00,2025-04-22 04:00:00+00:00,0.3365699905567281,-7.392246286484305,118.48004892877137,593.73,5.157,604.31,5.373,2.101785476931342,2.1558141736499623,screen_failed,-52.61827514238877,10.103801656279618,-62.72207679866838,22
ENSUSDT-SANDUSDT,ENSUSDT,SANDUSDT,1,2025-04-19 00:00:00+00:00,2025-04-22 04:00:00+00:00,1.2789741831306074,131.77106481371604,-11703.184852201886,14.24,0.2669,15.21,0.2755,-2.615685776696101,-1.2031128873801284,screen_failed,27.170543140368466,10.228465322598241,16.942077817770226,19
LDOUSDT-ARUSDT,LDOUSDT,ARUSDT,1,2025-04-19 04:00:00+00:00,2025-04-22 04:00:00+00:00,1.0965833508141523,3198.5225495776044,-499.0284728616888,0.702,5.52,0.721,5.57,-2.191792283331868,-1.3827836135371963,screen_failed,35.82050479888974,10.08572335208506,25.734781446804682,18
LINKUSDT-RUNEUSDT,LINKUSDT,RUNEUSDT,1,2025-04-19 16:00:00+00:00,2025-04-22 04:00:00+00:00,1.3242229974021784,163.50001216626148,-2427.870237852337,12.94,1.188,13.29,1.258,-2.073140267077536,-3.0564249846766502,screen_failed,-112.72591239147229,10.227175920907856,-122.95308831238015,15
LTCUSDT-UNIUSDT,LTCUSDT,UNIUSDT,-1,2025-04-22 00:00:00+00:00,2025-04-22 04:00:00+00:00,0.8219737857577036,-38.149198233752294,379.27774535156794,78.71,5.266,79.65,5.373,2.0976194053771864,1.8368532379700844,screen_failed,4.722472412890241,10.076442965092344,-5.353970552202104,1
BNBUSDT-LINKUSDT,BNBUSDT,LINKUSDT,1,2025-04-23 08:00:00+00:00,2025-04-24 12:00:00+00:00,0.4249048570993154,6.924073006958213,-51.170940631393016,611.19,15.01,598.46,14.88,-3.0547265804533983,-4.232356795293313,stop_divergence,-81.49122709649713,9.905204328339341,-91.39643142483646,7
LTCUSDT-AAVEUSDT,LTCUSDT,AAVEUSDT,1,2025-04-23 20:00:00+00:00,2025-04-25 08:00:00+00:00,0.7106414998274464,39.69835370221476,-10.074468322109876,83.28,168.14,85.83,167.1,-2.2695743642586956,-0.4031939978121273,target,111.70824899564171,10.090753354885653,101.61749564075606,9
APTUSDT-ETCUSDT,APTUSDT,ETCUSDT,-1,2025-04-24 12:00:00+00:00,2025-04-25 12:00:00+00:00,1.1551504233477745,-385.67599097774473,173.8394957501452,5.5,16.56,5.513,17.23,2.4619741199715293,0.22855228475525605,target,111.45867426988694,10.121486250035307,101.33718801985164,6
LTCUSDT-APTUSDT,LTCUSDT,APTUSDT,1,2025-04-24 12:00:00+00:00,2025-04-26 00:00:00+00:00,0.9462804160897483,33.05864317326885,-407.80166533625055,83.4,5.5,87.53,5.566,-2.0946989252583714,-0.4888128016801409,target,109.61728639340772,10.163447106217792,99.45383928718994,9
XLMUSDT-ENSUSDT,XLMUSDT,ENSUSDT,1,2025-04-22 04:00:00+00:00,2025-04-26 04:00:00+00:00,0.8352873077090092,11817.49881717633,-136.82299751199514,0.247,15.21,0.2938,18.28,-2.169153826675201,-0.49011954094457844,target,133.0123422820272,10.973105547005678,122.03923673502152,24
TIAUSDT-ARUSDT,TIAUSDT,ARUSDT,1,2025-04-19 00:00:00+00:00,2025-04-27 04:00:00+00:00,1.1176865375104035,960.3362548083885,-490.4591457643436,2.418,5.46,2.867,6.91,-2.1669463295651736,-2.294780278766684,screen_failed,-279.974782949332,11.142356739767264,-291.11713968909925,49
BOMEUSDT-ARKMUSDT,BOMEUSDT,ARKMUSDT,-1,2025-04-23 08:00:00+00:00,2025-04-27 04:00:00+00:00,1.1309818290154303,-1675752.5022828807,4544.635237996754,0.001484,0.553,0.001568,0.609,2.6108528591026614,0.5827063084815832,screen_failed,113.73636313605616,10.39526278351958,103.34110035253657,23
APTUSDT-INJUSDT,APTUSDT,INJUSDT,1,2025-04-24 12:00:00+00:00,2025-04-27 04:00:00+00:00,0.7916222004893091,584.5078961996996,-176.22967136245325,5.5,10.13,5.513,10.08,-2.376449576830703,-1.6598419714568446,screen_failed,16.410086218718824,9.998787119082472,6.411299099636351,16
OPUSDT-ARUSDT,OPUSDT,ARUSDT,1,2025-04-25 04:00:00+00:00,2025-04-27 04:00:00+00:00,0.9232428239644851,3698.6287948810373,-284.1112900757234,0.808,7.08,0.816,6.91,-2.0138963138062973,-0.6583421556569062,screen_failed,77.88794967192086,9.981290111046174,67.90665956087469,12
ARUSDT-STRKUSDT,ARUSDT,STRKUSDT,-1,2025-04-25 04:00:00+00:00,2025-04-27 04:00:00+00:00,1.0409587316270967,-335.9108232803826,16624.92943040514,7.08,0.1577,6.91,0.1552,2.3630303269428614,1.5961137294296486,screen_failed,15.542516381652135,9.90133283646632,5.641183545185814,12
BNBUSDT-LINKUSDT,BNBUSDT,LINKUSDT,1,2025-04-25 12:00:00+00:00,2025-04-27 04:00:00+00:00,0.4249048570993154,6.930724915744724,-52.87940367143497,605.53,15.19,599.96,14.56,-3.235475915509122,-2.0661257745644184,screen_failed,-5.290113467693693,9.928081837906298,-15.218195305599991,10
APTUSDT-ETCUSDT,APTUSDT,ETCUSDT,-1,2025-04-28 12:00:00+00:00,2025-04-29 08:00:00+00:00,1.2319007770650723,-374.89810870351846,177.79230283504072,5.493,16.54,5.571,17.23,2.0628215944368975,0.3081362158636137,target,93.43463647730411,10.151918741435054,83.28271773586906,5
CAKEUSDT-ARKMUSDT,CAKEUSDT,ARKMUSDT,1,2025-04-27 04:00:00+00:00,2025-05-02 04:00:00+00:00,0.7548484158984106,1552.7931979977502,-3021.4545846873207,2.035,0.609,2.057,0.573,-2.0191989811257796,-0.5251559454316347,screen_failed,142.93381540469383,9.925389085307208,133.00842631938661,30
AVAXUSDT-VETUSDT,AVAXUSDT,VETUSDT,1,2025-04-28 08:00:00+00:00,2025-05-02 04:00:00+00:00,1.0387007281114742,108.68582293322781,-92756.80414516418,22.27,0.02781,21.27,0.02714,-2.622315667847037,-2.5049467187366825,screen_failed,-46.53876415596777,9.829167118289512,-56.36793127425728,23
ETHFIUSDT-STRKUSDT,ETHFIUSDT,STRKUSDT,-1,2025-04-29 16:00:00+00:00,2025-05-02 04:00:00+00:00,1.2116538442527711,-3480.8844731306185,19736.345946679798,0.595,0.1484,0.589,0.1451,2.112912329271797,2.2020908443215785,screen_failed,-44.24463478525955,9.913984751537173,-54.15861953679672,15
RUNEUSDT-ALGOUSDT,RUNEUSDT,ALGOUSDT,-1,2025-05-01 12:00:00+00:00,2025-05-02 04:00:00+00:00,0.8532425783942779,-1988.1747536348992,9819.512977463155,1.412,0.2233,1.394,0.2159,2.635120441788423,3.128491324939108,screen_failed,-36.87725046779903,9.891548458401346,-46.768798926200375,4
LTCUSDT-ETCUSDT,LTCUSDT,ETCUSDT,-1,2025-05-01 16:00:00+00:00,2025-05-02 20:00:00+00:00,1.113349859871878,-25.63039199101886,160.45672207348147,89.28,16.9,87.97,17.23,2.0475280301501377,0.22646320285114485,target,86.52653179248395,10.019374904776015,76.50715688770794,7
JUPUSDT-ENSUSDT,JUPUSDT,ENSUSDT,1,2025-05-03 08:00:00+00:00,2025-05-04 00:00:00+00:00,0.9198577120467786,5695.386492726971,-134.35694486535388,0.4403,18.55,0.4264,19.1,-2.4859690913879304,-4.154419397993329,stop_divergence,-153.06219192484974,9.99473044742704,-163.05692237227677,4
RUNEUSDT-VETUSDT,RUNEUSDT,VETUSDT,1,2025-05-02 08:00:00+00:00,2025-05-04 12:00:00+00:00,0.9820878712350234,1815.6028347468246,-96982.47280282465,1.309,0.02705,1.274,0.02542,-2.3580002818155954,-0.376648403107878,target,94.53533145246541,9.778372470115258,84.75695898235016,13
FILUSDT-ETCUSDT,FILUSDT,ETCUSDT,1,2025-05-03 16:00:00+00:00,2025-05-04 16:00:00+00:00,1.1419378167043432,783.345966491271,-173.5025624049084,2.653,16.84,2.624,16.01,-2.6218520843479647,-0.18931214618588335,target,121.29009376782687,9.833275840175677,111.4568179276512,6
DOGEUSDT-ADAUSDT,DOGEUSDT,ADAUSDT,-1,2025-05-02 16:00:00+00:00,2025-05-05 00:00:00+00:00,0.9994465762988752,-14775.642566686889,3387.077753754621,0.18004,0.6908,0.17039,0.673,2.215105242921419,-0.2911942615510011,target,82.29496675169635,9.79712506521464,72.4978416864817,14
LDOUSDT-CFXUSDT,LDOUSDT,CFXUSDT,-1,2025-05-03 20:00:00+00:00,2025-05-06 12:00:00+00:00,1.1887170449258877,-2969.5821742811895,34816.37350667841,0.822,0.0735,0.751,0.0719,2.4293396596905428,0.2928534126030443,target,155.1341367632792,9.733453468015352,145.40068329526386,16
LTCUSDT-ETCUSDT,LTCUSDT,ETCUSDT,-1,2025-05-04 08:00:00+00:00,2025-05-06 20:00:00+00:00,1.10811187400408,-26.135009987036884,169.05063449774678,85.88,16.3,91.6,16.23,2.039164761509811,4.185321829782243,stop_divergence,-161.32580154069328,10.137658712711008,-171.4634602534043,15
XLMUSDT-AAVEUSDT,XLMUSDT,AAVEUSDT,1,2025-05-02 12:00:00+00:00,2025-05-07 04:00:00+00:00,0.775402135268494,11172.198894893583,-10.963773911681121,0.2755,175.31,0.2612,174.49,-2.2182847395708416,-2.467974669406256,screen_failed,-150.7721495894002,9.831247261195443,-160.60339685059563,28
AAVEUSDT-APTUSDT,AAVEUSDT,APTUSDT,-1,2025-05-02 16:00:00+00:00,2025-05-07 04:00:00+00:00,1.2089847054842613,-11.24144939210345,562.1816669871952,174.48,5.405,174.49,4.768,2.0940724046543204,3.318369921435027,screen_failed,-358.2221363647649,9.642002692623077,-367.86413905738794,27
INJUSDT-ENSUSDT,INJUSDT,ENSUSDT,1,2025-05-03 16:00:00+00:00,2025-05-07 04:00:00+00:00,0.9195770495883046,261.95334586257457,-127.77947240322116,9.79,19.06,9.55,18.09,-2.4594102395637063,-1.1392447646569104,screen_failed,61.077285224106895,9.813185108761857,51.26410011534504,21
ARBUSDT-APTUSDT,ARBUSDT,APTUSDT,-1,2025-05-06 12:00:00+00:00,2025-05-07 04:00:00+00:00,0.9958232821107188,-7831.143848533055,563.0482781543049,0.3012,4.691,0.3086,4.768,2.282990313728585,2.6170338733076592,screen_failed,-14.595747061262855,10.101305181897025,-24.69705224315988,4
APTUSDT-ETCUSDT,APTUSDT,ETCUSDT,1,2025-05-06 12:00:00+00:00,2025-05-07 04:00:00+00:00,1.2568139973758075,422.13678794416865,-191.36605372331462,4.691,15.78,4.768,16.35,-2.592850083072946,-3.4480997939345173,screen_failed,-76.57411795058877,10.14158318329399,-86.71570113388276,4
JUPUSDT-ENSUSDT,JUPUSDT,ENSUSDT,1,2025-05-07 00:00:00+00:00,2025-05-07 04:00:00+00:00,0.9198577120467786,6434.772799216656,-128.0921144952692,0.4221,17.83,0.4218,18.09,-2.004025883205216,-2.312361572496827,screen_failed,-35.234381608534974,10.031373517929005,-45.26575512646398,1
SOLUSDT-BCHUSDT,SOLUSDT,BCHUSDT,1,2025-05-07 20:00:00+00:00,2025-05-08 00:00:00+00:00,1.1579274149296415,17.91535597777008,-6.155696890104074,147.32,383.5,150.87,411.0,-2.3382061956096702,-4.127223821051885,stop_divergence,-105.68215075677804,10.232881178198946,-115.915031934977,1
LINKUSDT-ETCUSDT,LINKUSDT,ETCUSDT,1,2025-05-08 20:00:00+00:00,2025-05-09 04:00:00+00:00,1.4789990472678587,118.38650987511141,-167.47301251654486,15.88,18.63,16.11,19.25,-3.1024666212729994,-4.513287344325094,stop_divergence,-76.60437048898251,10.131062165031533,-86.73543265401405,2
RUNEUSDT-VETUSDT,RUNEUSDT,VETUSDT,1,2025-05-08 20:00:00+00:00,2025-05-09 08:00:00+00:00,0.9596326970126055,1661.103134159282,-94434.95217826247,1.379,0.02869,1.473,0.0297,-2.0551261160357273,-0.35616232406560167,target,60.764392910927526,10.251522996311017,50.51286991461651,3
DOTUSDT-ETCUSDT,DOTUSDT,ETCUSDT,1,2025-05-08 20:00:00+00:00,2025-05-09 12:00:00+00:00,1.124191724968338,535.5767328925159,-140.2828812791706,4.456,18.63,4.731,19.07,-2.0508644858656244,-0.22327092600137785,target,85.55913378260635,10.209008069308275,75.35012571329807,4
JUPUSDT-INJUSDT,JUPUSDT,INJUSDT,1,2025-05-03 16:00:00+00:00,2025-05-09 20:00:00+00:00,0.9858150107961376,5659.145573177008,-257.9423535086511,0.4373,9.79,0.5411,11.81,-2.0785684363623584,-0.4319212573569408,target,66.375756408298,11.108462864583249,55.26729354371476,37
XLMUSDT-DOTUSDT,XLMUSDT,DOTUSDT,1,2025-05-09 08:00:00+00:00,2025-05-09 20:00:00+00:00,1.1071753743932424,7825.490012117704,-564.3930137302716,0.3009,4.687,0.2953,4.799,-2.2302510773493465,-4.007389723476919,stop_divergence,-107.03476160564958,10.019389273469933,-117.0541508791195,3
DOGEUSDT-ADAUSDT,DOGEUSDT,ADAUSDT,-1,2025-05-09 08:00:00+00:00,2025-05-10 00:00:00+00:00,1.000010145751366,-12302.838388919097,3084.853547127598,0.20727,0.7942,0.20985,0.7807,2.1909280679177043,4.268704288085073,stop_divergence,-73.38684592963405,9.990095800157189,-83.37694172979124,4
ARBUSDT-XLMUSDT,ARBUSDT,XLMUSDT,-1,2025-05-09 04:00:00+00:00,2025-05-10 12:00:00+00:00,0.9429431509212566,-5926.889393690712,9277.558347635093,0.3773,0.2979,0.4167,0.3028,2.3698546309741753,5.081558443135779,stop_divergence,-188.0594062080019,10.278979478014826,-198.33838568601672,8
RUNEUSDT-VETUSDT,RUNEUSDT,VETUSDT,-1,2025-05-10 08:00:00+00:00,2025-05-10 12:00:00+00:00,0.9596326970126055,-1293.8945477336438,94515.69875156957,1.659,0.03019,1.668,0.03047,4.527052012315307,4.2257786186556885,stop_divergence,14.819344720836721,10.038109446580043,4.781235274256678,1
RUNEUSDT-INJUSDT,RUNEUSDT,INJUSDT,1,2025-05-08 00:00:00+00:00,2025-05-10 16:00:00+00:00,0.8169768909247936,2061.413152672411,-231.65705440250778,1.295,10.06,1.695,13.17,-2.0018470344007184,0.06222956936051488,target,104.11182187716565,11.545018700260764,92.56680317690488,16
LINKUSDT-ETCUSDT,LINKUSDT,ETCUSDT,1,2025-05-10 04:00:00+00:00,2025-05-10 20:00:00+00:00,1.4789990472678587,117.49825826341713,-157.18735928552073,16.36,19.58,17.34,20.7,-3.984529090911575,-4.171666435369626,stop_divergence,-60.90154930163452,10.291198135497932,-71.19274743713245,4
DOGEUSDT-ADAUSDT,DOGEUSDT,ADAUSDT,-1,2025-05-11 00:00:00+00:00,2025-05-11 04:00:00+00:00,1.000010145751366,-9663.80230742734,3288.3291107083005,0.23963,0.8163,0.2303,0.7917,5.625475793950708,4.906808894265128,stop_divergence,9.270379404872727,9.828943828348278,-0.5585644234755502,1
ARBUSDT-XLMUSDT,ARBUSDT,XLMUSDT,-1,2025-05-11 12:00:00+00:00,2025-05-11 16:00:00+00:00,0.9429431509212566,-4425.917933198474,9952.61753577168,0.447,0.3036,0.4537,0.3074,4.300174112411997,4.160769778550524,stop_divergence,8.166296483502933,10.067473596788362,-1.9011771132854296,1
RUNEUSDT-VETUSDT,RUNEUSDT,VETUSDT,-1,2025-05-11 12:00:00+00:00,2025-05-12 00:00:00+00:00,0.9596326970126055,-1269.2880651683167,92585.50276430779,1.713,0.03052,1.799,0.0317,4.091706435471423,4.001355422579018,stop_divergence,0.09211965740817618,10.218409666866359,-10.126290009458183,3
APTUSDT-SANDUSDT,APTUSDT,SANDUSDT,1,2025-05-07 04:00:00+00:00,2025-05-12 04:00:00+00:00,0.9059921828295522,573.7430762512818,-8288.407805394907,4.768,0.2732,6.036,0.3662,-2.9806535198004687,-2.566832155439395,screen_failed,-43.31570521510139,11.498328146588353,-54.81403336168974,30
FILUSDT-ETCUSDT,FILUSDT,ETCUSDT,1,2025-05-07 04:00:00+00:00,2025-05-12 04:00:00+00:00,1.0925789421811782,933.5354370200623,-158.3860245635596,2.582,16.35,3.233,20.37,-2.0816116936863662,-1.9302162708984836,screen_failed,-28.980249245448704,11.244443388245571,-40.224692633694275,30
XLMUSDT-ETCUSDT,XLMUSDT,ETCUSDT,1,2025-05-08 16:00:00+00:00,2025-05-12 04:00:00+00:00,1.2916489493980545,7488.064008270291,-158.7292671120595,0.2849,18.06,0.3129,20.37,-2.3612745366666537,-2.847046563477196,screen_failed,-156.99881479728947,10.576330399260426,-167.5751451965499,21
NEARUSDT-LDOUSDT,NEARUSDT,LDOUSDT,1,2025-05-08 20:00:00+00:00,2025-05-12 04:00:00+00:00,1.0214656931249617,921.6988408834654,-2568.116032479625,2.736,0.965,3.218,1.123,-2.0167827908656792,-1.3729819135555383,screen_failed,38.49650817404927,10.850021174437611,27.646486999611657,20
XLMUSDT-DOTUSDT,XLMUSDT,DOTUSDT,1,2025-05-10 20:00:00+00:00,2025-05-12 04:00:00+00:00,1.1071753743932424,7350.097579346207,-496.4162005508242,0.3217,5.309,0.3129,5.269,-3.8675973179941328,-3.492892277112085,screen_failed,-44.82421067621344,9.915462493279723,-54.73967316949316,8
JUPUSDT-INJUSDT,JUPUSDT,INJUSDT,1,2025-05-10 20:00:00+00:00,2025-05-12 04:00:00+00:00,0.9318173401138143,4606.432639899799,-175.09192402747473,0.5742,13.45,0.5826,13.83,-2.068676191548405,-2.240202010553898,screen_failed,-27.840896955282396,10.1052289653056,-37.946125920587995,8
LINKUSDT-ETCUSDT,LINKUSDT,ETCUSDT,1,2025-05-11 20:00:00+00:00,2025-05-12 04:00:00+00:00,1.4789990472678587,115.74188856996507,-151.3433720167133,17.1,19.96,17.51,20.37,-2.42571263318858,-2.494979636490444,screen_failed,-14.596608213166775,10.109504956840539,-24.706113170007313,2
LINKUSDT-XLMUSDT,LINKUSDT,XLMUSDT,-1,2025-05-12 04:00:00+00:00,2025-05-12 20:00:00+00:00,1.0803288192824536,-134.7495242690467,8438.912847711703,17.51,0.3129,16.74,0.3127,2.0073512059012026,-0.2390664833339476,target,102.06935111762377,9.894555083743292,92.17479603388048,4
NEARUSDT-FILUSDT,NEARUSDT,FILUSDT,-1,2025-05-13 00:00:00+00:00,2025-05-13 20:00:00+00:00,1.5721003055107234,-530.097804640609,1150.5562584254515,3.012,2.958,3.21,3.219,3.104860293845884,0.20216485515321114,target,195.3358181302019,10.405254548767882,184.930563581434,5
BOMEUSDT-ETHFIUSDT,BOMEUSDT,ETHFIUSDT,1,2025-05-14 20:00:00+00:00,2025-05-15 12:00:00+00:00,0.8769879652801595,1060554.89520432,-1609.7671116125293,0.002673,1.345,0.002646,1.619,-2.03354205457167,-4.3492618505265455,stop_divergence,-469.71117075234986,10.412441206411316,-480.12361195876116,4
FILUSDT-SANDUSDT,FILUSDT,SANDUSDT,1,2025-05-14 20:00:00+00:00,2025-05-15 16:00:00+00:00,0.7805717939793512,948.0138834072006,-5977.338745673937,3.051,0.3526,2.943,0.3239,-2.396407143432039,-0.2860156731631005,target,69.16412259286426,9.726064878591181,59.43805771427308,5
LINKUSDT-XLMUSDT,LINKUSDT,XLMUSDT,-1,2025-05-14 20:00:00+00:00,2025-05-16 16:00:00+00:00,1.0803288192824536,-139.91198731213888,8627.254184460051,17.01,0.3037,16.06,0.2971,2.048188386460958,0.36958081184913294,target,75.97651032909556,9.810143734436032,66.16636659465954,11
TRXUSDT-UNIUSDT,TRXUSDT,UNIUSDT,-1,2025-05-12 12:00:00+00:00,2025-05-17 04:00:00+00:00,0.2133065640546369,-16967.559045993872,48.11361425736211,0.2751,6.905,0.2692,5.905,2.751278751867455,2.228901649760435,screen_failed,51.994984114002015,9.851777787371272,42.14320632663074,28
LTCUSDT-CRVUSDT,LTCUSDT,CRVUSDT,-1,2025-05-12 16:00:00+00:00,2025-05-17 04:00:00+00:00,0.7455641520443019,-29.67359755300627,2638.3528538467194,101.62,0.7522,100.53,0.6861,2.2619260312301726,2.467745969944502,screen_failed,-142.05090230649103,9.793260655027956,-151.84416296151898,27
ARBUSDT-RUNEUSDT,ARBUSDT,RUNEUSDT,1,2025-05-12 16:00:00+00:00,2025-05-17 04:00:00+00:00,0.9215503380132658,6196.368464849155,-1227.0883208587838,0.4267,1.92,0.3778,1.714,-3.1459575582210406,-1.9707584970029541,screen_failed,-50.222223834214304,9.444217387971968,-59.66644122218627,27
JUPUSDT-ARKMUSDT,JUPUSDT,ARKMUSDT,1,2025-05-13 16:00:00+00:00,2025-05-17 04:00:00+00:00,0.9573173079536315,4781.4372731365565,-2821.172969474,0.579,0.791,0.4903,0.632,-2.5531539871723896,-0.427274660302278,target,24.453016019153836,9.127320011726422,15.325696007427414,21
NOTUSDT-SAGAUSDT,NOTUSDT,SAGAUSDT,-1,2025-05-14 00:00:00+00:00,2025-05-17 04:00:00+00:00,0.8077204052385838,-829135.1942388559,4888.283675681756,0.003487,0.4314,0.002642,0.3102,2.309364329298582,1.5587204761587148,screen_failed,108.15925763920438,8.706920779375537,99.45233685982885,19
AAVEUSDT-ENSUSDT,AAVEUSDT,ENSUSDT,-1,2025-05-14 20:00:00+00:00,2025-05-17 04:00:00+00:00,0.8848817832911937,-12.068542042465271,94.88454721585201,229.54,23.5,225.76,21.66,2.1445015546991573,3.012096006722163,screen_failed,-128.96847795664894,9.779793344202314,-138.74827130085126,14
NEARUSDT-SANDUSDT,NEARUSDT,SANDUSDT,-1,2025-05-15 16:00:00+00:00,2025-05-17 04:00:00+00:00,1.2577648911258499,-687.5875226308542,9231.80509833286,2.923,0.3239,2.774,0.3093,2.306452233043969,2.396072974904462,screen_failed,-32.333813563662474,9.762765104692344,-42.096578668354816,9
NEARUSDT-DOTUSDT,NEARUSDT,DOTUSDT,1,2025-05-16 12:00:00+00:00,2025-05-17 04:00:00+00:00,1.2495355478125973,649.759429135281,-636.0117136042996,2.891,4.908,2.774,4.729,-2.2313952131532298,-1.908467404077391,screen_failed,37.82424352634193,9.810132050056003,28.014111476285926,4
BOMEUSDT-ETHFIUSDT,BOMEUSDT,ETHFIUSDT,1,2025-05-16 12:00:00+00:00,2025-05-17 04:00:00+00:00,0.8769879652801595,1238651.664911462,-1446.528582398288,0.002376,1.422,0.002076,1.303,-3.3453111798315636,-3.512399281075655,screen_failed,-199.45859816804224,9.456267599221164,-208.91486576726342,4
NEARUSDT-FILUSDT,NEARUSDT,FILUSDT,-1,2025-05-17 00:00:00+00:00,2025-05-17 04:00:00+00:00,1.5721003055107234,-597.3953704140848,1184.3656882932635,2.765,2.827,2.774,2.82,2.1494544461665743,2.370037563056197,screen_failed,-13.667118151779686,9.997085998515674,-23.66420415029536,1
STRKUSDT-CFXUSDT,STRKUSDT,CFXUSDT,1,2025-05-17 00:00:00+00:00,2025-05-17 04:00:00+00:00,1.0536799026395263,15364.100816660877,-30786.906719174716,0.1503,0.0874,0.1504,0.0879,-2.2761658815670702,-2.393688026426837,screen_failed,-13.857043277921028,10.016929863441254,-23.873973141362285,1
SOLUSDT-BCHUSDT,SOLUSDT,BCHUSDT,-1,2025-05-13 20:00:00+00:00,2025-05-18 00:00:00+00:00,1.1013128226948596,-14.050121571820057,5.881055839440817,183.75,411.2,166.9,396.2,2.4046226659734384,0.4929338919006276,target,148.52871089355563,9.67503961392322,138.8536712796324,25
SOLUSDT-CAKEUSDT,SOLUSDT,CAKEUSDT,-1,2025-05-17 04:00:00+00:00,2025-05-20 00:00:00+00:00,1.0355640184202555,-15.788079775298293,1067.9996136408552,168.55,2.19,169.19,2.283,2.363723742016003,0.4734206355578226,target,89.21959301240881,10.10942833512479,79.11016467728402,17
LINKUSDT-VETUSDT,LINKUSDT,VETUSDT,-1,2025-05-20 00:00:00+00:00,2025-05-20 20:00:00+00:00,0.9510908970889684,-164.412076523659,82823.04076449313,16.13,0.02835,15.71,0.0285,2.2917063734718286,0.19831412711202773,target,81.47652825461051,9.943370383974738,71.53315787063578,5
NEARUSDT-JUPUSDT,NEARUSDT,JUPUSDT,1,2025-05-21 08:00:00+00:00,2025-05-21 20:00:00+00:00,1.0339885430400952,908.6869536173282,-4600.582287204413,2.81,0.5318,2.863,0.5189,-2.212794728493878,-0.31196037085440875,target,107.50792004665536,9.98881289703678,97.51910714961858,3
LINKUSDT-FILUSDT,LINKUSDT,FILUSDT,-1,2025-05-20 00:00:00+00:00,2025-05-22 00:00:00+00:00,1.2012162291968282,-141.60200957919585,944.0248819908138,16.13,2.877,16.42,3.014,2.0237714308305526,0.33289882908605506,target,88.2668260547743,10.17039599161071,78.0964300631636,12
SOLUSDT-ETCUSDT,SOLUSDT,ETCUSDT,-1,2025-05-17 04:00:00+00:00,2025-05-22 04:00:00+00:00,1.0225249948334483,-14.883363627628695,136.29152410083054,168.55,18.28,178.49,19.47,2.1035913111731657,1.3227413695228545,screen_failed,14.246279221358833,10.310127548138617,3.936151673220216,30
JUPUSDT-SANDUSDT,JUPUSDT,SANDUSDT,-1,2025-05-18 00:00:00+00:00,2025-05-22 04:00:00+00:00,1.1787644320784474,-3829.539680244375,10297.938245001731,0.493,0.3022,0.5452,0.3313,2.447271107451611,1.5538569292577484,screen_failed,99.7680316207935,10.499571974238307,89.26845964655519,25
XRPUSDT-PENDLEUSDT,XRPUSDT,PENDLEUSDT,1,2025-05-19 04:00:00+00:00,2025-05-22 04:00:00+00:00,0.6100551526457428,1586.8231319540012,-335.3948173200125,2.3055,4.0,2.4055,4.649,-2.060119407484522,-2.8077560456720825,screen_failed,-58.98892324528785,10.376353549636088,-69.36527679492394,18
NEARUSDT-LDOUSDT,NEARUSDT,LDOUSDT,-1,2025-05-19 12:00:00+00:00,2025-05-22 04:00:00+00:00,0.8967076559410253,-982.9175650136121,2585.987099372996,2.748,0.889,2.969,0.948,2.1091171463424465,2.2784698964199763,screen_failed,-64.65154300500132,10.369798020731015,-75.02134102573233,16
LINKUSDT-XLMUSDT,LINKUSDT,XLMUSDT,-1,2025-05-20 00:00:00+00:00,2025-05-22 04:00:00+00:00,1.1132702841308109,-133.58789692461772,9920.59701048088,16.13,0.2868,16.42,0.2986,2.298100065935627,0.8632517415666231,screen_failed,78.32255461553467,10.155803534831813,68.16675108070285,13
NEARUSDT-CFXUSDT,NEARUSDT,CFXUSDT,1,2025-05-21 08:00:00+00:00,2025-05-22 04:00:00+00:00,1.0584662804263232,879.0242582560912,-27380.322882038785,2.81,0.0924,2.969,0.0967,-2.0980606504552894,-1.7233040305787624,screen_failed,22.029468669951612,10.257500245455486,11.771968424496126,5
ETHUSDT-TRXUSDT,ETHUSDT,TRXUSDT,1,2025-05-22 08:00:00+00:00,2025-05-23 00:00:00+00:00,3.8168709907192544,0.25265204346975806,-15404.776221175876,2650.75,0.2811,2722.0,0.2754,-2.2427317128658957,-0.09547175888612314,target,105.80868255792335,9.930194233636517,95.87848832428683,4
TRXUSDT-BOMEUSDT,TRXUSDT,BOMEUSDT,-1,2025-05-22 08:00:00+00:00,2025-05-23 00:00:00+00:00,0.16916246396154863,-17106.53086850264,76818.21471854986,0.2811,0.002491,0.2754,0.002743,2.3199791938670913,0.0010422793569510348,target,116.86541605954027,9.921850964158608,106.94356509538166,4
DOTUSDT-CFXUSDT,DOTUSDT,CFXUSDT,1,2025-05-22 16:00:00+00:00,2025-05-23 00:00:00+00:00,0.846663066648798,598.0430283820858,-20877.81148233499,4.901,0.0991,5.108,0.0998,-2.040569848299896,-0.15455223188160072,target,109.18043883745705,10.138409374912726,99.04202946254432,2
DOTUSDT-ATOMUSDT,DOTUSDT,ATOMUSDT,1,2025-05-23 08:00:00+00:00,2025-05-24 04:00:00+00:00,1.181088988986721,490.75494800222515,-525.977203433807,4.747,5.077,4.591,4.807,-2.0950132618473347,-0.458947957230976,target,65.45607303878067,9.781428383184526,55.67464465559615,5
GALAUSDT-ATOMUSDT,GALAUSDT,ATOMUSDT,1,2025-05-23 08:00:00+00:00,2025-05-24 08:00:00+00:00,1.4962295008929722,82800.25218098785,-658.8187825294569,0.01999,5.077,0.01926,4.798,-2.225232528463465,0.19352098542519414,target,123.36625623359717,9.755745375582162,113.610510858015,6
1000SATSUSDT-ARKMUSDT,1000SATSUSDT,ARKMUSDT,-1,2025-05-23 04:00:00+00:00,2025-05-25 20:00:00+00:00,0.9724541777351908,-31390468.135227785,4161.7749884222785,6.25e-05,0.73,5.43e-05,0.683,2.135561562082668,0.4056687462429031,target,61.79841425302109,9.546994736835284,52.251419516185805,16
JUPUSDT-ETCUSDT,JUPUSDT,ETCUSDT,-1,2025-05-23 00:00:00+00:00,2025-05-26 04:00:00+00:00,1.2402954365809942,-2801.9270800428612,162.8373268378313,0.621,20.02,0.622,18.67,3.030005587024989,4.283929343626107,stop_divergence,-222.6323183111148,9.78297153584897,-232.41528984696376,19
CAKEUSDT-ETCUSDT,CAKEUSDT,ETCUSDT,-1,2025-05-20 20:00:00+00:00,2025-05-27 00:00:00+00:00,0.9619012651159,-1051.734878240411,138.12155587994786,2.335,18.42,2.607,18.22,2.7507707472236964,5.505573334512641,stop_divergence,-313.69619805738205,10.258447575705402,-323.95464563308747,37
DOGEUSDT-BNBUSDT,DOGEUSDT,BNBUSDT,1,2025-05-22 00:00:00+00:00,2025-05-27 04:00:00+00:00,3.2268824791922066,2457.1997925720334,-6.431000230576544,0.24116,685.34,0.22776,681.01,-2.463981208854544,-2.750468092773808,screen_failed,-5.080246222068602,9.939227291781137,-15.01947351384974,31
FETUSDT-ARUSDT,FETUSDT,ARUSDT,-1,2025-05-23 00:00:00+00:00,2025-05-27 04:00:00+00:00,0.9431847470082579,-2638.71654863184,307.6442544915838,0.94,8.19,0.897,7.36,2.4768083074177993,2.2784860910972213,screen_failed,-141.8799196368454,9.631190457180818,-151.5111100940262,25
FETUSDT-ATOMUSDT,FETUSDT,ATOMUSDT,-1,2025-05-24 08:00:00+00:00,2025-05-27 04:00:00+00:00,1.271194046407312,-2141.63360609168,654.6606981893333,0.868,4.798,0.897,4.842,2.050751330924485,2.0779016021640664,screen_failed,-33.30230385632838,10.09091244529699,-43.393216301625365,17
ADAUSDT-VETUSDT,ADAUSDT,VETUSDT,-1,2025-05-24 16:00:00+00:00,2025-05-27 04:00:00+00:00,0.9039572957264316,-3573.9466142365804,83329.17464980925,0.7548,0.02763,0.7649,0.02796,2.0551726545111824,1.6818780600799244,screen_failed,-8.598233169352365,10.063595488438228,-18.661828657790593,15
LINKUSDT-FILUSDT,LINKUSDT,FILUSDT,-1,2025-05-26 00:00:00+00:00,2025-05-27 04:00:00+00:00,1.1944130586017496,-140.18797381732642,997.3114995748392,15.69,2.808,15.84,2.85,2.0372730654486317,1.506009274833959,screen_failed,20.85888690954449,10.062915279054742,10.795971630489749,7
FILUSDT-ICPUSDT,FILUSDT,ICPUSDT,1,2025-05-26 04:00:00+00:00,2025-05-27 04:00:00+00:00,0.884483439152393,939.6593894886706,-429.40799947775525,2.852,5.403,2.85,5.313,-2.018877276000268,-1.2679169093803986,screen_failed,36.767401174020776,9.959473961268024,26.80792721275275,6
ARBUSDT-DOTUSDT,ARBUSDT,DOTUSDT,-1,2025-05-26 08:00:00+00:00,2025-05-27 04:00:00+00:00,1.2964520827115225,-4890.651875143572,674.1510412068964,0.3993,4.52,0.397,4.521,2.2284285910494415,1.8698406776425378,screen_failed,11.922650354037184,9.989425651728377,1.9332247023088076,5
FETUSDT-ARKMUSDT,FETUSDT,ARKMUSDT,-1,2025-05-26 08:00:00+00:00,2025-05-27 04:00:00+00:00,0.8634252114076951,-2993.914565123742,3346.8981313288223,0.911,0.679,0.897,0.691,2.1703650434123447,1.464590734737081,screen_failed,82.07758148767795,9.998247973664213,72.07933351401374,5
LINKUSDT-HBARUSDT,LINKUSDT,HBARUSDT,-1,2025-05-26 12:00:00+00:00,2025-05-27 04:00:00+00:00,1.1175629065811612,-133.84307790825207,15240.503541443532,15.77,0.18958,15.84,0.18633,2.0218364814555727,2.9763760577663523,screen_failed,-58.900651963269205,9.959837378943885,-68.86048934221309,4
FETUSDT-JUPUSDT,FETUSDT,JUPUSDT,1,2025-05-26 16:00:00+00:00,2025-05-27 04:00:00+00:00,1.0616608181056362,2837.464786054514,-4134.34952803551,0.871,0.6116,0.897,0.6149,-2.4176909097637007,-1.8847175143579769,screen_failed,60.130730994900375,10.087417437879935,50.04331355702044,3
HBARUSDT-VETUSDT,HBARUSDT,VETUSDT,1,2025-05-27 00:00:00+00:00,2025-05-29 00:00:00+00:00,0.8020135278824441,16422.370381402856,-72317.70092213093,0.18398,0.02736,0.1885,0.02738,-2.0656754628904346,-0.24899457796250588,target,72.78276010549804,10.075675468142382,62.707084637355656,12
CAKEUSDT-JUPUSDT,CAKEUSDT,JUPUSDT,-1,2025-05-27 04:00:00+00:00,2025-05-30 04:00:00+00:00,0.7311936728282381,-1191.527766157221,2798.6917995370422,2.752,0.6149,2.419,0.5559,2.3028770349362686,0.04249466346547296,target,231.65592995766866,9.438098437696958,222.2178315199717,18
AVAXUSDT-ICPUSDT,AVAXUSDT,ICPUSDT,1,2025-05-30 04:00:00+00:00,2025-05-30 12:00:00+00:00,1.0739685431790658,106.45088124157755,-532.8810012118778,21.44,5.1,21.48,4.989,-2.253708747717387,-0.4179236183897515,target,63.40782638418132,9.945108244115143,53.46271814006617,2
ARBUSDT-GALAUSDT,ARBUSDT,GALAUSDT,-1,2025-05-28 08:00:00+00:00,2025-05-30 16:00:00+00:00,1.0161290748816731,-6439.343023279863,122266.26676586844,0.4104,0.01928,0.3553,0.01738,2.2803365429567264,0.31629979484769,target,122.50189372757046,9.412886292562128,113.08900743500833,14
AVAXUSDT-XLMUSDT,AVAXUSDT,XLMUSDT,-1,2025-05-28 16:00:00+00:00,2025-05-30 16:00:00+00:00,1.3281596253292007,-75.01299892121213,11781.452399204367,22.82,0.2791,21.27,0.2721,2.1879623650935174,0.3180687111842044,target,33.79998153344822,9.80125968487769,23.998721848570526,12
FILUSDT-VETUSDT,FILUSDT,VETUSDT,-1,2025-05-28 20:00:00+00:00,2025-05-30 16:00:00+00:00,0.8055159631566301,-1035.2202577488986,74924.59074375332,2.862,0.02719,2.588,0.02477,2.0081741713332613,-0.1797387100639795,target,102.3328410233153,9.53503213977692,92.79780888353838,11
TAOUSDT-ENSUSDT,TAOUSDT,ENSUSDT,1,2025-05-29 00:00:00+00:00,2025-05-31 04:00:00+00:00,0.8598378933071528,6.346196274035396,-90.06244390901354,437.2,24.71,403.9,20.53,-2.445641992839544,0.2078343699699722,target,165.1326796142978,9.412210648534945,155.72046896576288,13
XLMUSDT-FILUSDT,XLMUSDT,FILUSDT,-1,2025-05-30 16:00:00+00:00,2025-05-31 20:00:00+00:00,0.8587470896337779,-10890.393223078083,786.9876367853377,0.2721,2.588,0.2641,2.596,2.117939414325609,0.12047054473232582,target,93.41904687890745,9.91917275530966,83.49987412359779,7
LINKUSDT-VETUSDT,LINKUSDT,VETUSDT,-1,2025-05-26 00:00:00+00:00,2025-06-01 04:00:00+00:00,0.9247700852046871,-165.90858008476317,87096.45270603435,15.69,0.02752,13.87,0.02413,2.034133401945221,1.1808365903305573,screen_failed,6.696641080812526,9.402789409572275,-2.706148328759748,37
TRXUSDT-PEOPLEUSDT,TRXUSDT,PEOPLEUSDT,-1,2025-05-27 04:00:00+00:00,2025-06-01 04:00:00+00:00,0.15390762960765014,-17281.97869367841,8625.96829990655,0.2771,0.02448,0.2684,0.02018,2.0362124268409136,1.3401966878562528,screen_failed,113.26155094540378,9.8125551216754,103.44899582372838,30
TRXUSDT-BOMEUSDT,TRXUSDT,BOMEUSDT,-1,2025-05-27 20:00:00+00:00,2025-06-01 04:00:00+00:00,0.1878497996865312,-17095.574705282594,108510.36123779055,0.2779,0.002296,0.2684,0.001834,2.0115099819859608,1.8414788883225632,screen_failed,112.27617280832459,9.787460253407957,102.48871255491663,26
SOLUSDT-ENSUSDT,SOLUSDT,ENSUSDT,1,2025-05-29 00:00:00+00:00,2025-06-01 04:00:00+00:00,0.663095926713098,20.165713302795396,-60.59148520050344,173.7,24.71,154.45,20.51,-2.310445106167529,-1.6145624753925956,screen_failed,-133.70574323669697,9.357325781079075,-143.06306901777606,19
NOTUSDT-UNIUSDT,NOTUSDT,UNIUSDT,1,2025-05-29 00:00:00+00:00,2025-06-01 04:00:00+00:00,0.8581549464326582,1020048.9438377329,-282.0922665621153,0.002829,7.495,0.002229,6.18,-2.4414342890983654,-2.5858012848586234,screen_failed,-241.07803577345783,9.01701930316818,-250.095055076626,19
ARBUSDT-CFXUSDT,ARBUSDT,CFXUSDT,-1,2025-05-29 00:00:00+00:00,2025-06-01 04:00:00+00:00,1.1229194981656738,-4870.52640171405,31972.3462017533,0.4325,0.0905,0.3386,0.0755,3.0347933679999817,1.200805416325858,screen_failed,-22.242763905350273,9.063072377852752,-31.305836283203025,19
XLMUSDT-VETUSDT,XLMUSDT,VETUSDT,-1,2025-05-29 08:00:00+00:00,2025-06-01 04:00:00+00:00,0.725698026086006,-11362.207667392215,64167.530909663226,0.2878,0.02696,0.2658,0.02413,2.1110260514050494,2.146334221523718,screen_failed,68.37445620828186,9.568437318843024,58.80601888943883,17
NOTUSDT-GALAUSDT,NOTUSDT,GALAUSDT,1,2025-05-30 20:00:00+00:00,2025-06-01 04:00:00+00:00,0.9036898507250299,1092813.808637834,-159747.04419431696,0.002178,0.0164,0.002229,0.01656,-2.344899135334836,-1.7521640514028163,screen_failed,30.173977169439592,10.08129303131162,20.09268413812797,8
HBARUSDT-VETUSDT,HBARUSDT,VETUSDT,1,2025-05-31 04:00:00+00:00,2025-06-02 00:00:00+00:00,0.7856407523414751,18165.84292755521,-86597.58963554454,0.16293,0.02356,0.16934,0.02403,-2.3779879226260676,-0.3540632106560078,target,75.7421860369231,10.157143920294335,65.58504211662877,11
TRXUSDT-WIFUSDT,TRXUSDT,WIFUSDT,-1,2025-05-31 04:00:00+00:00,2025-06-02 20:00:00+00:00,0.15133357113641766,-17941.26492309714,212.0698818589118,0.2689,0.828,0.2688,0.948,2.1682169350146143,0.4349677860086833,target,27.24251231537893,10.023654259330758,17.218858056048173,16
HBARUSDT-JASMYUSDT,HBARUSDT,JASMYUSDT,1,2025-05-29 12:00:00+00:00,2025-06-03 00:00:00+00:00,0.716579352902725,17208.233515937503,-109254.81999828614,0.18161,0.01716,0.17214,0.01538,-2.3311130980439327,-0.4177777197386346,target,31.51160820102129,9.642564449007123,21.869043752014164,27
AVAXUSDT-ICPUSDT,AVAXUSDT,ICPUSDT,1,2025-06-01 08:00:00+00:00,2025-06-03 12:00:00+00:00,1.0949817572519092,113.62758525141612,-550.4920486188653,20.4,4.872,21.37,5.286,-2.077137498640846,-4.140911520699035,stop_divergence,-117.68495043433616,10.338122465822085,-128.02307290015824,13
ETCUSDT-ICPUSDT,ETCUSDT,ICPUSDT,1,2025-06-03 04:00:00+00:00,2025-06-03 16:00:00+00:00,1.0174348696123914,153.97638350873888,-446.06320222795796,17.53,5.158,17.76,5.404,-2.156021032658585,-4.711924290459512,stop_divergence,-74.31697954106745,10.145146115955088,-84.46212565702254,3
XLMUSDT-JASMYUSDT,XLMUSDT,JASMYUSDT,-1,2025-06-02 16:00:00+00:00,2025-06-04 00:00:00+00:00,0.6503647161597489,-13226.746057244372,99750.46427933108,0.2652,0.01496,0.2748,0.01489,2.0310996437269306,4.006016394995968,stop_divergence,-133.959294649099,10.119994229649993,-144.079288878749,8
AVAXUSDT-ICPUSDT,AVAXUSDT,ICPUSDT,1,2025-06-04 12:00:00+00:00,2025-06-04 20:00:00+00:00,1.0949817572519092,111.39314592402212,-498.9839210928689,21.1,5.31,20.09,5.199,-3.790781501162509,-4.4736242054338335,stop_divergence,-57.11986214195418,9.83210570737543,-66.9519678493296,2
FILUSDT-ALGOUSDT,FILUSDT,ALGOUSDT,-1,2025-06-04 16:00:00+00:00,2025-06-05 08:00:00+00:00,0.8806736342721263,-1061.0892881919603,11734.711440535088,2.591,0.1918,2.52,0.1909,2.253818650996888,0.15339922096874983,target,64.77609916514766,9.914101420241888,54.861997744905764,4
FILUSDT-VETUSDT,FILUSDT,VETUSDT,-1,2025-06-05 00:00:00+00:00,2025-06-05 08:00:00+00:00,0.8012117794840035,-1075.13609309179,93017.94425664628,2.588,0.02384,2.52,0.02388,2.3494056835463306,-0.1839022819478048,target,76.82997210050748,9.930611463440023,66.89936063706745,2
BNBUSDT-INJUSDT,BNBUSDT,INJUSDT,-1,2025-06-02 16:00:00+00:00,2025-06-05 16:00:00+00:00,0.31665084207050403,-6.959721868377828,33.89361706163281,661.1,11.77,644.49,11.76,2.3361880589011967,0.2173537641089777,target,115.2620440631395,9.884060083595628,105.37798397954387,18
TRXUSDT-RUNEUSDT,TRXUSDT,RUNEUSDT,-1,2025-05-31 04:00:00+00:00,2025-06-05 20:00:00+00:00,0.24179203014136788,-16922.009933137597,280.6938383141703,0.2689,1.602,0.282,1.534,2.046839399524086,4.746958259756204,stop_divergence,-240.76551112946612,10.202591149118739,-250.96810227858487,34
TRXUSDT-WIFUSDT,TRXUSDT,WIFUSDT,-1,2025-06-04 20:00:00+00:00,2025-06-05 20:00:00+00:00,0.15090086463794233,-17735.072502772968,151.5279287617456,0.2744,0.881,0.282,0.826,2.5570147286588765,4.537677868183729,stop_divergence,-143.1205871029705,10.126452514939178,-153.24703961790968,6
NEARUSDT-ETCUSDT,NEARUSDT,ETCUSDT,1,2025-06-02 12:00:00+00:00,2025-06-06 04:00:00+00:00,1.3440559563687389,702.1265646771924,-192.49996851527652,2.422,17.14,2.289,16.54,-2.5330284845172573,-2.316919799300051,screen_failed,22.117148007099587,9.791117185788767,12.32603082131082,22
UNIUSDT-TAOUSDT,UNIUSDT,TAOUSDT,-1,2025-06-03 00:00:00+00:00,2025-06-06 04:00:00+00:00,1.1287450307470106,-312.93231666836596,7.655653863323643,6.361,393.1,5.987,365.8,2.225710654620072,1.7698781567985609,screen_failed,-91.96266403476677,9.673963963097295,-101.63662799786407,19
LINKUSDT-JASMYUSDT,LINKUSDT,JASMYUSDT,-1,2025-06-03 20:00:00+00:00,2025-06-06 04:00:00+00:00,0.8316038033534416,-202.6246262387134,142921.66380318784,14.11,0.01498,13.18,0.01378,2.2001471754236652,1.6731207180534464,screen_failed,16.934905838178054,9.640053101034171,7.2948527371438825,14
FILUSDT-JASMYUSDT,FILUSDT,JASMYUSDT,-1,2025-06-03 20:00:00+00:00,2025-06-06 04:00:00+00:00,0.7526534352856247,-1151.9266760053079,131768.26583004382,2.627,0.01498,2.409,0.01378,2.1830502853714435,0.5599703165889095,screen_failed,92.99809637310454,9.590758065634791,83.40733830746976,14
ARBUSDT-GALAUSDT,ARBUSDT,GALAUSDT,-1,2025-06-04 04:00:00+00:00,2025-06-06 04:00:00+00:00,1.0076988481962759,-6316.823755677704,156367.03267883504,0.3675,0.01713,0.3326,0.01573,2.1736311206932126,1.2360699398212167,screen_failed,1.5433033227829753,9.56062900517648,-8.017325682393505,12
ARBUSDT-ATOMUSDT,ARBUSDT,ATOMUSDT,-1,2025-06-04 12:00:00+00:00,2025-06-06 04:00:00+00:00,1.4802849806622214,-3896.1117423136825,814.0923688798622,0.3721,4.361,0.3326,4.139,2.9587772823658973,1.5246947534146003,screen_failed,-26.832092069938653,9.66537508028728,-36.49746715022594,10
ETCUSDT-ICPUSDT,ETCUSDT,ICPUSDT,1,2025-06-04 16:00:00+00:00,2025-06-06 04:00:00+00:00,1.0174348696123914,155.77613088363373,-438.5429016554351,17.34,5.242,16.54,4.995,-3.3599842518990704,-2.6726877194229126,screen_failed,-16.300807998014676,9.7670589985842,-26.067866996598877,9
XLMUSDT-JASMYUSDT,XLMUSDT,JASMYUSDT,-1,2025-06-05 00:00:00+00:00,2025-06-06 04:00:00+00:00,0.6503647161597489,-13068.928101605878,104448.73144586306,0.2675,0.0144,0.2605,0.01378,3.160710369366687,2.6844422839708515,screen_failed,26.724283214806235,9.843759289792324,16.88052392501391,7
XLMUSDT-FILUSDT,XLMUSDT,FILUSDT,-1,2025-06-05 08:00:00+00:00,2025-06-06 04:00:00+00:00,0.8279311802152809,-11594.595856521708,757.0322559784369,0.2667,2.52,0.2605,2.409,2.1370642476132864,2.883875453618438,screen_failed,-12.144086103172256,9.84408292527596,-21.988169028448215,5
CAKEUSDT-JUPUSDT,CAKEUSDT,JUPUSDT,-1,2025-06-05 08:00:00+00:00,2025-06-06 04:00:00+00:00,0.7752602605484601,-1116.279325698024,4520.16100706992,2.429,0.5063,2.274,0.4602,2.1972194873097504,2.224693554696927,screen_failed,-35.3561269427297,9.618597282090883,-44.974724224820584,5
HBARUSDT-JASMYUSDT,HBARUSDT,JASMYUSDT,-1,2025-06-05 16:00:00+00:00,2025-06-06 04:00:00+00:00,0.7803321149529865,-18899.707849192426,143151.8026814681,0.16215,0.01352,0.16386,0.01378,2.1106845672467416,1.8317393229375643,screen_failed,4.900968275062311,10.069537969119303,-5.168569694056991,3
DOTUSDT-CFXUSDT,DOTUSDT,CFXUSDT,1,2025-06-06 12:00:00+00:00,2025-06-06 16:00:00+00:00,0.8130171557626809,798.9864038017932,-23267.467726599007,3.969,0.0786,3.891,0.0786,-3.0872299138805768,-4.038023655207058,stop_divergence,-62.32093949653975,9.93767906050346,-72.2586185570432,1
GALAUSDT-CFXUSDT,GALAUSDT,CFXUSDT,1,2025-06-06 12:00:00+00:00,2025-06-06 16:00:00+00:00,1.0719291698470548,156114.8890681309,-31754.67149296667,0.01604,0.0786,0.01566,0.0786,-2.948432542568046,-4.08467826577041,stop_divergence,-59.32365784588949,9.940676342154111,-69.2643341880436,1
ATOMUSDT-CFXUSDT,ATOMUSDT,CFXUSDT,1,2025-06-06 12:00:00+00:00,2025-06-06 20:00:00+00:00,0.727790850625289,789.9503888731939,-20829.277284565054,4.257,0.0786,4.174,0.0813,-2.861913192835824,-5.913758078801011,stop_divergence,-121.80493094480006,9.99067316639185,-131.79560411119192,2
LINKUSDT-XLMUSDT,LINKUSDT,XLMUSDT,1,2025-06-02 20:00:00+00:00,2025-06-07 04:00:00+00:00,1.2505102592323605,130.63343845473884,-11629.229573158605,14.07,0.2719,14.02,0.2656,-2.050291065371221,-0.08366444898299462,target,66.73247438816186,9.920204181766364,56.812270206395496,26
FILUSDT-ALGOUSDT,FILUSDT,ALGOUSDT,1,2025-06-06 08:00:00+00:00,2025-06-07 12:00:00+00:00,0.8925584823958645,1092.7658602252372,-12722.849077592473,2.403,0.1866,2.51,0.1917,-2.062608848270693,-0.3220904727309716,target,52.039416748378244,10.181812477339824,41.85760427103842,7
AVAXUSDT-NEARUSDT,AVAXUSDT,NEARUSDT,-1,2025-06-08 16:00:00+00:00,2025-06-09 04:00:00+00:00,0.7941776290921907,-135.3491623185768,864.7210794928632,21.34,2.442,20.34,2.397,2.384189769172189,0.2006857790986383,target,96.43671374139763,9.825738389104245,86.61097535229338,3
LINKUSDT-XLMUSDT,LINKUSDT,XLMUSDT,1,2025-06-08 12:00:00+00:00,2025-06-09 12:00:00+00:00,1.313813999618984,128.63797313476897,-11892.273526014647,13.76,0.2716,13.93,0.2662,-2.561780140474478,-0.29374996390029884,target,86.08673247338999,9.95765017839243,76.12908229499756,6
TRXUSDT-AAVEUSDT,TRXUSDT,AAVEUSDT,-1,2025-06-05 20:00:00+00:00,2025-06-10 08:00:00+00:00,0.2433136852929655,-16165.205315572013,1.8261298237989922,0.282,241.72,0.2901,313.69,2.946545791300356,0.34189179269845393,target,0.48840036267932874,10.262364726474946,-9.773964363795617,27
SOLUSDT-TAOUSDT,SOLUSDT,TAOUSDT,1,2025-06-10 00:00:00+00:00,2025-06-10 16:00:00+00:00,0.8010100394898507,18.736752917564292,-4.701004282645137,159.17,429.2,163.61,420.1,-2.116875704078854,-0.41080974862283637,target,125.97032192605653,10.040412043981917,115.92990988207461,4
AVAXUSDT-TAOUSDT,AVAXUSDT,TAOUSDT,1,2025-06-10 04:00:00+00:00,2025-06-10 16:00:00+00:00,0.9418677365766083,119.83108102243845,-5.5192272474099076,21.69,435.0,22.22,420.1,-2.1966204215115717,-0.3037944080777932,target,145.7469589282996,9.981273986955484,135.76568494134412,3
XRPUSDT-LTCUSDT,XRPUSDT,LTCUSDT,-1,2025-06-08 12:00:00+00:00,2025-06-10 20:00:00+00:00,0.7866539374556355,-1236.0086647988194,24.813920812936285,2.2774,88.06,2.3074,93.33,2.0017647723541874,0.30252714265511094,target,93.68910274020979,10.16784962262814,83.52125311758165,14
ATOMUSDT-CFXUSDT,ATOMUSDT,CFXUSDT,1,2025-06-07 20:00:00+00:00,2025-06-11 00:00:00+00:00,0.727790850625289,795.6792186995981,-19117.01029955513,4.309,0.0822,4.585,0.0852,-3.132851118553685,-0.49065538051619,target,162.25643346242347,10.276958495259755,151.97947496716372,19
HBARUSDT-VETUSDT,HBARUSDT,VETUSDT,-1,2025-06-09 16:00:00+00:00,2025-06-11 00:00:00+00:00,0.846718885435898,-15523.158777772855,92700.31020029915,0.17615,0.02444,0.17986,0.02599,2.886237467959689,-0.08380845756454118,target,86.09456174492647,10.201276399876,75.89328534505047,8
SEIUSDT-SANDUSDT,SEIUSDT,SANDUSDT,1,2025-06-02 08:00:00+00:00,2025-06-11 04:00:00+00:00,1.0044767686997602,11729.532207574197,-10306.264564724524,0.1893,0.2697,0.2076,0.3009,-2.5511790230479954,-1.543720564652627,screen_failed,-106.9050150207973,10.536205893818012,-117.4412209146153,53
TRXUSDT-ETHFIUSDT,TRXUSDT,ETHFIUSDT,-1,2025-06-05 20:00:00+00:00,2025-06-11 04:00:00+00:00,0.10992084272878239,-17347.449355220975,102.1942117575072,0.282,1.057,0.2904,1.336,4.639300204739868,2.3620763726104994,screen_failed,-117.20638950351199,10.174230759664201,-127.38062026317618,32
TRXUSDT-WIFUSDT,TRXUSDT,WIFUSDT,-1,2025-06-06 20:00:00+00:00,2025-06-11 04:00:00+00:00,0.1327238000248802,-17401.50505414213,201.62376591388482,0.2779,0.814,0.2904,1.015,3.144231825924482,2.2187329336534716,screen_failed,-176.99243622808598,10.258045190125467,-187.25048141821145,26
DOGEUSDT-ENAUSDT,DOGEUSDT,ENAUSDT,1,2025-06-07 12:00:00+00:00,2025-06-11 04:00:00+00:00,0.7998392204327269,17271.315085790855,-5336.429125406915,0.18667,0.3328,0.20249,0.3597,-2.612035046159749,-1.3088413020502758,screen_failed,129.68226118376515,10.416782148130658,119.26547903563448,22
DOTUSDT-CFXUSDT,DOTUSDT,CFXUSDT,1,2025-06-07 16:00:00+00:00,2025-06-11 04:00:00+00:00,0.8130171557626809,805.8288443758843,-21535.914053558587,4.016,0.0819,4.315,0.0851,-3.1170807754970706,-0.7612547872122175,screen_failed,172.02789949700232,10.309857749439777,161.71804174756255,21
GALAUSDT-CFXUSDT,GALAUSDT,CFXUSDT,1,2025-06-07 16:00:00+00:00,2025-06-11 04:00:00+00:00,1.0719291698470548,154511.1496680382,-30430.81857005787,0.01623,0.0819,0.01775,0.0851,-3.311093601841778,-0.8426915892470201,screen_failed,137.4783280712326,10.332235566919604,127.14609250431299,21
FILUSDT-ARUSDT,FILUSDT,ARUSDT,1,2025-06-09 12:00:00+00:00,2025-06-11 04:00:00+00:00,0.8239979881057048,1293.6445162387533,-267.5722944416752,2.502,6.59,2.723,7.26,-2.6270318324064332,-2.227229597013709,screen_failed,106.62200081284223,10.465168875364686,96.15683193747755,10
NEARUSDT-TAOUSDT,NEARUSDT,TAOUSDT,1,2025-06-10 00:00:00+00:00,2025-06-11 04:00:00+00:00,1.133789250293805,920.654191807129,-6.19472597911107,2.543,429.2,2.643,420.8,-2.092832984736315,-0.6619129179346419,screen_failed,144.10111740524542,10.04002972095618,134.06108768428925,7
FILUSDT-ALGOUSDT,FILUSDT,ALGOUSDT,-1,2025-06-11 20:00:00+00:00,2025-06-12 16:00:00+00:00,0.9049328682147108,-983.5410456619846,11928.537044005767,2.692,0.1972,2.544,0.181,3.4025740586808753,4.406688629506129,stop_divergence,-47.678225354919476,9.661193625129133,-57.339418980048606,5
ALGOUSDT-ATOMUSDT,ALGOUSDT,ATOMUSDT,1,2025-06-11 20:00:00+00:00,2025-06-12 16:00:00+00:00,1.2085092560713475,10544.081265737901,-647.7505376794157,0.1972,4.509,0.181,4.308,-2.8082462348301567,-4.8413633154956806,stop_divergence,-40.61625843139103,9.698988025421484,-50.31524645681252,5
ARBUSDT-TAOUSDT,ARBUSDT,TAOUSDT,-1,2025-06-12 00:00:00+00:00,2025-06-13 04:00:00+00:00,1.1494509192684326,-5197.893438210189,7.489511358218031,0.3948,393.6,0.3381,371.8,2.0464037985134165,0.14195017706814844,target,131.4492103373644,9.542008094444329,121.90720224292008,7
HBARUSDT-VETUSDT,HBARUSDT,VETUSDT,1,2025-06-13 08:00:00+00:00,2025-06-13 20:00:00+00:00,0.8500379120468374,18165.045921636254,-97505.4188893196,0.15507,0.02239,0.15899,0.0226,-2.0464616767006096,-0.4231217398831036,target,50.73084204605677,10.09168311797957,40.6391589280772,3
LINKUSDT-GALAUSDT,LINKUSDT,GALAUSDT,-1,2025-06-11 04:00:00+00:00,2025-06-14 04:00:00+00:00,0.7256908168677031,-206.87395187119722,102321.68341984646,15.39,0.01775,13.21,0.0151,2.659928694656967,0.41833176009582007,target,179.83275401661695,9.277862323858198,170.55489169275876,18
HBARUSDT-DOTUSDT,HBARUSDT,DOTUSDT,1,2025-06-13 04:00:00+00:00,2025-06-14 04:00:00+00:00,0.94546350345251,16658.92383585369,-633.1063677787226,0.15485,3.823,0.15946,3.812,-2.7713871549554883,-0.10393882587722364,target,83.76180892885158,10.06983346883772,73.69197546001386,6
LINKUSDT-NEARUSDT,LINKUSDT,NEARUSDT,-1,2025-06-11 04:00:00+00:00,2025-06-14 08:00:00+00:00,0.7909800211079889,-198.8965065242071,733.6294985215486,15.39,2.643,13.16,2.236,2.3034742304727676,0.46821437946502065,target,144.9520036507119,9.257873584552748,135.69413006615915,19
LINKUSDT-ARBUSDT,LINKUSDT,ARBUSDT,1,2025-06-12 00:00:00+00:00,2025-06-15 16:00:00+00:00,0.786730460765643,223.3576123072227,-4376.42092122388,14.65,0.3948,13.13,0.3256,-2.3623155779394382,-0.4256273459756287,target,-36.65524295828595,9.35764810154433,-46.01289105983028,22
LINKUSDT-ARUSDT,LINKUSDT,ARUSDT,1,2025-06-14 12:00:00+00:00,2025-06-15 16:00:00+00:00,0.7660053757405942,230.74780094234814,-331.1719516141514,13.0,6.04,13.13,5.91,-2.0259899658463674,-0.040167592921126906,target,73.04956783234508,9.986944860412667,63.06262297193241,7
ADAUSDT-ARUSDT,ADAUSDT,ARUSDT,1,2025-06-11 16:00:00+00:00,2025-06-16 00:00:00+00:00,0.713340707265967,4605.743686385005,-246.0273523876301,0.7042,7.14,0.6369,5.98,-2.2994085784456204,-0.4969116690785936,target,-24.574821324060224,9.404641721136638,-33.979463045196866,26
GALAUSDT-ARUSDT,GALAUSDT,ARUSDT,1,2025-06-11 08:00:00+00:00,2025-06-16 04:00:00+00:00,1.011509234900801,146674.9710921607,-345.18154963637284,0.01738,7.1,0.01552,6.12,-2.009706821814019,-0.6066319117442239,screen_failed,65.46247241222648,9.388906635124936,56.073565777101535,29
FILUSDT-GALAUSDT,FILUSDT,GALAUSDT,-1,2025-06-11 20:00:00+00:00,2025-06-16 04:00:00+00:00,0.7636397247580184,-1171.6342542278012,108140.63196360628,2.692,0.01707,2.491,0.01552,2.568107994420214,2.016690694009708,screen_failed,67.88050555619864,9.596883535356623,58.28362202084202,26
FILUSDT-STRKUSDT,FILUSDT,STRKUSDT,-1,2025-06-11 20:00:00+00:00,2025-06-16 04:00:00+00:00,0.6938985351486013,-1240.6384781969286,12030.443599230923,2.692,0.138,2.491,0.1234,2.2480585736645247,1.7098350504158355,screen_failed,73.7238575688111,9.574987189333646,64.14887037947746,26
ADAUSDT-XLMUSDT,ADAUSDT,XLMUSDT,1,2025-06-12 16:00:00+00:00,2025-06-16 04:00:00+00:00,1.2943393261647418,2359.5668680001077,-12652.974302188273,0.6685,0.2705,0.6491,0.262,-2.0683102913981557,-1.0870856676798852,screen_failed,61.77468432939839,9.846674121192198,51.92801020820619,21
NEARUSDT-XLMUSDT,NEARUSDT,XLMUSDT,1,2025-06-13 08:00:00+00:00,2025-06-16 04:00:00+00:00,1.7138700081207217,496.0037234749131,-14951.783262483732,2.243,0.26,2.309,0.262,-2.037093041191123,-1.0311231495416031,screen_failed,2.832679224376914,10.062639812274313,-7.2299605878973985,17
BOMEUSDT-ETCUSDT,BOMEUSDT,ETCUSDT,1,2025-06-13 16:00:00+00:00,2025-06-16 04:00:00+00:00,1.9362825993923636,702389.8158255863,-232.52407286617043,0.0016,16.67,0.001676,17.13,-2.027466920019808,-2.0123904266455708,screen_failed,-53.57944751569328,10.160342699521182,-63.73979021521446,15
ADAUSDT-LTCUSDT,ADAUSDT,LTCUSDT,1,2025-06-14 00:00:00+00:00,2025-06-16 04:00:00+00:00,1.1672622121054212,3251.08569240998,-34.021984376967616,0.6363,86.16,0.6491,87.55,-2.0204093475913103,-1.6061925668956336,screen_failed,-5.676661421137155,10.088904455146832,-15.765565876283986,13
SUIUSDT-LTCUSDT,SUIUSDT,LTCUSDT,1,2025-06-14 12:00:00+00:00,2025-06-16 04:00:00+00:00,1.37622021937367,584.818991200037,-38.554011766479924,2.9243,85.33,3.139,87.55,-2.389291978064467,-0.925839561887568,screen_failed,39.97073128906236,10.211150543532234,29.759580745530123,10
FILUSDT-ALGOUSDT,FILUSDT,ALGOUSDT,-1,2025-06-14 16:00:00+00:00,2025-06-16 04:00:00+00:00,0.9049328682147108,-1088.5761506548206,13629.943349297833,2.402,0.175,2.491,0.1819,2.273654400854405,2.071846301312916,screen_failed,-2.836668298123712,10.190929886518433,-13.027598184642144,9
AVAXUSDT-LTCUSDT,AVAXUSDT,LTCUSDT,1,2025-06-15 00:00:00+00:00,2025-06-16 04:00:00+00:00,1.1939317881346136,96.67546484787928,-36.89194164339001,18.97,85.82,19.79,87.55,-2.049533773944199,-1.2368506044756915,screen_failed,15.450822132196173,10.143096940218328,5.3077251919778465,7
ALGOUSDT-ATOMUSDT,ALGOUSDT,ATOMUSDT,1,2025-06-15 00:00:00+00:00,2025-06-16 04:00:00+00:00,1.2085092560713475,11709.385811064223,-713.3004446787421,0.1767,4.109,0.1819,4.213,-2.1876706648656485,-2.1191717794059364,screen_failed,-13.294440029055167,10.135072052464123,-23.42951208151929,7
HBARUSDT-VETUSDT,HBARUSDT,VETUSDT,1,2025-06-15 00:00:00+00:00,2025-06-16 08:00:00+00:00,0.8500379120468374,17798.283700292664,-101821.5536651165,0.15398,0.02219,0.15995,0.02273,-2.0768120255269906,-0.21183168121838375,target,51.272114711584464,10.16123939266991,41.11087531891455,8
FILUSDT-ARUSDT,FILUSDT,ARUSDT,-1,2025-06-16 08:00:00+00:00,2025-06-16 20:00:00+00:00,0.8091101818795902,-1230.7744243837546,315.6503396766955,2.516,6.03,2.463,5.68,3.058401618145054,4.558791364692433,stop_divergence,-45.24657439450468,9.824291336620819,-55.070865731125494,3
LINKUSDT-ARUSDT,LINKUSDT,ARUSDT,-1,2025-06-16 16:00:00+00:00,2025-06-16 20:00:00+00:00,0.8210754003682267,-207.89464536418512,340.49201412779627,14.06,6.1,13.56,5.68,3.624253179579703,4.979345213645696,stop_divergence,-39.059323251581844,9.753046031384233,-48.812369282966074,1
SEIUSDT-DOTUSDT,SEIUSDT,DOTUSDT,1,2025-06-17 00:00:00+00:00,2025-06-17 08:00:00+00:00,1.2251635018101634,11011.2260926719,-789.7549289599649,0.1763,3.873,0.1663,3.776,-2.4338163063091205,-4.1205475775082805,stop_divergence,-33.50603281760216,9.813281510964163,-43.31931432856633,2
XRPUSDT-LTCUSDT,XRPUSDT,LTCUSDT,-1,2025-06-16 12:00:00+00:00,2025-06-18 08:00:00+00:00,0.7704103552369933,-1293.510459845957,23.172147788501913,2.2899,87.95,2.1419,84.46,2.338808229613571,0.4191794876900836,target,110.56875227532933,9.727689656160926,100.84106261916841,11
SEIUSDT-BOMEUSDT,SEIUSDT,BOMEUSDT,1,2025-06-17 08:00:00+00:00,2025-06-18 12:00:00+00:00,0.6890368909291633,19678.11697716369,-1087180.0797342213,0.1663,0.001589,0.1677,0.001509,-2.547952675760257,-0.38169807507451886,target,114.52377014676657,9.94057495738929,104.58319518937728,7
HBARUSDT-DOTUSDT,HBARUSDT,DOTUSDT,1,2025-06-15 16:00:00+00:00,2025-06-19 20:00:00+00:00,0.94546350345251,16257.178897827025,-665.5156406652219,0.15257,3.786,0.14774,3.548,-2.910213996231703,-0.24793287997681487,target,79.87054840181827,9.76308510344517,70.10746329837309,25
ADAUSDT-FILUSDT,ADAUSDT,FILUSDT,1,2025-06-16 08:00:00+00:00,2025-06-21 04:00:00+00:00,0.9499732243451446,4169.088209109533,-916.6741288133271,0.6461,2.516,0.5823,2.292,-2.2913164483672395,-2.090895203812361,screen_failed,-60.65282288700257,9.528677167404627,-70.1815000544072,29
XLMUSDT-ARUSDT,XLMUSDT,ARUSDT,-1,2025-06-16 12:00:00+00:00,2025-06-21 04:00:00+00:00,0.530251940938486,-14858.550878127135,175.25826276698425,0.2655,6.02,0.2434,5.16,2.6737235817817457,1.394570690956038,screen_failed,177.65186842700348,9.520903919613783,168.1309645073897,28
XRPUSDT-ETHFIUSDT,XRPUSDT,ETHFIUSDT,-1,2025-06-16 16:00:00+00:00,2025-06-21 04:00:00+00:00,0.4184356364774098,-1798.4181213846396,709.3476431960049,2.3357,1.127,2.1333,0.929,2.2729651477917905,1.9641033304910855,screen_failed,223.54899441544197,9.495549338878941,214.05344507656304,27
ADAUSDT-LINKUSDT,ADAUSDT,LINKUSDT,1,2025-06-16 16:00:00+00:00,2025-06-21 04:00:00+00:00,0.9340049860286753,4369.766870259971,-152.01747676334944,0.6551,14.06,0.5823,12.63,-2.3424615132901017,-2.1098916455223398,screen_failed,-100.73403638333613,9.464495980073485,-110.19853236340961,27
ADAUSDT-APTUSDT,ADAUSDT,APTUSDT,1,2025-06-16 16:00:00+00:00,2025-06-21 04:00:00+00:00,0.9817929852918859,4190.666885312356,-468.5565510041306,0.6551,4.812,0.5823,4.537,-2.3463832503766326,-4.260824228350187,stop_divergence,-176.22749772460332,9.566066399223127,-185.79356412382646,27
LINKUSDT-AVAXUSDT,LINKUSDT,AVAXUSDT,-1,2025-06-16 16:00:00+00:00,2025-06-21 04:00:00+00:00,0.9434682398675229,-189.3807311831534,118.16516276869883,14.06,19.78,12.63,17.55,2.2012239386699153,1.7724399667853101,screen_failed,7.30613261771083,9.465677241433891,-2.159544623723062,27
AVAXUSDT-APTUSDT,AVAXUSDT,APTUSDT,1,2025-06-16 16:00:00+00:00,2025-06-21 04:00:00+00:00,1.077188457740045,114.30074004729862,-569.2292938205387,19.78,4.812,17.55,4.537,-3.287663416907146,-4.520674724082862,stop_divergence,-98.35259450482761,9.588571293893875,-107.94116579872149,27
AVAXUSDT-PENDLEUSDT,AVAXUSDT,PENDLEUSDT,1,2025-06-16 20:00:00+00:00,2025-06-21 04:00:00+00:00,0.9286951260270425,153.38318085567707,-509.5746191143054,19.06,4.075,17.55,3.652,-2.1216938099970424,-1.5956983109974123,screen_failed,-16.058539206720866,9.552841333022574,-25.611380539743443,26
RUNEUSDT-APTUSDT,RUNEUSDT,APTUSDT,1,2025-06-16 20:00:00+00:00,2025-06-21 04:00:00+00:00,1.2184095841045748,1462.5839716311812,-595.5252121377345,1.511,4.685,1.345,4.537,-2.105531001169937,-3.9957316191890597,screen_failed,-154.65120789439146,9.669073329312841,-164.3202812237043,26
HBARUSDT-VETUSDT,HBARUSDT,VETUSDT,1,2025-06-17 08:00:00+00:00,2025-06-21 04:00:00+00:00,0.8725878275956621,17626.075174332556,-106174.91043440098,0.15157,0.02193,0.14533,0.02118,-2.103120324563454,-1.9897943614014566,screen_failed,-30.355526262034758,9.810382108086364,-40.16590837012112,23
ADAUSDT-SANDUSDT,ADAUSDT,SANDUSDT,1,2025-06-17 12:00:00+00:00,2025-06-21 04:00:00+00:00,0.8736196717944131,4629.901955901635,-8420.458365887253,0.6118,0.2574,0.5823,0.251,-2.035364294790402,-2.5469846893956314,screen_failed,-82.69117415741954,9.809526958759223,-92.50070111617876,22
ADAUSDT-ATOMUSDT,ADAUSDT,ATOMUSDT,1,2025-06-17 12:00:00+00:00,2025-06-21 04:00:00+00:00,1.0356040147336059,3818.413715132567,-659.5430772671195,0.6118,4.039,0.5823,3.967,-2.1370492290597154,-2.9984930862885406,screen_failed,-65.15610303317827,9.839869693840358,-74.99597272701862,22
SUIUSDT-LINKUSDT,SUIUSDT,LINKUSDT,1,2025-06-18 08:00:00+00:00,2025-06-21 04:00:00+00:00,1.0921888077335924,826.7249383879348,-210.69019328945475,2.7706,12.86,2.7305,12.63,-2.3231528916923367,-1.6956765966791563,screen_failed,15.30707442721829,9.91838958551407,5.38868484170422,17
APTUSDT-SANDUSDT,APTUSDT,SANDUSDT,-1,2025-06-21 04:00:00+00:00,2025-06-21 20:00:00+00:00,0.9124221395014216,-537.9849135504129,10195.866323592736,4.537,0.251,4.163,0.2379,2.070307341433737,-0.015538338605278281,target,67.6405088287894,9.66522779349308,57.97528103529631,4
SOLUSDT-APTUSDT,SOLUSDT,APTUSDT,1,2025-06-21 04:00:00+00:00,2025-06-22 08:00:00+00:00,0.939237846247476,18.656210886076565,-523.7360592863549,140.64,4.537,133.25,4.029,-3.0936366934366615,0.31439665975279346,target,128.18851966936276,9.596072683434425,118.59244698592833,7
XLMUSDT-PEOPLEUSDT,XLMUSDT,PEOPLEUSDT,1,2025-06-21 04:00:00+00:00,2025-06-22 12:00:00+00:00,0.4003864730041317,17251.24193651748,-46090.20210884034,0.2434,0.01738,0.2221,0.01537,-2.235094580714817,-5.270866280400582,stop_divergence,-274.8101470090535,9.539907240513408,-284.3500542495669,8
HBARUSDT-ALGOUSDT,HBARUSDT,ALGOUSDT,1,2025-06-21 12:00:00+00:00,2025-06-22 12:00:00+00:00,0.9081836211305471,18358.20037848649,-14279.46592152075,0.14285,0.1665,0.12958,0.156,-2.129782267513718,-4.252778422132529,stop_divergence,-93.6789268465478,9.606452288801517,-103.28537913534932,6
FILUSDT-ATOMUSDT,FILUSDT,ATOMUSDT,1,2025-06-22 12:00:00+00:00,2025-06-22 20:00:00+00:00,1.0415771754855123,1079.474322388849,-755.1547964550307,2.075,3.655,2.069,3.719,-2.6830842204376775,-4.154309787622608,stop_divergence,-54.80675290745535,10.041853061038786,-64.84860596849414,2
AVAXUSDT-CRVUSDT,AVAXUSDT,CRVUSDT,1,2025-06-21 12:00:00+00:00,2025-06-23 08:00:00+00:00,0.8535755493443564,188.7172504722221,-3132.325318652561,17.15,0.563,16.87,0.5262,-2.2451006338797774,-0.144654068542776,target,62.428741594192324,9.831889598141364,52.59685199605096,11
SUIUSDT-CRVUSDT,SUIUSDT,CRVUSDT,1,2025-06-22 12:00:00+00:00,2025-06-23 20:00:00+00:00,0.8746632710990887,1204.9703424378395,-4118.009533264659,2.3939,0.5137,2.8276,0.5795,-2.1841269462262525,-0.372138263988116,target,251.6306102264765,10.793560664804104,240.8370495616724,8
SUIUSDT-NEARUSDT,SUIUSDT,NEARUSDT,1,2025-06-22 16:00:00+00:00,2025-06-23 20:00:00+00:00,0.9240041754905244,1062.4725946098424,-1354.6547109291114,2.3549,1.844,2.8276,2.123,-2.0378457041406524,0.053008725097674625,target,124.28213112284988,10.880179459821296,113.40195166302858,7
BOMEUSDT-GALAUSDT,BOMEUSDT,GALAUSDT,-1,2025-06-22 12:00:00+00:00,2025-06-24 08:00:00+00:00,1.3418027092333362,-1471123.9518698244,256180.9546689175,0.001276,0.01219,0.0015,0.01404,2.316072368083122,0.4288199001875834,target,144.40300091865691,10.803466531356339,133.59953438730057,11
WIFUSDT-APTUSDT,WIFUSDT,APTUSDT,1,2025-06-21 08:00:00+00:00,2025-06-24 12:00:00+00:00,1.7260082451624426,1825.8552445649948,-794.6924253779947,0.762,4.541,0.866,4.679,-2.408862010240125,-0.33614146230049907,target,80.22139073259623,10.299556500136923,69.9218342324593,19
ENAUSDT-LINKUSDT,ENAUSDT,LINKUSDT,1,2025-06-24 00:00:00+00:00,2025-06-24 12:00:00+00:00,1.5439853858404193,6020.529456967059,-261.1802111901893,0.2687,12.95,0.269,13.35,-2.3885236112482597,-4.009606317553392,stop_divergence,-102.66592563898557,10.106278243313167,-112.77220388229874,3
NOTUSDT-ALGOUSDT,NOTUSDT,ALGOUSDT,1,2025-06-23 20:00:00+00:00,2025-06-24 16:00:00+00:00,1.2454740536674844,1157739.6602306261,-16139.577549189276,0.001822,0.1791,0.001807,0.1822,-3.9955777976201166,-4.055559282662977,stop_divergence,-67.39878530594606,10.032666595499027,-77.43145190144509,5
SOLUSDT-APTUSDT,SOLUSDT,APTUSDT,1,2025-06-24 12:00:00+00:00,2025-06-24 16:00:00+00:00,0.939237846247476,20.343522465929286,-441.16825666632724,144.31,4.679,143.61,4.889,-3.060128287761696,-5.196914014085051,stop_divergence,-106.88579962607898,10.078404868173779,-116.96420449425275,1
SOLUSDT-LTCUSDT,SOLUSDT,LTCUSDT,1,2025-06-22 08:00:00+00:00,2025-06-24 20:00:00+00:00,1.2600780694457976,12.989960879453804,-40.3391869794272,133.25,81.04,145.92,84.84,-2.350780468977901,-0.45293850477075387,target,11.293893820856312,10.317871714864502,0.9760221059918086,15
LINKUSDT-FILUSDT,LINKUSDT,FILUSDT,-1,2025-06-22 20:00:00+00:00,2025-06-25 04:00:00+00:00,1.00283273085144,-201.03595006180987,1284.6453271048404,11.65,2.069,13.46,2.285,2.0947189205820447,4.077328556324908,stop_divergence,-86.39167895723023,10.64135846026652,-97.03303741749674,14
ADAUSDT-CRVUSDT,ADAUSDT,CRVUSDT,1,2025-06-21 20:00:00+00:00,2025-06-25 16:00:00+00:00,0.7837396658131947,6077.185233608415,-2919.778903766415,0.5561,0.555,0.5715,0.5335,-2.6628910390829192,0.40547520583855506,target,156.36389902854756,10.03081340616659,146.33308562238096,23
SOLUSDT-APTUSDT,SOLUSDT,APTUSDT,1,2025-06-25 16:00:00+00:00,2025-06-25 20:00:00+00:00,0.939237846247476,21.18958745354371,-394.8159950927459,144.74,4.896,143.57,4.892,-4.010577715542857,-4.12808977065692,stop_divergence,-23.21255334027567,9.973628918698983,-33.186182258974654,1
SUIUSDT-ATOMUSDT,SUIUSDT,ATOMUSDT,1,2025-06-18 12:00:00+00:00,2025-06-26 04:00:00+00:00,1.2024014265546243,672.8633783545165,-783.0940162503572,2.7768,3.999,2.7159,4.029,-2.1552447792332106,-2.0502020514578283,screen_failed,-64.47020022930073,9.98251544074572,-74.45271567004644,46
ADAUSDT-NEARUSDT,ADAUSDT,NEARUSDT,1,2025-06-19 20:00:00+00:00,2025-06-26 04:00:00+00:00,0.7551942262391516,5383.731209195953,-806.5079376726437,0.602,2.181,0.5723,2.156,-2.2853808297797134,-2.835954648533689,screen_failed,-139.7341184713035,9.819940484645064,-149.55405895594856,38
GALAUSDT-STRKUSDT,GALAUSDT,STRKUSDT,1,2025-06-22 08:00:00+00:00,2025-06-26 04:00:00+00:00,0.8932489202940459,227088.99333571878,-20776.53779742941,0.01264,0.1025,0.01382,0.1119,-2.230563917875393,-1.107446852745109,screen_failed,72.66555684031172,10.463264467431985,62.20229237287974,23
ADAUSDT-ORDIUSDT,ADAUSDT,ORDIUSDT,1,2025-06-22 12:00:00+00:00,2025-06-26 04:00:00+00:00,0.6470179137087972,6501.046722338782,-249.86751404694414,0.5232,6.398,0.5723,7.26,-2.4091725694627173,-1.6122124441495458,screen_failed,103.81559695836856,10.534587191175302,93.28100976719325,22
ENAUSDT-NEARUSDT,ENAUSDT,NEARUSDT,1,2025-06-24 08:00:00+00:00,2025-06-26 04:00:00+00:00,1.1580137608192826,7585.135283025984,-1363.3175276423237,0.2679,2.177,0.2639,2.156,-2.249553728862291,-2.014206454314064,screen_failed,-1.7108730516152875,9.941029790787407,-11.651902842402695,11
LINKUSDT-SANDUSDT,LINKUSDT,SANDUSDT,-1,2025-06-24 12:00:00+00:00,2025-06-26 04:00:00+00:00,0.9915617834725698,-178.34284623393992,10295.294822236252,13.35,0.2544,13.38,0.2484,2.656118848644531,3.6618064281945584,screen_failed,-67.12205432043596,9.943578516453602,-77.06563283688956,10
ADAUSDT-ARUSDT,ADAUSDT,ARUSDT,-1,2025-06-24 16:00:00+00:00,2025-06-26 04:00:00+00:00,0.7343126653739942,-5614.289482529792,347.0991001064036,0.5827,4.98,0.5723,4.9,2.113115659844041,1.6654099130498934,screen_failed,30.62068260979732,9.913843461373178,20.706839148424145,9
LINKUSDT-PEOPLEUSDT,LINKUSDT,PEOPLEUSDT,-1,2025-06-24 16:00:00+00:00,2025-06-26 04:00:00+00:00,0.5955000176662089,-243.13910891774373,98378.73785463384,13.35,0.01783,13.38,0.01738,2.0503747375394563,2.7081643649079226,screen_failed,-51.56460530211772,9.963023741232949,-61.527629043350665,9
AVAXUSDT-ARUSDT,AVAXUSDT,ARUSDT,-1,2025-06-24 20:00:00+00:00,2025-06-26 04:00:00+00:00,0.7888383173489769,-175.26278489086667,357.4177091959405,18.23,5.05,17.74,4.9,3.023159271547007,2.488128931388352,screen_failed,32.26610821713413,9.860508579024081,22.405599638110047,8
SOLUSDT-PENDLEUSDT,SOLUSDT,PENDLEUSDT,-1,2025-06-25 20:00:00+00:00,2025-06-26 04:00:00+00:00,0.9222608177971278,-21.32657751344085,577.0000793079182,143.57,3.359,145.15,3.439,2.398465963535604,2.0700322342695756,screen_failed,12.464013873396695,10.07985599881587,2.3841578745808247,2
WIFUSDT-APTUSDT,WIFUSDT,APTUSDT,1,2025-06-26 04:00:00+00:00,2025-06-26 16:00:00+00:00,1.646382473652125,2051.1148202420363,-687.3603593865779,0.802,4.881,0.755,4.948,-3.506740009815892,-4.745014831083254,stop_divergence,-142.45554063027663,9.949650747527524,-152.40519137780416,3
LINKUSDT-APTUSDT,LINKUSDT,APTUSDT,1,2025-06-26 04:00:00+00:00,2025-06-26 16:00:00+00:00,0.9669448586813058,220.2867365562743,-420.5210950372977,13.38,4.881,13.11,4.948,-3.127152520015193,-4.380803326151395,stop_divergence,-87.65233223769337,9.968697494497304,-97.62102973219068,3
PEOPLEUSDT-ATOMUSDT,PEOPLEUSDT,ATOMUSDT,1,2025-06-26 08:00:00+00:00,2025-06-27 04:00:00+00:00,1.7874608963895589,80507.27174690981,-920.9339718131804,0.01675,3.965,0.01688,3.896,-2.065157896718803,-0.3156236076166154,target,74.01038938220753,9.946921501271989,64.06346788093555,5
RUNEUSDT-STRKUSDT,RUNEUSDT,STRKUSDT,1,2025-06-21 20:00:00+00:00,2025-06-27 08:00:00+00:00,0.8832028211895865,2244.4048979724957,-20120.122472030904,1.282,0.1055,1.33,0.107,-2.3921189740953617,-0.45147164841289955,target,77.55125139463351,10.137911618810726,67.41333977582278,33
SOLUSDT-LINKUSDT,SOLUSDT,LINKUSDT,1,2025-06-26 20:00:00+00:00,2025-06-28 04:00:00+00:00,0.9384795328874306,19.41864793978539,-177.7158282452429,139.06,12.94,146.57,13.16,-2.2204756630160114,0.07129286181156594,target,106.73656381383455,10.18493152824174,96.5516322855928,8
WIFUSDT-LINKUSDT,WIFUSDT,LINKUSDT,1,2025-06-26 16:00:00+00:00,2025-06-28 08:00:00+00:00,1.6841071017611007,1677.0284168420378,-284.80881352282694,0.755,13.11,0.802,13.09,-2.1100432919200336,-0.2376427105024665,target,84.51651186203226,10.073124159321118,74.44338770271114,10
NOTUSDT-RUNEUSDT,NOTUSDT,RUNEUSDT,1,2025-06-27 08:00:00+00:00,2025-06-28 20:00:00+00:00,1.053939352068959,1407025.3384308335,-1953.5396596229825,0.001707,1.33,0.001819,1.346,-2.090207081367805,-0.17717771108075853,target,126.33020335028576,10.18884347245822,116.14135987782754,9
DOTUSDT-ARUSDT,DOTUSDT,ARUSDT,-1,2025-06-26 12:00:00+00:00,2025-06-29 00:00:00+00:00,0.7263831138279108,-1065.8088755894917,319.34243373304656,3.313,4.6,3.382,4.97,2.1316812015642777,0.2810962379861577,target,44.61588806555238,10.191697512896901,34.42419055265548,15
BOMEUSDT-GALAUSDT,BOMEUSDT,GALAUSDT,-1,2025-06-29 00:00:00+00:00,2025-06-29 20:00:00+00:00,1.3242388951391122,-1284296.231955892,221123.94051212515,0.001512,0.01383,0.001629,0.01496,2.435719055123083,0.16560435648333244,target,99.60739363986198,10.40013271191754,89.20726092794445,5
NEARUSDT-VETUSDT,NEARUSDT,VETUSDT,-1,2025-06-27 08:00:00+00:00,2025-06-30 16:00:00+00:00,1.1063587885359574,-1114.7902564719618,132637.38326619248,2.077,0.02024,2.176,0.02156,2.063850296986053,0.24314146804282652,target,64.71711052064941,10.2854455813021,54.431664939347314,20
SUIUSDT-ETHFIUSDT,SUIUSDT,ETHFIUSDT,-1,2025-06-28 20:00:00+00:00,2025-06-30 16:00:00+00:00,0.7804513588552547,-1040.9113572718486,2264.754955647538,2.8018,0.92,2.824,0.991,2.034823296486173,-0.15462344551235457,target,137.68936971954025,10.183905833982411,127.50546388555784,11
RUNEUSDT-BOMEUSDT,RUNEUSDT,BOMEUSDT,1,2025-06-22 12:00:00+00:00,2025-07-01 04:00:00+00:00,0.7248554579658458,2601.4709714215383,-1469932.1029175017,1.201,0.001276,1.316,0.0015,-2.3911077961769465,-2.3595272447431426,screen_failed,-30.09562934004356,10.628433952766997,-40.724063292810555,52
ADAUSDT-AVAXUSDT,ADAUSDT,AVAXUSDT,1,2025-06-23 08:00:00+00:00,2025-07-01 04:00:00+00:00,0.9168185848751305,4776.005484710048,-142.62901133692785,0.5431,16.87,0.5672,17.64,-2.546823009687271,-0.980784130696755,screen_failed,5.277393452077817,10.224926070910946,-4.94753261883313,47
AVAXUSDT-NEARUSDT,AVAXUSDT,NEARUSDT,1,2025-06-25 04:00:00+00:00,2025-07-01 04:00:00+00:00,0.8533778924438024,159.2283603669272,-974.4222712056304,18.03,2.185,17.64,2.106,-2.2102362246646776,-1.0703122398538782,screen_failed,14.88029888214328,9.860921580031654,5.019377302111626,36
AVAXUSDT-CRVUSDT,AVAXUSDT,CRVUSDT,-1,2025-06-26 04:00:00+00:00,2025-07-01 04:00:00+00:00,0.8678933820367098,-178.6481631492433,3518.027643605735,17.74,0.5204,17.64,0.5094,2.891782035329065,1.7831324367823747,screen_failed,-20.833487764739175,9.943436879605414,-30.77692464434459,30
PENDLEUSDT-CFXUSDT,PENDLEUSDT,CFXUSDT,1,2025-06-26 04:00:00+00:00,2025-07-01 04:00:00+00:00,0.9096834720738496,693.6237386887674,-36113.64589294653,3.439,0.0724,3.474,0.0788,-2.3309750820763835,-3.219922864617196,screen_failed,-206.85050286075045,10.255404164568965,-217.10590702531942,30
ENAUSDT-ATOMUSDT,ENAUSDT,ATOMUSDT,1,2025-06-26 12:00:00+00:00,2025-07-01 04:00:00+00:00,1.8929030505144424,4399.327488691984,-989.9742269072361,0.2506,3.937,0.2632,4.014,-2.098860673486839,-1.2771690061676544,screen_failed,-20.79648911433857,10.131659541829377,-30.92814865616795,28
FETUSDT-PENDLEUSDT,FETUSDT,PENDLEUSDT,-1,2025-06-26 12:00:00+00:00,2025-07-01 04:00:00+00:00,1.2273443506508641,-3252.1900967783395,864.3404562897008,0.654,3.324,0.672,3.474,2.316156674709622,1.3959588409208101,screen_failed,71.11164670144525,10.188190490185466,60.92345621125979,28
ADAUSDT-STRKUSDT,ADAUSDT,STRKUSDT,1,2025-06-26 16:00:00+00:00,2025-07-01 04:00:00+00:00,0.7172936450243567,5867.128523380205,-16028.110292214586,0.5558,0.1085,0.5672,0.1139,-2.0588730873604133,-1.633662220705258,screen_failed,-19.66653041142402,10.153437060744494,-29.819967472168514,27
WIFUSDT-SANDUSDT,WIFUSDT,SANDUSDT,-1,2025-06-27 00:00:00+00:00,2025-07-01 04:00:00+00:00,1.7121204610616128,-1426.3600155119304,16175.849929030011,0.778,0.2405,0.833,0.2362,2.2213056837782426,2.7639310835570927,screen_failed,-148.0059555479851,10.008893646158327,-158.01484919414344,25
RUNEUSDT-GALAUSDT,RUNEUSDT,GALAUSDT,1,2025-06-28 08:00:00+00:00,2025-07-01 04:00:00+00:00,1.0350567855581647,1886.3568698976871,-185262.9137510361,1.311,0.01364,1.316,0.01388,-2.136126019690963,-2.3304792123583566,screen_failed,-35.03131495076013,10.053894883649738,-45.085209834409866,17
RUNEUSDT-STRKUSDT,RUNEUSDT,STRKUSDT,1,2025-06-28 08:00:00+00:00,2025-07-01 04:00:00+00:00,0.9454951715877787,2090.051455752871,-20451.96870142974,1.311,0.1105,1.316,0.1139,-2.1530784089136237,-2.3784532927696542,screen_failed,-59.08643630609653,10.079986950863626,-69.16642325696016,17
SOLUSDT-LINKUSDT,SOLUSDT,LINKUSDT,-1,2025-06-30 16:00:00+00:00,2025-07-01 04:00:00+00:00,0.9384795328874306,-16.702951827812647,173.625204855066,157.77,13.62,150.07,13.23,2.4823935573473688,1.0838629136692721,screen_failed,60.89889918068215,9.803673441032366,51.095225739649784,3
ADAUSDT-CRVUSDT,ADAUSDT,CRVUSDT,-1,2025-06-30 16:00:00+00:00,2025-07-01 04:00:00+00:00,0.82947859178936,-5189.907935820947,3693.1853817627443,0.5896,0.5253,0.5672,0.5094,2.3542525603394364,1.7382969250651883,screen_failed,57.53229019236137,9.825024414667583,47.70726577769379,3
ENAUSDT-PEOPLEUSDT,ENAUSDT,PEOPLEUSDT,1,2025-06-22 12:00:00+00:00,2025-07-02 12:00:00+00:00,0.9328286751169366,10605.501346717321,-166054.02011565657,0.2308,0.01537,0.2671,0.01803,-2.0764397395976038,-1.3354983800836862,max_holding,-56.72399462180789,10.826683392393484,-67.55067801420138,60
ADAUSDT-RUNEUSDT,ADAUSDT,RUNEUSDT,1,2025-07-01 16:00:00+00:00,2025-07-02 12:00:00+00:00,0.8117471236407325,5338.023228647107,-1647.3120148396579,0.5392,1.288,0.5778,1.352,-2.0171284738914794,0.3220930018674675,target,100.61972767603997,10.311475665575516,90.30825201046446,5
XLMUSDT-SANDUSDT,XLMUSDT,SANDUSDT,1,2025-07-01 16:00:00+00:00,2025-07-02 16:00:00+00:00,0.8164807199696535,12268.190395316922,-9729.364703995747,0.2246,0.2307,0.2391,0.2561,-2.368565392996312,-4.124017350451639,stop_divergence,-69.23710274939648,10.425014624213587,-79.66211737361007,6
ADAUSDT-ENAUSDT,ADAUSDT,ENAUSDT,1,2025-06-30 04:00:00+00:00,2025-07-03 04:00:00+00:00,0.6970547143706854,6006.496866939269,-5859.626602734132,0.5664,0.2727,0.6084,0.2868,-2.0780696073245206,-0.46731092441302735,target,169.6521333128983,10.33489360351,159.31723970938828,18
NEARUSDT-FETUSDT,NEARUSDT,FETUSDT,1,2025-07-01 16:00:00+00:00,2025-07-03 08:00:00+00:00,0.9530925622538927,1407.3414178617118,-3244.9842126103977,2.031,0.66,2.293,0.724,-2.037381063822992,-0.42259724722293374,target,161.0444618727032,10.576402441086834,150.46805943161638,10
ENAUSDT-XLMUSDT,ENAUSDT,XLMUSDT,-1,2025-07-01 12:00:00+00:00,2025-07-04 08:00:00+00:00,1.9433597246801986,-4914.195845813352,16203.873728398443,0.2561,0.2309,0.2621,0.2403,2.060102865200542,0.04893350165304961,target,122.83123797206554,10.181801588121825,112.64943638394371,17
AVAXUSDT-ORDIUSDT,AVAXUSDT,ORDIUSDT,1,2025-07-02 20:00:00+00:00,2025-07-05 12:00:00+00:00,0.7589127674298214,173.4476240478729,-224.13382751426258,18.51,7.984,17.83,7.331,-2.13635955822828,-0.490483836453829,target,28.415005014259222,9.735696226280634,18.679308787978588,16
ADAUSDT-ORDIUSDT,ADAUSDT,ORDIUSDT,1,2025-07-01 12:00:00+00:00,2025-07-06 04:00:00+00:00,0.7555398765935762,5563.2505579371955,-273.4644132249438,0.5469,7.158,0.5738,7.417,-2.030339567020622,-1.0088826082307563,screen_failed,78.82415698324982,10.220478723033771,68.60367826021604,28
XLMUSDT-FILUSDT,XLMUSDT,FILUSDT,1,2025-07-01 12:00:00+00:00,2025-07-06 04:00:00+00:00,0.7941572181404696,12430.718360910001,-950.7799689579823,0.2309,2.24,0.2381,2.242,-2.86982601263406,-0.39054757384018585,target,87.5996122606364,10.09140273213647,77.50820952849993,28
NEARUSDT-PENDLEUSDT,NEARUSDT,PENDLEUSDT,-1,2025-07-02 04:00:00+00:00,2025-07-06 04:00:00+00:00,0.9984731179617637,-1204.7966631107918,715.634781701365,2.162,3.347,2.123,3.321,2.3121397490132845,1.572151118910013,screen_failed,28.38056553708517,9.934406425814444,18.446159111270727,24
NEARUSDT-VETUSDT,NEARUSDT,VETUSDT,-1,2025-07-02 04:00:00+00:00,2025-07-06 04:00:00+00:00,1.113367672992084,-1036.6937151900856,133462.41837247385,2.162,0.02067,2.123,0.02047,3.0646570948905816,2.147934503959131,screen_failed,13.738571217917958,9.932876461433093,3.8056947564848658,24
ENAUSDT-FILUSDT,ENAUSDT,FILUSDT,1,2025-07-02 16:00:00+00:00,2025-07-06 04:00:00+00:00,1.6087165635895442,5749.931329504732,-1404.0558107665768,0.2784,2.421,0.2543,2.242,-2.3335526434229306,-0.9667067603390832,screen_failed,112.75264508615322,9.61010066483172,103.1425444213215,21
RUNEUSDT-ORDIUSDT,RUNEUSDT,ORDIUSDT,1,2025-07-02 16:00:00+00:00,2025-07-06 04:00:00+00:00,0.9353816798272105,2042.584595064977,-268.8443954638969,1.394,8.007,1.299,7.417,-2.9942731308182675,-2.1832090602505976,screen_failed,-35.427343207473626,9.647336270145129,-45.07467947761875,21
TAOUSDT-PEOPLEUSDT,TAOUSDT,PEOPLEUSDT,1,2025-07-02 16:00:00+00:00,2025-07-06 04:00:00+00:00,0.8205886476588333,8.058661933376932,-119862.69674374594,337.7,0.01901,320.6,0.01736,-2.015693929426335,-1.2423826394065847,screen_failed,59.970330566435365,9.664423431312073,50.30590713512329,21
PEOPLEUSDT-PENDLEUSDT,PEOPLEUSDT,PENDLEUSDT,-1,2025-07-02 16:00:00+00:00,2025-07-06 04:00:00+00:00,1.186025007266188,-116742.4930789685,778.9146236887422,0.01901,3.57,0.01736,3.321,2.0461298763287976,1.4848619481484773,screen_failed,-1.324627718198684,9.613425145121205,-10.93805286331989,21
ORDIUSDT-OPUSDT,ORDIUSDT,OPUSDT,-1,2025-07-02 16:00:00+00:00,2025-07-06 04:00:00+00:00,1.077606245488379,-287.92986395207106,4718.994009344602,8.007,0.571,7.417,0.532,2.317769150874531,1.7622727377171563,screen_failed,-14.162146632717224,9.64608061390384,-23.808227246621065,21
ORDIUSDT-ETHFIUSDT,ORDIUSDT,ETHFIUSDT,-1,2025-07-02 16:00:00+00:00,2025-07-06 04:00:00+00:00,0.8436288762132919,-382.7287773295306,1901.267858469989,8.007,1.018,7.417,0.922,2.0723854229913576,1.8691285755282012,screen_failed,43.288264211304096,9.591668306962458,33.696595904341635,21
FILUSDT-PENDLEUSDT,FILUSDT,PENDLEUSDT,-1,2025-07-02 16:00:00+00:00,2025-07-06 04:00:00+00:00,0.7943942876865203,-1231.6042106091902,565.3462762227314,2.421,3.57,2.242,3.321,2.3141719432929326,1.2147281190967059,screen_failed,79.6859309195849,9.638771623521496,70.04715929606341,21
ORDIUSDT-GALAUSDT,ORDIUSDT,GALAUSDT,-1,2025-07-03 04:00:00+00:00,2025-07-06 04:00:00+00:00,1.0708035539123661,-279.64453794759726,177962.7755394478,8.264,0.01511,7.417,0.01386,2.4218720985001108,1.4116439536167198,screen_failed,14.405454217305135,9.540687606934075,4.864766610371059,18
SUIUSDT-VETUSDT,SUIUSDT,VETUSDT,-1,2025-07-03 12:00:00+00:00,2025-07-06 04:00:00+00:00,1.1787139587652946,-697.4704952826855,134973.60516245896,2.9636,0.02173,2.8869,0.02047,2.002852129483318,3.2600543184781112,screen_failed,-116.57075551651627,9.77643727050712,-126.34719278702339,16
AVAXUSDT-HBARUSDT,AVAXUSDT,HBARUSDT,1,2025-07-04 08:00:00+00:00,2025-07-06 04:00:00+00:00,1.0671695083652328,128.77523992868885,-17173.349901543534,18.09,0.1555,17.85,0.15255,-2.30274567074046,-1.5369651385813647,screen_failed,19.755324626668443,9.918432560207563,9.83689206646088,11
SUIUSDT-FILUSDT,SUIUSDT,FILUSDT,-1,2025-07-05 12:00:00+00:00,2025-07-06 04:00:00+00:00,1.311994495878167,-720.9717159210294,1303.5377242840348,2.8851,2.24,2.8869,2.242,2.255842919224936,2.1055842248350927,screen_failed,1.3093263599100726,10.003904824537226,-8.694578464627153,4
RUNEUSDT-ETHFIUSDT,RUNEUSDT,ETHFIUSDT,1,2025-07-07 12:00:00+00:00,2025-07-08 12:00:00+00:00,0.8038025119283769,2554.156414598491,-1671.078495699274,1.321,0.973,1.327,0.919,-2.3937053201258207,0.30212001002468075,target,105.56317725535165,9.92508669971983,95.63809055563182,6
XLMUSDT-TAOUSDT,XLMUSDT,TAOUSDT,-1,2025-07-06 20:00:00+00:00,2025-07-08 16:00:00+00:00,0.6550863534135178,-12893.94053953174,5.418022328886743,0.2505,326.7,0.2577,320.3,2.976457800775775,4.027899860484129,stop_divergence,-127.51171478950337,10.058161028979754,-137.56987581848313,11
ADAUSDT-XLMUSDT,ADAUSDT,XLMUSDT,1,2025-07-06 20:00:00+00:00,2025-07-08 20:00:00+00:00,1.3725456750540068,3167.583544810876,-12552.613011775604,0.5858,0.2505,0.5884,0.2596,-2.666606387664993,-4.2095280666294,stop_divergence,-105.99306119064954,10.122464495623667,-116.1155256862732,12
ENAUSDT-XLMUSDT,ENAUSDT,XLMUSDT,1,2025-07-06 20:00:00+00:00,2025-07-09 08:00:00+00:00,1.7879602786104938,5321.179136704947,-14396.739257872154,0.2619,0.2505,0.2694,0.2786,-2.78881467120248,-5.37131758548672,stop_divergence,-364.6395296209209,10.444457216671495,-375.08398683759236,15
XLMUSDT-TAOUSDT,XLMUSDT,TAOUSDT,-1,2025-07-09 16:00:00+00:00,2025-07-09 20:00:00+00:00,0.6550863534135178,-10074.788549789113,6.033362112051832,0.291,342.8,0.2883,347.6,4.910345354567924,4.139292030946569,stop_divergence,56.16206722227926,10.001758209053417,46.16030901322584,1
ADAUSDT-ENAUSDT,ADAUSDT,ENAUSDT,-1,2025-07-09 08:00:00+00:00,2025-07-10 00:00:00+00:00,0.7348831542751709,-5087.1588339854125,7052.284359945395,0.6094,0.2694,0.6216,0.2886,2.0651229220123897,0.4306159914651237,target,73.34052193632996,10.197467197485574,63.14305473884439,4
ADAUSDT-XLMUSDT,ADAUSDT,XLMUSDT,1,2025-07-09 20:00:00+00:00,2025-07-10 00:00:00+00:00,1.3725456750540068,3571.8900612472,-9628.10981221425,0.6227,0.2883,0.6216,0.2884,-4.995096236107194,-4.748941963380808,stop_divergence,-4.891890048593202,9.997033731913849,-14.888923780507051,1
1000SATSUSDT-GALAUSDT,1000SATSUSDT,GALAUSDT,-1,2025-07-09 20:00:00+00:00,2025-07-10 00:00:00+00:00,1.040611077009656,-42651543.694723286,197909.40982272313,4.591e-05,0.01537,4.462e-05,0.01542,6.4851366577635465,4.201186750634112,stop_divergence,64.91596185732897,9.954874979124945,54.96108687820402,1
RUNEUSDT-ETHFIUSDT,RUNEUSDT,ETHFIUSDT,1,2025-07-09 20:00:00+00:00,2025-07-10 04:00:00+00:00,0.8038025119283769,2458.7893132323566,-1422.7795069091976,1.408,1.081,1.413,1.113,-3.5159428403333917,-4.221430765175041,stop_divergence,-33.2349976549323,10.057822890787257,-43.29282054571956,2
WIFUSDT-RAYUSDT,WIFUSDT,RAYUSDT,1,2025-07-08 20:00:00+00:00,2025-07-10 12:00:00+00:00,1.1964512435395658,2391.3084642395675,-1292.8101010547398,0.848,2.299,0.967,2.437,-2.046638878981377,-0.4211791803014991,target,106.15791329895455,10.462973501190064,95.69493979776449,10
ADAUSDT-ETHFIUSDT,ADAUSDT,ETHFIUSDT,-1,2025-07-09 08:00:00+00:00,2025-07-10 12:00:00+00:00,0.6644520200543443,-5812.375129448714,1529.8411291856803,0.6094,0.953,0.6292,1.076,2.8922277101509817,0.11491498156362163,target,73.08543132675472,10.303255486452922,62.78217584030179,7
ATOMUSDT-CFXUSDT,ATOMUSDT,CFXUSDT,-1,2025-07-10 04:00:00+00:00,2025-07-10 16:00:00+00:00,0.6529213173408988,-822.0561634471102,18346.32279767171,4.346,0.0778,4.415,0.0831,2.1448858820372583,0.24958578681765897,target,40.513635549809486,10.15395738610551,30.359678163703975,3
AVAXUSDT-ORDIUSDT,AVAXUSDT,ORDIUSDT,1,2025-07-10 08:00:00+00:00,2025-07-10 16:00:00+00:00,0.8260933099195726,160.85967351661736,-215.861828341651,19.58,8.572,19.77,9.145,-2.179458816357465,-4.3071897809538555,stop_divergence,-93.12548967160862,10.154252165607923,-103.27974183721655,2
BOMEUSDT-STRKUSDT,BOMEUSDT,STRKUSDT,-1,2025-07-06 08:00:00+00:00,2025-07-10 20:00:00+00:00,1.1859678835869025,-1361090.38962822,25949.89820387554,0.001542,0.1118,0.001912,0.1373,2.007437769391057,0.07850731513363415,target,158.11896003638492,11.165325848361269,146.95363418802364,27
NEARUSDT-ARKMUSDT,NEARUSDT,ARKMUSDT,-1,2025-07-08 16:00:00+00:00,2025-07-11 00:00:00+00:00,0.8415936410995785,-1243.6217411049258,4890.425604738873,2.247,0.451,2.55,0.55,3.2508725658977764,0.06024301328366265,target,107.3347473143561,10.86096952242394,96.47377779193215,14
FETUSDT-ALGOUSDT,FETUSDT,ALGOUSDT,1,2025-07-09 08:00:00+00:00,2025-07-11 00:00:00+00:00,1.2319405769678173,3266.6198389926876,-14980.96461671494,0.679,0.1857,0.743,0.2218,-2.2437243572400423,-5.194253689249594,stop_divergence,-331.7491529678774,10.74987649235894,-342.4990294602364,10
PEOPLEUSDT-ORDIUSDT,PEOPLEUSDT,ORDIUSDT,1,2025-07-10 08:00:00+00:00,2025-07-11 00:00:00+00:00,1.0369082298723638,123209.46542152687,-296.25606340785214,0.01997,8.572,0.02262,10.059,-2.0047730826277403,-4.166269692114965,stop_divergence,-114.02768292042998,10.767037849654521,-124.79472077008451,4
ADAUSDT-TAOUSDT,ADAUSDT,TAOUSDT,-1,2025-07-08 16:00:00+00:00,2025-07-11 04:00:00+00:00,0.9089348651283176,-4229.110518393488,7.83212923388822,0.5891,320.3,0.6992,377.5,2.18325756835741,2.8097540963163423,screen_failed,-17.627275896717265,10.91362286025353,-28.540898756970797,15
AVAXUSDT-TAOUSDT,AVAXUSDT,TAOUSDT,-1,2025-07-08 16:00:00+00:00,2025-07-11 04:00:00+00:00,0.8651581196306373,-143.09343788331657,7.4036014551466565,18.37,320.3,20.74,377.5,2.375346656548084,1.3451696106411546,screen_failed,84.35455545092873,10.76261745101785,73.59193799991088,15
AVAXUSDT-1000SATSUSDT,AVAXUSDT,1000SATSUSDT,1,2025-07-09 20:00:00+00:00,2025-07-11 04:00:00+00:00,0.8170151598424339,175.62710460413166,-34312164.239151224,19.5,4.591e-05,20.74,4.834e-05,-5.110742760385565,-3.1912725130260915,screen_failed,134.39905060798543,10.301156168810262,124.09789443917516,8
ENAUSDT-XLMUSDT,ENAUSDT,XLMUSDT,1,2025-07-10 08:00:00+00:00,2025-07-11 04:00:00+00:00,1.7879602786104938,5692.920876873584,-11478.91630621102,0.2883,0.2926,0.345,0.3041,-3.969592123368446,-1.8553015508245316,screen_failed,190.78107619730585,10.454796151240156,180.3262800460657,5
AVAXUSDT-PEOPLEUSDT,AVAXUSDT,PEOPLEUSDT,1,2025-07-10 16:00:00+00:00,2025-07-11 04:00:00+00:00,0.7866805118385868,163.49707015065417,-85188.57460826829,19.77,0.02075,20.74,0.02228,-2.0053784386881697,-2.3745830219652038,screen_failed,28.253638895483874,10.288930677196785,17.96470821828709,3
XLMUSDT-TAOUSDT,XLMUSDT,TAOUSDT,-1,2025-07-10 20:00:00+00:00,2025-07-11 04:00:00+00:00,0.6550863534135178,-10005.22388905627,5.2393323439338575,0.303,375.7,0.3041,377.5,3.1986670814275704,3.0247126411895633,screen_failed,-1.574948058880791,10.020436544497043,-11.595384603377834,2
ADAUSDT-XLMUSDT,ADAUSDT,XLMUSDT,1,2025-07-11 00:00:00+00:00,2025-07-11 04:00:00+00:00,1.3725456750540068,3168.4214742429276,-9229.288172425788,0.6876,0.3057,0.6992,0.3041,-3.1066971325414903,-2.50889346412802,screen_failed,51.52055017709982,10.021986828025337,41.49856334907448,1
TAOUSDT-OPUSDT,TAOUSDT,OPUSDT,1,2025-07-11 00:00:00+00:00,2025-07-11 04:00:00+00:00,0.9219748348046682,7.41668641349587,-3241.976563916615,379.1,0.675,377.5,0.669,-2.169807575402039,-2.01165273432159,screen_failed,7.585161121906145,9.968681442354907,-2.3835203204487607,1
1000SATSUSDT-GALAUSDT,1000SATSUSDT,GALAUSDT,-1,2025-07-11 00:00:00+00:00,2025-07-11 04:00:00+00:00,1.040611077009656,-41048709.13081046,172358.27982104078,4.925e-05,0.01728,4.834e-05,0.0172,2.5996660840470263,1.7922046685865536,screen_failed,23.565662923354072,9.948857012305279,13.616805911048793,1
ALGOUSDT-ATOMUSDT,ALGOUSDT,ATOMUSDT,-1,2025-07-11 00:00:00+00:00,2025-07-11 04:00:00+00:00,1.2394282592455965,-8158.893267501208,686.3936044036643,0.2218,4.648,0.2192,4.614,2.8626045831199467,2.6712226508251615,screen_failed,-2.1242600542213843,9.95544949495477,-12.079709549176155,1
SUIUSDT-NEARUSDT,SUIUSDT,NEARUSDT,-1,2025-07-10 12:00:00+00:00,2025-07-11 16:00:00+00:00,1.0646705575761606,-782.0937251352406,1050.4669105764963,3.2367,2.35,3.5141,2.612,2.012894830125145,0.42829051234702237,target,58.269531218526254,10.492175129923556,47.777356088602694,7
SUIUSDT-ORDIUSDT,SUIUSDT,ORDIUSDT,1,2025-07-11 12:00:00+00:00,2025-07-12 04:00:00+00:00,0.8981150631126887,884.6292472020623,-195.35990678111543,3.4691,9.885,3.4335,9.366,-2.3306336535720096,-0.44495663573985317,target,69.89899041900544,9.867115407180208,60.031875011825235,4
AVAXUSDT-GALAUSDT,AVAXUSDT,GALAUSDT,1,2025-07-10 20:00:00+00:00,2025-07-12 12:00:00+00:00,0.8667782155762097,140.91442234285552,-123040.25147683939,20.7,0.01693,20.33,0.01628,-2.0213080312625133,-0.4466255309281589,target,27.83782719308907,9.867885500273198,17.969941692815873,10
ATOMUSDT-CFXUSDT,ATOMUSDT,CFXUSDT,1,2025-07-11 20:00:00+00:00,2025-07-13 12:00:00+00:00,0.6351683016393195,758.8927993016916,-14997.336827993418,4.64,0.0986,4.706,0.106,-3.5378557296714983,-4.3427964360526605,stop_divergence,-60.89336777323915,10.161067217281062,-71.0544349905202,10
BNBUSDT-LTCUSDT,BNBUSDT,LTCUSDT,-1,2025-07-12 00:00:00+00:00,2025-07-13 12:00:00+00:00,0.5081816364931799,-5.828483865766009,9.995482466352415,695.28,94.8,691.21,96.15,2.1973074637012004,0.3388993038969727,target,37.21583066324313,9.989771971995909,27.226058691247225,9
SUIUSDT-PEOPLEUSDT,SUIUSDT,PEOPLEUSDT,-1,2025-07-13 20:00:00+00:00,2025-07-14 00:00:00+00:00,0.8814047632129538,-909.8584410853096,86477.96333916482,3.4899,0.0211,3.8307,0.02185,2.1236045891299704,4.262490335884595,stop_divergence,-245.22128421750003,10.374938229226247,-255.59622244672627,1
SUIUSDT-NEARUSDT,SUIUSDT,NEARUSDT,-1,2025-07-14 00:00:00+00:00,2025-07-14 04:00:00+00:00,1.116518669615164,-577.7237903161733,1058.4555550458924,3.8307,2.633,3.9432,2.668,3.5573282101613577,4.028645975009022,stop_divergence,-27.947981983963018,10.102039870837176,-38.05002185480019,1
SUIUSDT-ORDIUSDT,SUIUSDT,ORDIUSDT,-1,2025-07-14 00:00:00+00:00,2025-07-14 04:00:00+00:00,0.8981150631126887,-769.6682439803985,209.0089504670219,3.8307,9.816,3.9432,9.726,2.7176312431782765,4.224227823612342,stop_divergence,-105.39848298982665,10.067776871905762,-115.46625986173241,1
SUIUSDT-GALAUSDT,SUIUSDT,GALAUSDT,-1,2025-07-14 00:00:00+00:00,2025-07-14 04:00:00+00:00,1.0056893261832132,-653.4534666202928,138711.98918986914,3.8307,0.018,3.9432,0.01796,2.953311388006166,4.2914024604734395,stop_divergence,-79.06199456237736,10.06796503542719,-89.12995959780456,1
AVAXUSDT-GALAUSDT,AVAXUSDT,GALAUSDT,1,2025-07-14 00:00:00+00:00,2025-07-14 12:00:00+00:00,0.8868363379276974,139.03920704609587,-109540.33725200176,21.78,0.018,21.46,0.01718,-2.056565808119554,-0.02060525631105452,target,45.33053029189049,9.865684377198608,35.46484591469188,3
WIFUSDT-ATOMUSDT,WIFUSDT,ATOMUSDT,1,2025-07-11 12:00:00+00:00,2025-07-14 16:00:00+00:00,1.8828584987773775,1072.3718719846215,-841.3942005174332,1.0,4.668,1.01,4.533,-2.32794621255844,-0.04626387221783901,target,124.31193578969953,9.897135501649993,114.41480028804953,19
SUIUSDT-PEOPLEUSDT,SUIUSDT,PEOPLEUSDT,-1,2025-07-15 00:00:00+00:00,2025-07-15 04:00:00+00:00,0.8814047632129538,-746.277803738475,103725.88636181851,3.8923,0.0202,3.8864,0.02039,4.957330431321915,4.452600650281555,stop_divergence,24.11095745080245,10.015304879366688,14.09565257143576,1
RUNEUSDT-TAOUSDT,RUNEUSDT,TAOUSDT,1,2025-07-11 16:00:00+00:00,2025-07-15 08:00:00+00:00,1.0073800840832057,1689.264459253601,-5.893897013288762,1.566,399.5,1.512,425.9,-2.0499428446739807,-4.613903836592433,stop_divergence,-246.81916195051772,10.064378600351128,-256.8835405508689,22
SUIUSDT-NEARUSDT,SUIUSDT,NEARUSDT,-1,2025-07-15 04:00:00+00:00,2025-07-15 08:00:00+00:00,1.116518669615164,-571.6958914358494,1103.7588746617855,3.8864,2.517,3.9796,2.514,4.603736196949105,5.067247027955553,stop_divergence,-56.593333705806614,10.049970780457834,-66.64330448626446,1
SUIUSDT-ORDIUSDT,SUIUSDT,ORDIUSDT,-1,2025-07-15 04:00:00+00:00,2025-07-15 08:00:00+00:00,0.8981150631126887,-759.6697833036473,225.31022823159165,3.8864,9.088,3.9796,9.174,4.3845491526383595,4.58430713412397,stop_divergence,-51.42454417598294,10.090177903431817,-61.51472207941475,1
SUIUSDT-GALAUSDT,SUIUSDT,GALAUSDT,-1,2025-07-15 04:00:00+00:00,2025-07-15 08:00:00+00:00,1.0056893261832132,-653.9585951101873,148188.9883040246,3.8864,0.01659,3.9796,0.0167,4.902443746965204,5.070210728141124,stop_divergence,-44.64815235082686,10.077249729777712,-54.725402080604574,1
FILUSDT-ENSUSDT,FILUSDT,ENSUSDT,1,2025-07-14 00:00:00+00:00,2025-07-15 20:00:00+00:00,0.8027205910935348,1127.9302702212003,-87.14005240681536,2.639,23.22,2.646,24.32,-2.191941760071392,-4.349915046089296,stop_divergence,-87.95854575594848,10.103749569539046,-98.06229532548753,11
ENAUSDT-PENDLEUSDT,ENAUSDT,PENDLEUSDT,-1,2025-07-11 04:00:00+00:00,2025-07-16 04:00:00+00:00,1.2283261319688075,-6195.568907006514,715.0958598757812,0.345,4.003,0.3614,4.122,2.690913318381605,2.033197157171847,screen_failed,-16.510922749689186,10.186703737400125,-26.69762648708931,30
PEOPLEUSDT-STRKUSDT,PEOPLEUSDT,STRKUSDT,1,2025-07-11 08:00:00+00:00,2025-07-16 04:00:00+00:00,1.0507858534737757,103711.34069050879,-18169.39167168581,0.02244,0.1471,0.02194,0.1453,-2.112963408721143,-1.8377117873628617,screen_failed,-19.150765336220047,9.915439424645712,-29.06620476086576,29
DOTUSDT-ICPUSDT,DOTUSDT,ICPUSDT,-1,2025-07-11 12:00:00+00:00,2025-07-16 04:00:00+00:00,0.9573436915049474,-618.5921621430538,467.5429908889349,3.975,5.435,4.126,5.571,2.583120008650949,2.4005276582834405,screen_failed,-29.82156972270606,10.156993263244496,-39.97856298595055,28
1000SATSUSDT-ORDIUSDT,1000SATSUSDT,ORDIUSDT,1,2025-07-11 12:00:00+00:00,2025-07-16 04:00:00+00:00,0.9343058397818123,50827447.73402868,-260.29229850279523,4.775e-05,9.885,4.562e-05,9.64,-2.198195647923349,-1.8002582659208122,screen_failed,-44.49085054029655,9.827965923193336,-54.31881646348988,28
SOLUSDT-BNBUSDT,SOLUSDT,BNBUSDT,1,2025-07-11 16:00:00+00:00,2025-07-16 04:00:00+00:00,2.3213953081208554,5.251366334116504,-5.959265315174504,164.58,694.0,164.05,692.08,-2.1909634819096184,-1.4495329556154513,screen_failed,8.658565248053051,9.985774986437784,-1.3272097383847328,27
WIFUSDT-LINKUSDT,WIFUSDT,LINKUSDT,1,2025-07-11 20:00:00+00:00,2025-07-16 04:00:00+00:00,1.5617066136267155,1314.9487929202683,-244.61054704165858,0.96,15.28,1.084,16.31,-2.2766441030952076,-1.2575828907341378,screen_failed,-88.89521313079476,10.415002513775022,-99.31021564456978,26
WLDUSDT-VETUSDT,WLDUSDT,VETUSDT,1,2025-07-12 04:00:00+00:00,2025-07-16 04:00:00+00:00,1.3212206404216535,1640.7361340451453,-135163.04990677172,1.039,0.02438,1.079,0.0252,-2.39636371256113,-1.9907028577035046,screen_failed,-45.20425556174712,10.176463146285359,-55.380718708032475,24
PEOPLEUSDT-GALAUSDT,PEOPLEUSDT,GALAUSDT,1,2025-07-12 08:00:00+00:00,2025-07-16 04:00:00+00:00,1.0982462696996453,100009.05966507825,-167979.41429402676,0.02124,0.01712,0.02194,0.0178,-2.094462032986256,-1.9597911543682685,screen_failed,-44.21965995438316,10.184232343485494,-54.40389229786865,23
NEARUSDT-ARKMUSDT,NEARUSDT,ARKMUSDT,-1,2025-07-14 12:00:00+00:00,2025-07-16 04:00:00+00:00,0.8701421159917688,-1097.023722012626,4011.067854871637,2.598,0.536,2.691,0.56,2.534751016845192,2.0597635974356816,screen_failed,-5.757577630254815,10.198288834664094,-15.955866464918909,10
ATOMUSDT-CFXUSDT,ATOMUSDT,CFXUSDT,1,2025-07-14 12:00:00+00:00,2025-07-16 04:00:00+00:00,0.6351683016393195,783.8047321445562,-13727.379339438126,4.612,0.1009,4.689,0.1036,-3.221016201469365,-2.398993808784421,screen_failed,23.28904015864793,10.097416888591614,13.191623270056315,10
SOLUSDT-ETCUSDT,SOLUSDT,ETCUSDT,1,2025-07-15 20:00:00+00:00,2025-07-16 04:00:00+00:00,1.0741290870168192,15.83659799010717,-126.08156671470233,163.98,19.06,164.05,19.59,-2.3142137053105465,-3.5480724962477463,screen_failed,-65.71466849948455,10.0679317922181,-75.78260029170265,2
TAOUSDT-ENSUSDT,TAOUSDT,ENSUSDT,1,2025-07-16 04:00:00+00:00,2025-07-16 16:00:00+00:00,1.0397190179479256,5.9673619209572015,-90.19015205094722,441.0,26.26,438.5,27.29,-2.7344378681334125,-4.163995948854932,stop_divergence,-107.81426141486841,10.077977451810082,-117.8922388666785,3
NEARUSDT-BOMEUSDT,NEARUSDT,BOMEUSDT,1,2025-07-16 16:00:00+00:00,2025-07-17 08:00:00+00:00,0.8301544009360988,1188.3139658719458,-766909.2974382526,2.762,0.00224,2.788,0.002345,-3.6623318606454456,-4.580915884036868,stop_divergence,-49.62931311834622,10.111421639343687,-59.74073475768991,4
UNIUSDT-BOMEUSDT,UNIUSDT,BOMEUSDT,1,2025-07-16 16:00:00+00:00,2025-07-17 08:00:00+00:00,0.9542125452909092,320.94643463883074,-921277.2631648831,9.149,0.00224,8.985,0.002345,-3.6129945081436317,-4.592567742155338,stop_divergence,-149.36932791308092,10.044098897351546,-159.41342681043247,4
BNBUSDT-LTCUSDT,BNBUSDT,LTCUSDT,-1,2025-07-17 00:00:00+00:00,2025-07-17 16:00:00+00:00,0.5748377268504276,-5.488828513502533,11.496228779112903,709.62,96.12,715.61,100.98,3.0129004962566275,0.22468310903024188,target,22.99358907060848,10.08874975466237,12.90483931594611,4
AVAXUSDT-GALAUSDT,AVAXUSDT,GALAUSDT,-1,2025-07-16 20:00:00+00:00,2025-07-17 20:00:00+00:00,0.8103584773150253,-131.3834537123346,111451.84236245164,22.66,0.01815,23.91,0.01861,2.066147718073359,4.6938362068854635,stop_divergence,-112.96146965369027,10.215497164627145,-123.17696681831742,6
TAOUSDT-ENSUSDT,TAOUSDT,ENSUSDT,1,2025-07-17 16:00:00+00:00,2025-07-17 20:00:00+00:00,1.0397190179479256,6.274164327922786,-88.6208434615591,418.8,26.77,422.2,27.8,-4.08011054596685,-4.7338030790689025,stop_divergence,-69.94731005046864,10.112611627480343,-80.05992167794899,1
BNBUSDT-WIFUSDT,BNBUSDT,WIFUSDT,-1,2025-07-17 00:00:00+00:00,2025-07-18 00:00:00+00:00,0.24880655563987747,-6.680130392757266,247.28178161103705,709.62,1.05,736.43,1.098,2.525611132530806,4.2205568567947775,stop_divergence,-167.22477031249215,10.190963821347152,-177.4157341338393,6
ADAUSDT-SAGAUSDT,ADAUSDT,SAGAUSDT,-1,2025-07-17 08:00:00+00:00,2025-07-18 00:00:00+00:00,0.7400014356564059,-4201.714798396002,5251.6575021284625,0.8154,0.2997,0.8599,0.3065,3.691040898352155,4.339568142642889,stop_divergence,-151.26503751414864,10.222687579543097,-161.48772509369175,4
WIFUSDT-LTCUSDT,WIFUSDT,LTCUSDT,1,2025-07-17 12:00:00+00:00,2025-07-18 00:00:00+00:00,2.1250776938763853,814.7733591696974,-40.663657438570176,1.082,101.28,1.098,107.79,-2.5356661444786166,-5.495949779431572,stop_divergence,-251.68403617837686,10.277756783671808,-261.96179296204866,3
DOGEUSDT-PEOPLEUSDT,DOGEUSDT,PEOPLEUSDT,-1,2025-07-17 16:00:00+00:00,2025-07-18 00:00:00+00:00,0.8793716964001914,-14377.157565105037,89871.3344536539,0.21144,0.02181,0.2364,0.02343,2.9181933316416813,4.927760404394429,stop_divergence,-213.2622910101026,10.504445414639942,-223.76673642474253,2
PEOPLEUSDT-ETHFIUSDT,PEOPLEUSDT,ETHFIUSDT,1,2025-07-17 16:00:00+00:00,2025-07-18 00:00:00+00:00,0.8268298898622601,129541.06013922939,-1666.444044722917,0.02181,1.305,0.02343,1.351,-2.1532707735179493,-0.3442318332034894,target,133.20009136829736,10.286512943482805,122.91357842481456,2
NOTUSDT-ICPUSDT,NOTUSDT,ICPUSDT,-1,2025-07-16 08:00:00+00:00,2025-07-18 04:00:00+00:00,1.296483123645046,-810634.6142423913,576.4229275015101,0.002245,5.517,0.002438,6.012,2.1035246380787584,0.47167632445044055,target,128.87686856446552,10.441781829662027,118.43508673480349,11
NEARUSDT-UNIUSDT,NEARUSDT,UNIUSDT,-1,2025-07-16 16:00:00+00:00,2025-07-18 04:00:00+00:00,0.7913556155529667,-1079.2015065607332,220.7066825750635,2.762,9.149,2.952,10.511,2.5301605248705132,0.4427185968533116,target,95.55421542069723,10.505650787913778,85.04856463278345,9
ENAUSDT-TAOUSDT,ENAUSDT,TAOUSDT,-1,2025-07-17 08:00:00+00:00,2025-07-18 04:00:00+00:00,1.189127803814439,-5194.579555810024,7.080050504125591,0.3796,427.7,0.3992,422.2,2.0626834755686314,4.067698145179578,stop_divergence,-140.75403706656726,10.062873481521187,-150.81691054808846,5
NEARUSDT-GALAUSDT,NEARUSDT,GALAUSDT,-1,2025-07-17 12:00:00+00:00,2025-07-18 08:00:00+00:00,0.8833847915022103,-1003.9654825620306,117931.98360720908,2.813,0.01845,2.927,0.01985,2.201883640485951,0.3633896936138248,target,50.652712038021164,10.279556842062163,40.373155195959,5
ATOMUSDT-STRKUSDT,ATOMUSDT,STRKUSDT,-1,2025-07-17 12:00:00+00:00,2025-07-18 12:00:00+00:00,0.6392590809852293,-742.7155301249097,10156.210581329951,4.819,0.1399,4.948,0.1419,3.5023573990234995,4.050961352803204,stop_divergence,-75.49788222345377,10.116122724548774,-85.61400494800255,6
ENAUSDT-OPUSDT,ENAUSDT,OPUSDT,1,2025-07-18 12:00:00+00:00,2025-07-18 16:00:00+00:00,1.2278615797030394,5593.99956365894,-3619.7112433080856,0.3891,0.78,0.3895,0.752,-2.318826056812154,-0.34034298044881645,target,103.58951463809012,9.900885685012838,93.68862895307728,1
DOGEUSDT-PEOPLEUSDT,DOGEUSDT,PEOPLEUSDT,-1,2025-07-19 00:00:00+00:00,2025-07-19 04:00:00+00:00,0.8793716964001914,-11452.63040365615,93519.45639565527,0.24934,0.02293,0.25372,0.0229,5.686975957916237,5.728816110808562,stop_divergence,-52.968104859883425,10.047356937476145,-63.01546179735957,1
ENAUSDT-TAOUSDT,ENAUSDT,TAOUSDT,-1,2025-07-19 04:00:00+00:00,2025-07-19 08:00:00+00:00,1.189127803814439,-4991.686527453025,7.408097220254956,0.3969,407.5,0.3958,404.5,4.029541897455968,4.0001547514855025,stop_divergence,-16.733436480566592,9.972284853159037,-26.705721333725627,1
NEARUSDT-BOMEUSDT,NEARUSDT,BOMEUSDT,1,2025-07-18 12:00:00+00:00,2025-07-19 12:00:00+00:00,0.8301544009360988,1167.4066227060741,-739032.2657332117,2.839,0.002281,2.824,0.002126,-2.2381313577810475,-0.07819854440496217,target,97.03890184805668,9.867938899470762,87.17096294858592,6
BNBUSDT-LTCUSDT,BNBUSDT,LTCUSDT,-1,2025-07-18 16:00:00+00:00,2025-07-19 16:00:00+00:00,0.5748377268504276,-5.435762239414928,9.989611937473699,731.85,102.29,734.47,112.63,2.144567264606624,-4.126083169715311,stop_divergence,89.0508903662108,10.117534284500746,78.93335608171004,6
AVAXUSDT-GALAUSDT,AVAXUSDT,GALAUSDT,-1,2025-07-18 20:00:00+00:00,2025-07-19 16:00:00+00:00,0.8103584773150253,-125.60373701570474,109526.81341684224,23.51,0.01869,24.95,0.0192,2.678712850288417,4.693530078433379,stop_divergence,-125.01070646002498,10.236728056145203,-135.2474345161702,5
WIFUSDT-LTCUSDT,WIFUSDT,LTCUSDT,1,2025-07-19 00:00:00+00:00,2025-07-19 16:00:00+00:00,2.1250776938763853,986.8322221146117,-38.835144532249814,1.033,102.5,1.079,112.63,-3.0854412725680995,-5.700615362473107,stop_divergence,-348.00573189441826,10.438794296328963,-358.44452619074724,4
ENAUSDT-ETHFIUSDT,ENAUSDT,ETHFIUSDT,-1,2025-07-18 08:00:00+00:00,2025-07-19 20:00:00+00:00,1.0570971690084203,-6326.166869113158,1866.114058704305,0.4004,1.322,0.4338,1.286,2.0516534841474674,4.637378236389382,stop_divergence,-278.4740795417348,10.144113867315024,-288.6181934090498,9
ENAUSDT-OPUSDT,ENAUSDT,OPUSDT,-1,2025-07-19 20:00:00+00:00,2025-07-20 00:00:00+00:00,1.2278615797030394,-5144.377557801789,3628.268696494868,0.4338,0.763,0.4545,0.766,3.4384948869993255,4.878325103127196,stop_divergence,-95.60380935701241,10.117373421535982,-105.7211827785484,1
NEARUSDT-ATOMUSDT,NEARUSDT,ATOMUSDT,-1,2025-07-16 04:00:00+00:00,2025-07-20 08:00:00+00:00,1.271796522286291,-739.8390124828628,641.734531330479,2.691,4.689,2.992,5.201,2.0559961495709502,0.2578950669609014,target,105.87653728386312,10.551259622798547,95.32527766106458,25
ENAUSDT-TAOUSDT,ENAUSDT,TAOUSDT,-1,2025-07-20 08:00:00+00:00,2025-07-20 12:00:00+00:00,1.189127803814439,-3688.394881088342,7.369095749158922,0.4967,429.9,0.5184,432.4,5.434835563562866,5.561675052517858,stop_divergence,-61.6154295467197,10.098460908292514,-71.7138904550122,1
DOGEUSDT-PEOPLEUSDT,DOGEUSDT,PEOPLEUSDT,-1,2025-07-20 04:00:00+00:00,2025-07-20 20:00:00+00:00,0.8793716964001914,-10934.108382452714,96267.22790060262,0.25144,0.02338,0.27375,0.02448,3.7023811605407166,4.126925365853791,stop_divergence,-138.04600732185742,10.349833908703182,-148.3958412305606,4
ENAUSDT-ETHFIUSDT,ENAUSDT,ETHFIUSDT,-1,2025-07-20 20:00:00+00:00,2025-07-21 00:00:00+00:00,1.0570971690084203,-4775.168462739062,2005.6554931292706,0.4914,1.323,0.4969,1.343,4.681628071551805,4.350290116056795,stop_divergence,13.84968331752058,10.066376536407649,3.7833067811129295,1
NEARUSDT-PEOPLEUSDT,NEARUSDT,PEOPLEUSDT,-1,2025-07-17 12:00:00+00:00,2025-07-21 04:00:00+00:00,0.8983830153241138,-1078.285777802643,86035.96268771501,2.813,0.02286,3.045,0.02494,2.29083406851977,1.4557100954779927,screen_failed,-71.2074980597655,10.42911710284066,-81.63661516260616,22
UNIUSDT-PEOPLEUSDT,UNIUSDT,PEOPLEUSDT,-1,2025-07-18 08:00:00+00:00,2025-07-21 04:00:00+00:00,1.03211180368057,-232.4719323523006,106644.2685857162,10.645,0.02368,10.557,0.02494,2.5808071692707757,0.553677404040302,screen_failed,154.82930846500477,10.113914248371,144.71539421663377,17
TAOUSDT-ENSUSDT,TAOUSDT,ENSUSDT,1,2025-07-18 20:00:00+00:00,2025-07-21 04:00:00+00:00,1.0397190179479256,6.509679217276311,-85.1216355735533,411.5,27.27,428.5,28.38,-3.498283051271388,-2.2875422044660656,screen_failed,16.179531207053174,10.205149562180342,5.974381644872831,14
BNBUSDT-WIFUSDT,BNBUSDT,WIFUSDT,-1,2025-07-19 00:00:00+00:00,2025-07-21 04:00:00+00:00,0.24880655563987747,-6.413442313117873,277.60042990288065,734.9,1.033,760.39,1.238,3.921529456989584,2.3453578848629526,screen_failed,-106.57055643128407,10.220386732691466,-116.79094316397554,13
ADAUSDT-SAGAUSDT,ADAUSDT,SAGAUSDT,-1,2025-07-19 00:00:00+00:00,2025-07-21 04:00:00+00:00,0.7400014356564059,-4042.882753345657,5641.31988563023,0.8272,0.2935,0.8939,0.327,3.324398981249,2.4461345178553153,screen_failed,-80.67606347954239,10.458644495816767,-91.13470797535916,13
ATOMUSDT-STRKUSDT,ATOMUSDT,STRKUSDT,-1,2025-07-19 12:00:00+00:00,2025-07-21 04:00:00+00:00,0.6392590809852293,-747.2314130176175,10319.619477610257,4.809,0.1363,5.241,0.1527,3.101398591669866,2.6767989307506928,screen_failed,-153.56221099080216,10.492045729856422,-164.05425672065857,10
WIFUSDT-LTCUSDT,WIFUSDT,LTCUSDT,1,2025-07-20 16:00:00+00:00,2025-07-21 04:00:00+00:00,2.1250776938763853,974.6293399988534,-32.20953639595906,1.249,117.44,1.238,120.7,-3.177377388363213,-3.7196772845988413,screen_failed,-115.72401139081421,10.09428216591084,-125.81829355672505,3
ENAUSDT-OPUSDT,ENAUSDT,OPUSDT,-1,2025-07-21 00:00:00+00:00,2025-07-21 04:00:00+00:00,1.2278615797030394,-4122.558723145408,3703.2629491456037,0.4969,0.797,0.5026,0.794,4.099011395049644,4.283761617311008,stop_divergence,-34.60837356936581,10.012388795874493,-44.6207623652403,1
AVAXUSDT-UNIUSDT,AVAXUSDT,UNIUSDT,-1,2025-07-21 08:00:00+00:00,2025-07-21 12:00:00+00:00,0.8063667407698341,-118.1416436614989,182.83353284427034,26.04,10.521,25.89,11.098,2.236325555214409,0.4626015540612348,target,123.21619500036866,10.08777370190192,113.12842129846673,1
AVAXUSDT-OPUSDT,AVAXUSDT,OPUSDT,-1,2025-07-21 04:00:00+00:00,2025-07-21 20:00:00+00:00,0.8754928402109342,-110.52185989151903,2701.7888652418937,25.83,0.794,25.43,0.807,2.0478359022797563,0.4742446490228423,target,79.33199920475211,9.990914511291539,69.34108469346057,4
AVAXUSDT-NEARUSDT,AVAXUSDT,NEARUSDT,-1,2025-07-17 20:00:00+00:00,2025-07-22 00:00:00+00:00,0.8898043843101172,-108.62720894132472,852.9369663517663,23.91,2.817,25.89,2.96,2.6633453647617613,4.145099604054906,stop_divergence,-93.11188751552059,10.337051859892124,-103.44893937541272,25
AVAXUSDT-GALAUSDT,AVAXUSDT,GALAUSDT,-1,2025-07-20 16:00:00+00:00,2025-07-22 04:00:00+00:00,0.8103584773150253,-114.72309738676584,104472.76623751505,25.27,0.02011,25.65,0.01943,2.6442711761252733,4.130869218950557,stop_divergence,-114.63625804848115,9.972553295965461,-124.60881134444662,9
PEOPLEUSDT-ETHFIUSDT,PEOPLEUSDT,ETHFIUSDT,-1,2025-07-20 12:00:00+00:00,2025-07-22 08:00:00+00:00,0.8268298898622601,-107300.1492855077,1678.3890628693025,0.0252,1.368,0.02309,1.287,2.45196183728608,0.45309224471393883,target,90.45380090000751,9.637647170915166,80.81615372909235,11
SOLUSDT-WIFUSDT,SOLUSDT,WIFUSDT,-1,2025-07-21 16:00:00+00:00,2025-07-22 12:00:00+00:00,0.5534114710298599,-20.790205290895337,790.0599372270423,194.63,1.207,201.83,1.19,2.8232309751321836,4.079559131299808,stop_divergence,-163.12049702730658,10.136258459161585,-173.25675548646817,5
BNBUSDT-LTCUSDT,BNBUSDT,LTCUSDT,1,2025-07-20 16:00:00+00:00,2025-07-22 16:00:00+00:00,0.5748377268504276,5.58682170377743,-6.748676557265138,753.1,117.44,772.08,116.93,-3.171070212558065,-0.46613545211927343,target,109.47970098190088,10.10259605089349,99.37710493100738,12
BNBUSDT-BOMEUSDT,BNBUSDT,BOMEUSDT,-1,2025-07-21 08:00:00+00:00,2025-07-22 16:00:00+00:00,0.2938360048732326,-6.076740345459642,135168.68146629934,768.98,0.00242,772.08,0.00223,2.7322095876936867,4.369178407819473,stop_divergence,-44.51994454952185,9.993155845592328,-54.51310039511418,8
WLDUSDT-RUNEUSDT,WLDUSDT,RUNEUSDT,-1,2025-07-21 20:00:00+00:00,2025-07-22 16:00:00+00:00,1.234942290705911,-1477.4781242739045,1890.5599286490944,1.237,1.678,1.249,1.614,2.874359595577083,5.088079513038184,stop_divergence,-138.7255729248286,9.896733902057747,-148.62230682688636,5
WLDUSDT-ICPUSDT,WLDUSDT,ICPUSDT,-1,2025-07-22 16:00:00+00:00,2025-07-22 20:00:00+00:00,1.4378248472977446,-1420.6835390590147,542.3854480772305,1.249,5.947,1.397,6.122,2.461217065679461,5.713174924856839,stop_divergence,-115.3437103672188,10.30517861719425,-125.64888898441305,1
XRPUSDT-HBARUSDT,XRPUSDT,HBARUSDT,-1,2025-07-21 16:00:00+00:00,2025-07-23 16:00:00+00:00,0.7295415011564221,-985.0554814101414,5663.749521331378,3.5465,0.26599,3.1838,0.24773,2.606286868588562,0.27110414178657954,target,253.85955684794712,9.539300310633031,244.3202565373141,12
BNBUSDT-BOMEUSDT,BNBUSDT,BOMEUSDT,-1,2025-07-23 16:00:00+00:00,2025-07-23 20:00:00+00:00,0.2938360048732326,-5.957280809619329,195941.0343521289,770.83,0.002082,776.74,0.002079,3.8996936699278173,4.130417816850703,stop_divergence,-35.79535268790642,10.034619706481793,-45.829972394388214,1
WLDUSDT-PENDLEUSDT,WLDUSDT,PENDLEUSDT,-1,2025-07-22 20:00:00+00:00,2025-07-24 00:00:00+00:00,1.0441324976350022,-1711.7234104117167,535.6719498264541,1.397,4.87,1.178,4.503,3.068851281770556,0.055561235472026876,target,178.2758212938574,9.428540967533525,168.84728032632387,7
DOGEUSDT-ENAUSDT,DOGEUSDT,ENAUSDT,1,2025-07-23 16:00:00+00:00,2025-07-25 00:00:00+00:00,0.7696784261330298,11739.179327647513,-4621.80879395032,0.24222,0.4666,0.22544,0.4911,-2.005268496546235,-4.798221985214416,stop_divergence,-310.21774456970786,9.916250886333858,-320.1339954560417,8
SUIUSDT-RAYUSDT,SUIUSDT,RAYUSDT,1,2025-07-21 12:00:00+00:00,2025-07-25 16:00:00+00:00,0.9667065440987386,714.932180009094,-650.8208789658465,3.9987,3.29,3.84,2.918,-2.320725413332303,0.05590110700112169,target,128.64563000785154,9.644434896057263,119.00119511179427,25
NEARUSDT-GALAUSDT,NEARUSDT,GALAUSDT,-1,2025-07-19 08:00:00+00:00,2025-07-25 20:00:00+00:00,0.8833847915022103,-1011.4895767111793,116505.81543180635,2.825,0.01839,2.855,0.01759,2.583755949580292,4.170169970612286,stop_divergence,-123.5493396467801,9.937140034955892,-133.48647968173597,39
RUNEUSDT-ICPUSDT,RUNEUSDT,ICPUSDT,1,2025-07-21 08:00:00+00:00,2025-07-26 04:00:00+00:00,1.1523215097375998,1430.6867888468091,-414.0748974348398,1.714,6.153,1.486,5.62,-2.2850593269013837,-2.5804220358145256,screen_failed,-105.49466752430308,9.453101491810157,-114.94776901611324,29
AVAXUSDT-NEARUSDT,AVAXUSDT,NEARUSDT,-1,2025-07-23 00:00:00+00:00,2025-07-26 04:00:00+00:00,0.9499654514554687,-96.628395511021,847.789677671042,25.52,2.989,24.09,2.846,2.1217898696312014,1.007631741497961,screen_failed,16.94468167380117,9.740587470512281,7.204094203288889,19
ETHFIUSDT-VETUSDT,ETHFIUSDT,VETUSDT,1,2025-07-23 00:00:00+00:00,2025-07-26 04:00:00+00:00,1.2649664916947179,1510.9552215608574,-112318.61845472713,1.256,0.02762,1.191,0.02567,-2.0895651350881894,-0.6664358286687392,screen_failed,120.8092165852623,9.682766604611826,111.12644998065048,19
AVAXUSDT-OPUSDT,AVAXUSDT,OPUSDT,-1,2025-07-23 04:00:00+00:00,2025-07-26 04:00:00+00:00,0.8754928402109342,-113.46723794024373,2772.33096372692,25.35,0.766,24.09,0.722,2.366180250713931,1.6472071937301065,screen_failed,20.986157400722703,9.735048717791308,11.251108682931395,18
AVAXUSDT-GALAUSDT,AVAXUSDT,GALAUSDT,-1,2025-07-23 04:00:00+00:00,2025-07-26 04:00:00+00:00,0.8879441413352359,-106.01556520445703,116911.29535222518,25.35,0.01978,24.09,0.01755,2.1922744981179014,2.9768895298454643,screen_failed,-127.13257647784602,9.605708199206923,-136.73828467705295,18
UNIUSDT-ATOMUSDT,UNIUSDT,ATOMUSDT,-1,2025-07-23 12:00:00+00:00,2025-07-26 04:00:00+00:00,1.524326997604921,-136.0283809800481,750.8968664183869,10.172,4.816,10.413,4.685,2.2192049477365856,2.699291833230693,screen_failed,-131.1503293170004,9.934415350315383,-141.0847446673158,16
WLDUSDT-RUNEUSDT,WLDUSDT,RUNEUSDT,-1,2025-07-23 16:00:00+00:00,2025-07-26 04:00:00+00:00,1.234942290705911,-1322.6248134744774,2258.7099615232682,1.188,1.518,1.158,1.486,3.818342435956709,2.4019988006752704,screen_failed,-32.599974364510295,9.88804253682702,-42.48801690133732,15
UNIUSDT-OPUSDT,UNIUSDT,OPUSDT,-1,2025-07-23 16:00:00+00:00,2025-07-26 04:00:00+00:00,1.034339155267953,-235.16561124278005,3760.84485922892,10.035,0.702,10.413,0.722,2.1511829031495204,1.7410605217090802,screen_failed,-13.675703865192418,10.16410949823435,-23.839813363426767,15
WLDUSDT-ICPUSDT,WLDUSDT,ICPUSDT,-1,2025-07-23 20:00:00+00:00,2025-07-26 04:00:00+00:00,1.4378248472977446,-1332.779976105754,613.4304265944514,1.175,5.598,1.158,5.62,2.774806856120357,1.5259440997629106,screen_failed,36.15272897887607,9.990838209791281,26.16189076908479,14
NEARUSDT-UNIUSDT,NEARUSDT,UNIUSDT,1,2025-07-24 00:00:00+00:00,2025-07-26 04:00:00+00:00,0.8462312863587145,1104.67720718695,-188.61804679300616,2.773,10.268,2.846,10.413,-2.09462077293875,-1.2017316852437065,screen_failed,53.29181933966149,10.107991052909632,43.183828286751854,13
BNBUSDT-BOMEUSDT,BNBUSDT,BOMEUSDT,-1,2025-07-25 00:00:00+00:00,2025-07-26 04:00:00+00:00,0.2938360048732326,-6.0374525990894,221147.58649032403,756.81,0.001948,782.55,0.002098,2.882586665179583,2.810249640949741,screen_failed,-122.23189192701264,10.18857616787411,-132.42046809488676,7
SOLUSDT-WIFUSDT,SOLUSDT,WIFUSDT,-1,2025-07-25 16:00:00+00:00,2025-07-26 04:00:00+00:00,0.5534114710298599,-21.526203460061325,1046.141140330387,182.17,1.031,186.43,1.067,2.284054374286188,2.278687513712913,screen_failed,-54.0405456879677,10.129362707791756,-64.16990839575945,3
NEARUSDT-DOTUSDT,NEARUSDT,DOTUSDT,-1,2025-07-25 20:00:00+00:00,2025-07-26 04:00:00+00:00,1.2110821026855194,-718.0233601195052,721.6348597991223,2.855,4.088,2.846,4.093,3.453782946554393,3.150658722620617,screen_failed,10.070384540071007,9.99714596405792,0.07323857601308781,2
LINKUSDT-AVAXUSDT,LINKUSDT,AVAXUSDT,1,2025-07-26 16:00:00+00:00,2025-07-27 08:00:00+00:00,1.074861978777627,126.31974868186627,-104.4737971667865,18.55,25.43,18.75,24.93,-2.398113704685318,-0.45913220667055854,target,77.50084831976642,9.973027051152979,67.52782126861344,4
BNBUSDT-LTCUSDT,BNBUSDT,LTCUSDT,-1,2025-07-23 16:00:00+00:00,2025-07-27 12:00:00+00:00,0.5354886459676027,-5.244027996212718,8.542150371738765,770.83,112.12,814.98,113.53,2.0658410006648875,4.44145635512187,stop_divergence,-219.47940400863973,10.243568268056944,-229.72297227669668,23
SOLUSDT-CAKEUSDT,SOLUSDT,CAKEUSDT,1,2025-07-27 00:00:00+00:00,2025-07-27 16:00:00+00:00,1.1768304264201275,13.225390393026615,-885.4223684073476,187.19,2.851,186.92,2.999,-2.1391240174789736,-4.297691425966855,stop_divergence,-134.61336593040488,10.127471655118171,-144.74083758552305,4
PENDLEUSDT-ICPUSDT,PENDLEUSDT,ICPUSDT,-1,2025-07-22 12:00:00+00:00,2025-07-27 20:00:00+00:00,1.2960587402544719,-363.30685960208626,541.2642777829528,4.825,5.999,4.427,5.8,2.1762453640714186,0.1960375487617571,target,36.88453884282302,9.747692278599562,27.136846564223458,32
CAKEUSDT-JUPUSDT,CAKEUSDT,JUPUSDT,-1,2025-07-26 08:00:00+00:00,2025-07-27 20:00:00+00:00,0.610272688921431,-1231.502854789875,2857.051100127655,2.766,0.5578,3.086,0.5902,2.0046178683864713,4.308451287333195,stop_divergence,-301.5124578886239,10.486649369176895,-311.9991072578008,9
LTCUSDT-CAKEUSDT,LTCUSDT,CAKEUSDT,1,2025-07-27 16:00:00+00:00,2025-07-28 00:00:00+00:00,1.2959566757396714,16.6493216686251,-1035.2254822419868,113.84,2.999,115.27,3.216,-2.958505046061719,-4.752373690700834,stop_divergence,-200.83539966037745,10.248452459632645,-211.08385212001008,2
UNIUSDT-CAKEUSDT,UNIUSDT,CAKEUSDT,1,2025-07-27 16:00:00+00:00,2025-07-28 00:00:00+00:00,1.8432491010937704,132.57206137366677,-1191.5720638944135,10.76,2.999,10.946,3.216,-2.9006285448755538,-4.666579138151321,stop_divergence,-233.91273444958583,10.28322954128059,-244.1959639908664,2
LINKUSDT-AVAXUSDT,LINKUSDT,AVAXUSDT,1,2025-07-28 08:00:00+00:00,2025-07-28 12:00:00+00:00,1.074861978777627,125.60696228331844,-95.43325365228313,19.08,27.28,18.39,26.05,-5.231982149283574,-4.227347272861618,stop_divergence,30.714098016818852,9.7959482940322,20.91814972278665,1
BNBUSDT-LTCUSDT,BNBUSDT,LTCUSDT,-1,2025-07-28 12:00:00+00:00,2025-07-28 16:00:00+00:00,0.5700384816732559,-4.576217658883122,10.633003968784982,836.18,110.36,831.74,109.5,4.654577138142643,4.367675526841045,stop_divergence,11.174022992285712,9.970537210181401,1.20348578210431,1
AVAXUSDT-UNIUSDT,AVAXUSDT,UNIUSDT,-1,2025-07-28 08:00:00+00:00,2025-07-29 16:00:00+00:00,0.8165510192725458,-103.74478703918673,198.52170261399687,27.28,10.93,24.08,10.197,2.847542320159718,0.09789313432335907,target,186.46691050933805,9.522500273458542,176.9444102358795,8
FILUSDT-ICPUSDT,FILUSDT,ICPUSDT,1,2025-07-28 04:00:00+00:00,2025-07-30 00:00:00+00:00,1.0853562488266262,891.2694270076539,-424.13216714502096,2.779,5.949,2.565,5.43,-2.2239184131954324,-0.4034013992723663,target,29.392937368628026,9.589143747872097,19.80379362075593,11
NEARUSDT-OPUSDT,NEARUSDT,OPUSDT,-1,2025-07-26 16:00:00+00:00,2025-07-30 08:00:00+00:00,0.9088434240056616,-971.3333479061512,2943.9407431460163,2.929,0.732,2.623,0.684,2.188632387017978,-0.27529570692861705,target,155.9188487882733,9.561462839869709,146.3573859484036,22
NOTUSDT-PEOPLEUSDT,NOTUSDT,PEOPLEUSDT,1,2025-07-29 12:00:00+00:00,2025-07-31 00:00:00+00:00,0.9270748188235706,1398061.0679697562,-107224.1975800013,0.001998,0.02058,0.002025,0.02032,-2.226237341189429,-0.49430344866399306,target,65.62594020598328,10.009869357464382,55.6160708485189,9
PEOPLEUSDT-ETHFIUSDT,PEOPLEUSDT,ETHFIUSDT,1,2025-07-26 12:00:00+00:00,2025-07-31 04:00:00+00:00,0.8672718789295766,120212.8797325434,-2050.567338303197,0.02097,1.209,0.02031,1.179,-2.0279988631602666,-1.8536613832410194,screen_failed,-17.823480474382364,9.859142479227426,-27.68262295360979,28
1000SATSUSDT-ETHFIUSDT,1000SATSUSDT,ETHFIUSDT,1,2025-07-26 16:00:00+00:00,2025-07-31 04:00:00+00:00,0.8096987791698006,62544183.66586009,-1803.0695516241003,4.434e-05,1.235,4.171e-05,1.179,-2.4503569920126473,-2.287828395972486,screen_failed,-63.51930815026232,9.73453690206784,-73.25384505233016,27
DOGEUSDT-LINKUSDT,DOGEUSDT,LINKUSDT,1,2025-07-27 12:00:00+00:00,2025-07-31 04:00:00+00:00,1.1828375584186475,8175.70581882076,-162.5460404298803,0.2368,18.85,0.22356,18.03,-2.1109098082028726,-1.8069028923240664,screen_failed,25.041408111315008,9.75846590180631,15.282942209508697,22
SEIUSDT-INJUSDT,SEIUSDT,INJUSDT,1,2025-07-28 04:00:00+00:00,2025-07-31 04:00:00+00:00,0.9480214252021258,7848.78027982912,-139.65095298738288,0.3488,16.2,0.3183,14.5,-2.3673670413681527,-1.767299815163555,screen_failed,-1.98117845623716,9.523205581386662,-11.504384037623822,18
DOGEUSDT-LDOUSDT,DOGEUSDT,LDOUSDT,1,2025-07-28 08:00:00+00:00,2025-07-31 04:00:00+00:00,0.9094808911665128,10557.943353138695,-2097.189746731409,0.24157,1.168,0.22356,1.037,-2.1209920825666697,-0.8877432179653415,screen_failed,84.58329703178669,9.535119583388157,75.04817744839853,17
SOLUSDT-CAKEUSDT,SOLUSDT,CAKEUSDT,1,2025-07-28 16:00:00+00:00,2025-07-31 04:00:00+00:00,1.1768304264201275,14.631977327712013,-767.6994903648799,185.26,2.982,181.24,2.869,-3.0423996464565253,-1.8654189023066696,screen_failed,27.929493553829396,9.854429408731367,18.07506414509803,15
WLDUSDT-PENDLEUSDT,WLDUSDT,PENDLEUSDT,1,2025-07-28 20:00:00+00:00,2025-07-31 04:00:00+00:00,1.0712746334918652,2078.4438677570147,-591.906784467495,1.117,4.525,1.082,4.432,-2.5398007407041066,-2.291062779516689,screen_failed,-17.698204416018335,9.872207133673028,-27.570411549691364,14
CAKEUSDT-JUPUSDT,CAKEUSDT,JUPUSDT,-1,2025-07-28 20:00:00+00:00,2025-07-31 04:00:00+00:00,0.610272688921431,-1124.0608147369414,3123.402476201511,2.931,0.546,2.869,0.5346,3.1665812763092296,2.215462945800342,screen_failed,34.08498228499272,9.894701441257615,24.190280843735106,14
PENDLEUSDT-ICPUSDT,PENDLEUSDT,ICPUSDT,-1,2025-07-28 20:00:00+00:00,2025-07-31 04:00:00+00:00,1.3842191345459791,-364.5417060469324,605.2111235797744,4.525,5.536,4.432,5.535,2.8983706681714163,1.7171689668899222,screen_failed,33.29716753878527,9.965492410214056,23.331675128571213,14
LTCUSDT-CAKEUSDT,LTCUSDT,CAKEUSDT,1,2025-07-29 00:00:00+00:00,2025-07-31 04:00:00+00:00,1.2959566757396714,19.83414924165796,-948.9193202249976,109.28,2.985,110.67,2.869,-2.845679676657071,-1.2213045365127309,screen_failed,137.644108592004,9.917494826299805,127.72661376570419,13
UNIUSDT-CAKEUSDT,UNIUSDT,CAKEUSDT,1,2025-07-29 00:00:00+00:00,2025-07-31 04:00:00+00:00,1.8432491010937704,181.81307480563225,-1040.7974713731828,10.413,2.985,10.134,2.869,-2.52027934120656,-1.5786723945994918,screen_failed,70.00665880851747,9.828541645449938,60.17811716306753,13
BNBUSDT-LTCUSDT,BNBUSDT,LTCUSDT,-1,2025-07-29 16:00:00+00:00,2025-07-31 04:00:00+00:00,0.5700384816732559,-4.350285872446716,13.913661147484687,803.61,108.1,803.69,110.67,2.574453382630719,1.8317523955228172,screen_failed,35.410086279239835,10.036106132018832,25.373980147221005,9
DOTUSDT-VETUSDT,DOTUSDT,VETUSDT,1,2025-07-30 00:00:00+00:00,2025-07-31 04:00:00+00:00,0.940049953068644,697.8124279520681,-90528.68177375961,3.896,0.0252,3.886,0.02462,-3.3490733450190375,-1.4256110378593752,screen_failed,45.5285111492601,9.940515240291699,35.5879959089684,7
FILUSDT-ICPUSDT,FILUSDT,ICPUSDT,1,2025-07-31 00:00:00+00:00,2025-07-31 04:00:00+00:00,1.0853562488266262,1006.1422312536987,-444.4450653254141,2.532,5.518,2.536,5.535,-3.0668835261130343,-3.1544907437713157,screen_failed,-3.5309971855173954,10.011580135035548,-13.542577320552944,1
NOTUSDT-1000SATSUSDT,NOTUSDT,1000SATSUSDT,-1,2025-07-31 04:00:00+00:00,2025-07-31 12:00:00+00:00,0.9846948822448118,-1234684.0026087111,58659158.05814399,0.002068,4.171e-05,0.002121,4.036e-05,2.0931535325512205,4.5066223532306156,stop_divergence,-144.6281155167561,9.986248388759769,-154.6143639055159,2
NOTUSDT-PEOPLEUSDT,NOTUSDT,PEOPLEUSDT,-1,2025-08-01 00:00:00+00:00,2025-08-01 12:00:00+00:00,0.9399491452611599,-1233136.2414153977,129597.6294789434,0.002081,0.01878,0.002055,0.01834,5.104140807175047,4.904914642887937,stop_divergence,-24.961414693935154,9.910915500752465,-34.87233019468762,3
NOTUSDT-1000SATSUSDT,NOTUSDT,1000SATSUSDT,-1,2025-08-01 12:00:00+00:00,2025-08-01 16:00:00+00:00,0.9846948822448118,-1143885.6497466029,69481116.96225365,0.002055,3.813e-05,0.002107,3.821e-05,4.383152267870416,4.869920335081237,stop_divergence,-53.92356442984307,10.065040543143805,-63.98860497298688,1
NOTUSDT-PEOPLEUSDT,NOTUSDT,PEOPLEUSDT,-1,2025-08-02 12:00:00+00:00,2025-08-02 16:00:00+00:00,0.9399491452611599,-1185953.5082935141,147589.45015487887,0.002022,0.01763,0.002037,0.01745,4.02085449279786,4.3537997161579725,stop_divergence,-44.355403652281154,9.991223201596526,-54.34662685387768,1
DOTUSDT-ATOMUSDT,DOTUSDT,ATOMUSDT,-1,2025-07-31 12:00:00+00:00,2025-08-03 08:00:00+00:00,1.1805810862788393,-590.6141392544109,638.7869689027265,3.788,4.325,3.605,4.247,2.6842457006726845,0.04682036473598595,target,58.257003909144245,9.84209222894203,48.414911680202216,17
NOTUSDT-PEOPLEUSDT,NOTUSDT,PEOPLEUSDT,-1,2025-08-03 16:00:00+00:00,2025-08-03 20:00:00+00:00,0.9399491452611599,-1089522.3671011438,145539.05119756766,0.002158,0.0182,0.002186,0.01815,3.8808145542644445,4.08142369871217,stop_divergence,-37.78357883871042,10.023229673718953,-47.80680851242937,1
1000SATSUSDT-PEOPLEUSDT,1000SATSUSDT,PEOPLEUSDT,1,2025-07-31 16:00:00+00:00,2025-08-05 04:00:00+00:00,0.9308597386281744,66870899.44229262,-117213.57494443285,4.017e-05,0.01974,3.775e-05,0.01799,-2.0997005094239816,-0.625745591347173,screen_failed,43.29617950240947,9.633048667196894,33.66313083521258,27
NOTUSDT-1000SATSUSDT,NOTUSDT,1000SATSUSDT,-1,2025-08-02 16:00:00+00:00,2025-08-05 04:00:00+00:00,0.9846948822448118,-1133757.2663946168,74945304.9680826,0.002037,3.59e-05,0.002082,3.775e-05,4.161523121382318,2.214431497271555,screen_failed,87.6297372031955,10.189667891178711,77.44006931201679,15
ORDIUSDT-OPUSDT,ORDIUSDT,OPUSDT,1,2025-08-04 12:00:00+00:00,2025-08-05 04:00:00+00:00,1.1078636064380127,261.44380189747386,-3797.1950022865926,9.074,0.692,8.949,0.671,-2.747536870402204,-1.8665465847185845,screen_failed,47.06061981083386,9.887578429714797,37.17304138111906,4
NOTUSDT-PEOPLEUSDT,NOTUSDT,PEOPLEUSDT,-1,2025-08-04 20:00:00+00:00,2025-08-05 04:00:00+00:00,0.9399491452611599,-1070459.4754765835,142665.3420136184,0.002144,0.01896,0.002082,0.01799,2.1482679752097282,2.4809287966549958,screen_failed,-72.016894273662,9.795246130767243,-81.81214040442924,2
OMUSDT-LDOUSDT,OMUSDT,LDOUSDT,-1,2025-08-06 12:00:00+00:00,2025-08-08 00:00:00+00:00,0.6797815589251189,-10515.94366878517,2226.0259710832197,0.2767,0.939,0.2725,1.081,2.050980308716116,0.1990235777147937,target,360.26265130271474,10.27192872448492,349.99072257822985,9
LINKUSDT-AVAXUSDT,LINKUSDT,AVAXUSDT,-1,2025-08-07 12:00:00+00:00,2025-08-08 00:00:00+00:00,1.0417283459629263,-136.32793046871885,113.37349759108412,17.84,22.65,19.21,23.28,2.909413597346338,4.825904163107565,stop_divergence,-115.34396125976168,10.258194568224527,-125.60215582798621,3
LINKUSDT-AVAXUSDT,LINKUSDT,AVAXUSDT,-1,2025-08-09 00:00:00+00:00,2025-08-09 04:00:00+00:00,1.0417283459629263,-108.76505019011117,113.70773966793665,20.88,24.0,20.8,24.42,5.295744350109318,4.259209358885479,stop_divergence,56.458454675742296,10.039056046645326,46.41939862909697,1
AVAXUSDT-UNIUSDT,AVAXUSDT,UNIUSDT,1,2025-08-08 00:00:00+00:00,2025-08-10 04:00:00+00:00,0.8695891615465066,127.08982516811317,-193.6396196249597,23.28,10.542,23.48,10.632,-2.123655358219006,-1.7253651555765999,screen_failed,7.990399267376198,10.04284553079987,-2.052446263423671,13
DOTUSDT-TIAUSDT,DOTUSDT,TIAUSDT,-1,2025-08-08 12:00:00+00:00,2025-08-10 04:00:00+00:00,0.8103777344277677,-838.4073215584049,1014.9161601089379,3.884,1.718,4.009,1.761,2.1942994681575776,2.4573826756703547,screen_failed,-61.159520310116726,10.148442310079485,-71.30796262019622,10
TIAUSDT-ETHFIUSDT,TIAUSDT,ETHFIUSDT,1,2025-08-09 08:00:00+00:00,2025-08-10 04:00:00+00:00,0.8583054942423731,1656.1956749447982,-1611.4986161772126,1.828,1.224,1.761,1.176,-2.077730372085898,-2.011938743702097,screen_failed,-33.61317664479549,9.81168295620219,-43.42485960099768,5
WLDUSDT-ICPUSDT,WLDUSDT,ICPUSDT,1,2025-08-09 20:00:00+00:00,2025-08-10 04:00:00+00:00,1.5504343686283129,1580.7412692135474,-578.009053997723,1.077,5.705,1.043,5.565,-2.0336998694771378,-1.7737348004145244,screen_failed,27.176064406420366,9.86533352928706,17.310730877133306,2
TIAUSDT-ARKMUSDT,TIAUSDT,ARKMUSDT,1,2025-08-10 04:00:00+00:00,2025-08-13 12:00:00+00:00,0.9952173418192761,1406.2988198756877,-4770.336064648231,1.761,0.529,1.96,0.562,-2.9706626826359415,-0.12778090395982022,target,122.43237502187023,10.437274555288653,111.99510046658158,20
DOTUSDT-ATOMUSDT,DOTUSDT,ATOMUSDT,-1,2025-08-12 12:00:00+00:00,2025-08-13 12:00:00+00:00,1.1333974162344775,-521.577603484184,618.4711107173971,4.095,4.631,4.22,4.828,2.0807335307946757,0.4233981517296803,target,56.64160837580427,10.18703600924685,46.454572366557414,6
SAGAUSDT-STRKUSDT,SAGAUSDT,STRKUSDT,1,2025-08-12 20:00:00+00:00,2025-08-13 12:00:00+00:00,1.1474897652305633,7693.423558338474,-20517.94856880544,0.2776,0.1396,0.2811,0.1497,-2.307563220652539,-4.505472754395102,stop_divergence,-180.30429809075022,10.23415826299912,-190.53845635374935,4
FILUSDT-ARKMUSDT,FILUSDT,ARKMUSDT,1,2025-08-13 16:00:00+00:00,2025-08-13 20:00:00+00:00,0.7482017476944419,1244.6381631012964,-2731.54302819371,2.718,0.592,2.733,0.613,-2.866719698259852,-4.662513136017076,stop_divergence,-38.69283114554836,10.076031976038587,-48.768863121586946,1
TIAUSDT-SAGAUSDT,TIAUSDT,SAGAUSDT,-1,2025-08-13 16:00:00+00:00,2025-08-14 16:00:00+00:00,0.8082375924534178,-1447.9561623238758,7406.739295445528,2.005,0.2831,1.778,0.2577,2.2622205764971017,0.3680477100627971,target,140.55487074320294,9.483182773048163,131.07168797015478,6
TIAUSDT-ARKMUSDT,TIAUSDT,ARKMUSDT,1,2025-08-14 12:00:00+00:00,2025-08-14 16:00:00+00:00,0.9952173418192761,1401.221987330944,-4386.4580514560885,1.809,0.562,1.778,0.56,-3.734851608640523,-4.161332981828346,stop_divergence,-34.664965504346966,9.94778920228983,-44.61275470663679,1
TIAUSDT-STXUSDT,TIAUSDT,STXUSDT,-1,2025-08-13 08:00:00+00:00,2025-08-15 04:00:00+00:00,1.0112367781021934,-1158.9825820493554,3581.815467614671,1.953,0.764,1.817,0.723,2.422447833087576,1.9290163376995997,screen_failed,10.76719698651084,9.695523934669087,1.0716730518417537,11
DOTUSDT-SAGAUSDT,DOTUSDT,SAGAUSDT,-1,2025-08-13 16:00:00+00:00,2025-08-15 04:00:00+00:00,0.6659163071172014,-831.3277338709024,5184.346375070773,4.249,0.2831,4.032,0.2643,2.013530711967293,1.635169731228051,screen_failed,82.93240639865478,9.722136169898684,73.21027022875609,9
RUNEUSDT-APTUSDT,RUNEUSDT,APTUSDT,1,2025-08-13 20:00:00+00:00,2025-08-15 04:00:00+00:00,1.0640251710600528,1572.383384457374,-523.4694606255488,1.499,5.049,1.409,4.812,-2.407032452238772,-2.4663112562048513,screen_failed,-17.452242432908676,9.73442323323058,-27.186665666139255,8
APTUSDT-1000SATSUSDT,APTUSDT,1000SATSUSDT,-1,2025-08-13 20:00:00+00:00,2025-08-15 04:00:00+00:00,0.7849318004768613,-606.876321775305,44107574.64927056,5.049,4.389e-05,4.812,3.994e-05,2.056185929992538,2.752637269682454,screen_failed,-30.395231603871423,9.681945391874635,-40.07717699574606,8
DOTUSDT-GALAUSDT,DOTUSDT,GALAUSDT,-1,2025-08-14 12:00:00+00:00,2025-08-15 04:00:00+00:00,0.8032611314184427,-760.0732629433527,113713.07405568946,4.026,0.01706,4.032,0.01704,2.3885296107677787,2.4638233389394903,screen_failed,-6.834701058773986,10.002286178096547,-16.836987236870534,4
SAGAUSDT-STRKUSDT,SAGAUSDT,STRKUSDT,1,2025-08-14 12:00:00+00:00,2025-08-15 04:00:00+00:00,1.1474897652305633,8307.548894852007,-20870.860075459605,0.2617,0.1354,0.2643,0.1346,-2.576827037383602,-1.9408222338450636,screen_failed,38.296315186982724,10.004902939066248,28.291412247916476,4
DOTUSDT-ATOMUSDT,DOTUSDT,ATOMUSDT,-1,2025-08-14 16:00:00+00:00,2025-08-15 04:00:00+00:00,1.1333974162344775,-538.9065782797504,629.1663999891023,3.994,4.526,4.032,4.592,2.0331904278064346,1.3305606532341643,screen_failed,21.04653242465023,10.06200343237391,10.98452899227632,3
FILUSDT-ARKMUSDT,FILUSDT,ARKMUSDT,1,2025-08-14 20:00:00+00:00,2025-08-15 04:00:00+00:00,0.7482017476944419,1340.616545542605,-2968.816552288923,2.505,0.553,2.527,0.572,-4.204998289536483,-4.859539477578233,stop_divergence,-26.913950491551624,10.085901078495427,-36.99985157004705,2
AVAXUSDT-HBARUSDT,AVAXUSDT,HBARUSDT,-1,2025-08-15 04:00:00+00:00,2025-08-20 04:00:00+00:00,0.8326563979720656,-105.88609119873496,9041.918256980052,25.43,0.25518,22.77,0.23386,2.450734431483832,1.0410955283907812,screen_failed,88.88330534982023,9.52556930017255,79.35773604964768,30
PEOPLEUSDT-SANDUSDT,PEOPLEUSDT,SANDUSDT,1,2025-08-15 16:00:00+00:00,2025-08-20 04:00:00+00:00,1.1667238674008886,102598.22674149853,-11233.43261486892,0.01823,0.2786,0.01836,0.2746,-2.005740033811149,-0.4594963153140307,target,58.27149993587069,9.968404039016917,48.303095896853776,27
LINKUSDT-PENDLEUSDT,LINKUSDT,PENDLEUSDT,-1,2025-08-17 04:00:00+00:00,2025-08-20 04:00:00+00:00,0.9344195878377605,-102.75762106048427,453.2978610501154,24.29,5.524,24.43,5.238,2.4055767078838155,2.4704956403339144,screen_failed,-144.02925520880066,9.884742878688137,-153.9139980874888,18
SEIUSDT-ALGOUSDT,SEIUSDT,ALGOUSDT,-1,2025-08-17 08:00:00+00:00,2025-08-20 04:00:00+00:00,0.9257235450079412,-7272.6406330504615,9218.220019660697,0.3487,0.2673,0.2991,0.2412,2.2803107550187485,0.37905478854330293,target,120.12743288615908,9.398681482087554,110.72875140407153,17
BOMEUSDT-1000SATSUSDT,BOMEUSDT,1000SATSUSDT,-1,2025-08-20 16:00:00+00:00,2025-08-22 08:00:00+00:00,0.99306960849651,-1129363.377282547,75358004.38157448,0.001875,3.825e-05,0.001751,3.694e-05,2.190874787894806,0.3988447663109316,target,41.322073043173305,9.761239955477102,31.560833087696203,10
ETCUSDT-JASMYUSDT,ETCUSDT,JASMYUSDT,-1,2025-08-22 12:00:00+00:00,2025-08-22 16:00:00+00:00,0.6886781016524443,-132.5402597653607,118436.11198233598,23.15,0.01631,24.79,0.01653,2.1184134215069013,4.360541987695046,stop_divergence,-191.31008137907796,10.243421970651305,-201.55350334972925,1
ETCUSDT-VETUSDT,ETCUSDT,VETUSDT,-1,2025-08-22 12:00:00+00:00,2025-08-22 16:00:00+00:00,0.9072717829824198,-102.20031478581234,107776.70673929807,23.15,0.02444,24.79,0.02515,2.6538268780572767,4.250972120706123,stop_divergence,-91.08705446383078,10.244129978033634,-101.33118444186442,1
FETUSDT-DOTUSDT,FETUSDT,DOTUSDT,1,2025-08-22 16:00:00+00:00,2025-08-23 04:00:00+00:00,1.0399396528720846,3490.5314402679383,-619.4621455504035,0.705,4.099,0.686,4.145,-2.200708636349139,-4.0615783443279385,stop_divergence,-94.81535606040867,9.962175161330228,-104.7775312217389,3
RUNEUSDT-BOMEUSDT,RUNEUSDT,BOMEUSDT,1,2025-08-22 20:00:00+00:00,2025-08-23 04:00:00+00:00,0.8300707791420218,2344.830760845452,-822126.6622451782,1.388,0.002123,1.364,0.002333,-4.135509686059008,-7.347243750912649,stop_divergence,-228.9225373317779,10.116370660811198,-239.0389079925891,2
NEARUSDT-ALGOUSDT,NEARUSDT,ALGOUSDT,1,2025-08-20 16:00:00+00:00,2025-08-23 08:00:00+00:00,0.867939651987966,1129.2075540458065,-8136.75174085097,2.558,0.2595,2.674,0.2611,-2.0013182206173603,-0.23982956318588358,target,117.9692734839522,10.144006879054675,107.82526660489752,16
GALAUSDT-ETCUSDT,GALAUSDT,ETCUSDT,1,2025-08-22 12:00:00+00:00,2025-08-23 08:00:00+00:00,1.2192796640496018,126223.6119622743,-122.41912823876342,0.01716,23.15,0.01861,23.84,-2.29479551688942,-0.21845675577510118,target,98.55503886055082,10.267493435830044,88.28754542472078,5
RUNEUSDT-1000SATSUSDT,RUNEUSDT,1000SATSUSDT,1,2025-08-23 04:00:00+00:00,2025-08-23 08:00:00+00:00,0.8519532968936891,2203.35338585732,-46257559.872231334,1.364,4.312e-05,1.356,4.385e-05,-4.087316897430221,-4.99542480565866,stop_divergence,-51.39484579358752,10.01614119161987,-61.410986985207394,1
FILUSDT-SAGAUSDT,FILUSDT,SAGAUSDT,1,2025-08-22 16:00:00+00:00,2025-08-23 12:00:00+00:00,0.7367510718362504,1288.327631159494,-6026.645230477676,2.574,0.2794,2.524,0.2811,-2.009938074131443,-4.26822633726996,stop_divergence,-74.66167844978673,9.945828915333838,-84.60750736512057,5
FETUSDT-SAGAUSDT,FETUSDT,SAGAUSDT,1,2025-08-22 20:00:00+00:00,2025-08-23 16:00:00+00:00,0.7879397097899951,4574.359045784732,-6384.387002153447,0.701,0.2809,0.692,0.2909,-2.503229003152877,-4.208592852512116,stop_divergence,-105.01310143359714,10.022674638609473,-115.03577607220662,5
BOMEUSDT-1000SATSUSDT,BOMEUSDT,1000SATSUSDT,-1,2025-08-23 08:00:00+00:00,2025-08-23 16:00:00+00:00,0.99306960849651,-898376.2867593416,68604327.75951059,0.002217,4.385e-05,0.002307,4.403e-05,3.082588610484248,4.2349517465762485,stop_divergence,-68.5050868116294,10.093202644805054,-78.59828945643444,2
DOTUSDT-GALAUSDT,DOTUSDT,GALAUSDT,1,2025-08-22 16:00:00+00:00,2025-08-23 20:00:00+00:00,0.7931620492610306,754.415446986793,-104989.05243814725,4.099,0.01817,4.228,0.01842,-2.5652468204519048,0.3378346172940785,target,71.07232955175913,10.123566855770832,60.94876269598829,7
ETCUSDT-STRKUSDT,ETCUSDT,STRKUSDT,1,2025-08-20 04:00:00+00:00,2025-08-24 16:00:00+00:00,0.7275495601826236,160.5036148884657,-12664.73010566023,20.76,0.1317,23.65,0.1413,-2.40516496171879,0.4931306198088443,target,342.27403801332724,10.585436856042005,331.68860115728523,27
ETCUSDT-VETUSDT,ETCUSDT,VETUSDT,-1,2025-08-23 20:00:00+00:00,2025-08-24 20:00:00+00:00,0.9072717829824198,-93.20846791350375,107248.7487026612,24.21,0.02558,23.23,0.02604,2.304812360335667,0.08251373633094382,target,140.67872295845808,9.957990125847989,130.72073283261008,6
RUNEUSDT-ETCUSDT,RUNEUSDT,ETCUSDT,1,2025-08-22 12:00:00+00:00,2025-08-25 04:00:00+00:00,1.1046535902695853,1993.6094762004511,-101.44705817077322,1.33,23.15,1.288,22.07,-2.9619268561792462,-1.6625851934225342,screen_failed,25.831224824015877,9.806705579175146,16.024519244840732,16
BOMEUSDT-ETCUSDT,BOMEUSDT,ETCUSDT,1,2025-08-22 12:00:00+00:00,2025-08-25 04:00:00+00:00,1.2637707583011961,1009731.8903816976,-134.37544851385937,0.001871,23.15,0.002217,22.07,-2.1251032583812295,2.843087469282314,screen_failed,494.492718467035,10.204241749677099,484.28847671735787,16
1000SATSUSDT-ETCUSDT,1000SATSUSDT,ETCUSDT,1,2025-08-22 12:00:00+00:00,2025-08-25 04:00:00+00:00,1.2475597443464537,57879634.86116087,-117.62484512146574,3.934e-05,23.15,3.835e-05,22.07,-2.276834182114125,-1.3544263098257858,screen_failed,69.7339942186334,9.815664328756268,59.91832988987713,16
ETCUSDT-SAGAUSDT,ETCUSDT,SAGAUSDT,-1,2025-08-22 12:00:00+00:00,2025-08-25 04:00:00+00:00,0.6556435731761537,-138.4745125481328,6814.717183861475,23.15,0.2633,22.07,0.2566,2.4407108808010713,0.8702759140761113,screen_failed,103.8938684201114,9.804788921316145,94.08907949879526,16
ETCUSDT-ARKMUSDT,ETCUSDT,ARKMUSDT,-1,2025-08-22 16:00:00+00:00,2025-08-25 04:00:00+00:00,0.7057514005472154,-122.59558700030242,3533.072789662168,24.79,0.555,22.07,0.513,3.648670420613708,0.7466699330536779,screen_failed,185.07093947501127,9.518150946193366,175.5527885288179,15
DOGEUSDT-JASMYUSDT,DOGEUSDT,JASMYUSDT,-1,2025-08-22 20:00:00+00:00,2025-08-25 04:00:00+00:00,0.9286633652677108,-10306.676229868623,152870.35170815044,0.24054,0.01649,0.22077,0.01523,2.0354079876912303,1.4298648211936444,screen_failed,11.146345912233102,9.603620367783227,1.5427255444498744,14
FETUSDT-TIAUSDT,FETUSDT,TIAUSDT,1,2025-08-23 00:00:00+00:00,2025-08-25 04:00:00+00:00,0.8030716584206333,4617.115866965283,-1030.91999893537,0.677,1.818,0.649,1.723,-2.275411493096066,-1.8852946694805484,screen_failed,-31.34184437616794,9.77278335582611,-41.114627731994055,13
AVAXUSDT-INJUSDT,AVAXUSDT,INJUSDT,-1,2025-08-23 04:00:00+00:00,2025-08-25 04:00:00+00:00,0.8068013611333057,-115.83861568212295,142.9624819911298,25.33,14.45,24.29,13.54,2.423952011942205,2.310663331472198,screen_failed,-9.623698302520381,9.749431981078665,-19.373130283599046,12
DOGEUSDT-XLMUSDT,DOGEUSDT,XLMUSDT,-1,2025-08-23 08:00:00+00:00,2025-08-25 04:00:00+00:00,1.1410920106722857,-8569.07485525874,7215.338865895992,0.23616,0.4125,0.22077,0.3928,2.0209671108080514,1.6306823062104618,screen_failed,-10.2641136357189,9.725979762319417,-19.99009339803832,11
WLDUSDT-STXUSDT,WLDUSDT,STXUSDT,-1,2025-08-23 08:00:00+00:00,2025-08-25 04:00:00+00:00,1.0590044292367837,-2326.5398454509746,3812.9509492301463,1.015,0.692,0.926,0.649,2.32393944091177,0.9189031350033829,screen_failed,43.10515542824038,9.628981062937967,33.47617436530241,11
DOGEUSDT-DOTUSDT,DOGEUSDT,DOTUSDT,1,2025-08-23 16:00:00+00:00,2025-08-25 04:00:00+00:00,1.173342179811864,8426.346144251194,-708.3642217710831,0.23736,4.235,0.22077,3.914,-2.317051909015698,-0.8585397138303841,screen_failed,87.59183265539053,9.632822002278356,77.95901065311217,9
ETCUSDT-JASMYUSDT,ETCUSDT,JASMYUSDT,-1,2025-08-23 16:00:00+00:00,2025-08-25 04:00:00+00:00,0.6886781016524443,-121.67472031545172,125625.59388459171,24.14,0.01642,22.07,0.01523,3.0077637961034385,1.4480067337756513,screen_failed,102.37221433032096,9.59863887222435,92.7735754580966,9
FETUSDT-DOTUSDT,FETUSDT,DOTUSDT,1,2025-08-24 16:00:00+00:00,2025-08-25 04:00:00+00:00,1.0399396528720846,3680.2681039415943,-599.81039167675,0.685,4.133,0.649,3.914,-2.9573713816016824,-2.629246071050261,screen_failed,-1.131175964689362,9.736151872480894,-10.867327837170256,3
FETUSDT-SAGAUSDT,FETUSDT,SAGAUSDT,1,2025-08-24 20:00:00+00:00,2025-08-25 04:00:00+00:00,0.7879397097899951,4748.516453660235,-6545.364275579434,0.679,0.2713,0.649,0.2566,-2.0201087202065686,-2.012391530633675,screen_failed,-46.23863875878955,9.761327651539176,-55.999966410328724,2
TIAUSDT-SAGAUSDT,TIAUSDT,SAGAUSDT,1,2025-08-23 16:00:00+00:00,2025-08-25 08:00:00+00:00,0.9497868205770851,1397.8787254541994,-8182.795697830288,1.874,0.2909,1.708,0.2534,-2.3824878428316048,-0.364667660416318,target,74.80697024323834,9.461097292905968,65.34587295033236,10
SAGAUSDT-VETUSDT,SAGAUSDT,VETUSDT,1,2025-08-25 04:00:00+00:00,2025-08-25 08:00:00+00:00,1.4182798104790209,6485.111153554994,-130820.41090187406,0.2566,0.0255,0.2534,0.02617,-4.017782697515838,-5.789654331336229,stop_divergence,-108.40203099563153,10.06689731961288,-118.46892831524441,1
DOTUSDT-GALAUSDT,DOTUSDT,GALAUSDT,1,2025-08-25 04:00:00+00:00,2025-08-26 00:00:00+00:00,0.7953316766762208,778.7570877768597,-113617.27348319974,3.914,0.01718,3.789,0.01616,-2.417179654432474,-0.3503711550888282,target,18.544982980756274,9.78676574507503,8.758217235681244,5
ETHFIUSDT-VETUSDT,ETHFIUSDT,VETUSDT,1,2025-08-25 08:00:00+00:00,2025-08-26 00:00:00+00:00,1.6798275235454585,1113.503598782294,-140935.90984464876,1.178,0.02617,1.115,0.02422,-2.243523132115111,-0.10763672789154984,target,204.6742974737807,9.655024249079652,195.01927322470107,4
APTUSDT-ETHFIUSDT,APTUSDT,ETHFIUSDT,1,2025-08-25 08:00:00+00:00,2025-08-27 00:00:00+00:00,0.5604618773879064,855.2948539528969,-1040.3937262358795,4.413,1.178,4.401,1.088,-2.193573004143912,-0.44607403699295645,target,83.37189711379386,9.896101026391335,73.47579608740253,10
JUPUSDT-SANDUSDT,JUPUSDT,SANDUSDT,1,2025-08-26 20:00:00+00:00,2025-08-27 04:00:00+00:00,1.2472533485736366,4391.571948809406,-10378.78707263236,0.4735,0.2814,0.4877,0.28,-2.051055131912664,-0.31346284885403386,target,76.89062357477863,10.047830019771409,66.84279355500722,2
TIAUSDT-SANDUSDT,TIAUSDT,SANDUSDT,1,2025-08-26 04:00:00+00:00,2025-08-28 12:00:00+00:00,1.1744270977105715,1314.0779360165113,-10389.366023356866,1.626,0.2756,1.719,0.2815,-2.3108157571411674,-0.3598070460780299,target,60.9119885117307,10.18350650758734,50.72848200414336,14
GALAUSDT-ETCUSDT,GALAUSDT,ETCUSDT,-1,2025-08-28 20:00:00+00:00,2025-08-29 20:00:00+00:00,1.0956829932584873,-133533.96818940685,124.19863390359352,0.01727,21.69,0.01604,20.92,2.845654122315735,0.38024748529394065,target,68.61383276720372,9.740120271021262,58.873712496182456,6
APTUSDT-DOTUSDT,APTUSDT,DOTUSDT,1,2025-08-25 04:00:00+00:00,2025-08-30 04:00:00+00:00,0.9732734578910035,590.2235382358356,-608.8269881099399,4.434,3.914,4.323,3.813,-2.0513965053271024,-1.401453512160601,screen_failed,-4.023286945073693,9.872993661456718,-13.89628060653041,30
WIFUSDT-WLDUSDT,WIFUSDT,WLDUSDT,1,2025-08-25 12:00:00+00:00,2025-08-30 04:00:00+00:00,1.1116101441979533,2717.6769718506503,-3022.0057494852467,0.809,0.927,0.811,0.918,-2.430651857708555,-1.106659082729995,screen_failed,32.63340568906855,9.978237302198334,22.65516838687022,28
CRVUSDT-ENSUSDT,CRVUSDT,ENSUSDT,1,2025-08-25 16:00:00+00:00,2025-08-30 04:00:00+00:00,0.9232570378008509,3112.338631783652,-107.13918036833124,0.7793,24.03,0.7813,23.64,-2.32406969558803,-1.3532379524826232,screen_failed,48.00895760721655,9.964440396919919,38.04451721029663,27
SAGAUSDT-VETUSDT,SAGAUSDT,VETUSDT,1,2025-08-26 08:00:00+00:00,2025-08-30 04:00:00+00:00,1.4182798104790209,7216.987095322698,-134334.81305616884,0.2418,0.02423,0.2491,0.02457,-2.481928434849322,-1.473644331895711,screen_failed,7.01016935675829,10.098357842234954,-3.088188485476663,23
UNIUSDT-STRKUSDT,UNIUSDT,STRKUSDT,1,2025-08-26 16:00:00+00:00,2025-08-30 04:00:00+00:00,0.8828854034899073,280.0274810316705,-16958.769139383687,9.934,0.1308,9.818,0.1287,-2.008545442868628,-1.4460486113421256,screen_failed,3.130227393031902,9.931903397007622,-6.80167600397572,21
ETHFIUSDT-VETUSDT,ETHFIUSDT,VETUSDT,1,2025-08-27 00:00:00+00:00,2025-08-30 04:00:00+00:00,1.6798275235454585,1266.8665086365866,-145331.02883641227,1.088,0.02492,1.111,0.02457,-2.2427775759853215,-0.7327142290319896,screen_failed,80.00378979138561,9.978272069605897,70.02551772177972,19
JUPUSDT-SANDUSDT,JUPUSDT,SANDUSDT,-1,2025-08-28 08:00:00+00:00,2025-08-30 04:00:00+00:00,1.2472533485736366,-3830.8892086231185,10699.23344928892,0.5201,0.2811,0.5061,0.2772,2.4694698237744124,1.6104852677176564,screen_failed,11.905438468496762,9.90464054062705,2.000797927869713,11
ETCUSDT-VETUSDT,ETCUSDT,VETUSDT,1,2025-08-28 08:00:00+00:00,2025-08-30 04:00:00+00:00,1.1596921146877448,95.8261975143762,-114038.41713956077,21.76,0.02556,21.06,0.02457,-2.1455460874011294,-1.4656606770368494,screen_failed,45.819694708101295,9.820023628771771,35.999671079329524,11
WLDUSDT-ENSUSDT,WLDUSDT,ENSUSDT,-1,2025-08-28 12:00:00+00:00,2025-08-30 04:00:00+00:00,1.0809360836168747,-2513.023338622738,108.09382822955726,0.95,24.17,0.918,23.64,2.2419418243342215,1.56768784504081,screen_failed,23.12701787426193,9.862293524202407,13.264724350059524,10
FETUSDT-SEIUSDT,FETUSDT,SEIUSDT,1,2025-08-28 20:00:00+00:00,2025-08-30 04:00:00+00:00,0.7528103264576208,5025.181282547794,-5625.023252251572,0.65,0.3082,0.626,0.2912,-2.1829212158139804,-1.6879264044821936,screen_failed,-24.978955492870668,9.783770253930577,-34.762725746801244,8
WIFUSDT-ENSUSDT,WIFUSDT,ENSUSDT,-1,2025-08-29 00:00:00+00:00,2025-08-30 04:00:00+00:00,1.2138844670382718,-2478.4183059190445,120.45275090262055,0.851,24.0,0.811,23.64,2.350643525091984,1.0546680155192414,screen_failed,55.773741911818256,9.857500277438294,45.91624163437996,7
FILUSDT-ICPUSDT,FILUSDT,ICPUSDT,-1,2025-08-30 20:00:00+00:00,2025-09-01 04:00:00+00:00,1.026587628911796,-1055.7578129474232,531.8893159978268,2.291,4.853,2.362,4.842,2.1798535430559576,4.348670922861039,stop_divergence,-80.8095871952434,10.069108022243292,-90.87869521748668,8
XLMUSDT-RUNEUSDT,XLMUSDT,RUNEUSDT,1,2025-08-31 16:00:00+00:00,2025-09-02 00:00:00+00:00,1.0070505898606996,6846.170870094675,-2116.185661309674,0.3557,1.212,0.3617,1.177,-2.0164137375050153,0.008124967230759438,target,115.1435233664065,9.96701052707473,105.17651283933176,8
SANDUSDT-SAGAUSDT,SANDUSDT,SAGAUSDT,-1,2025-08-31 20:00:00+00:00,2025-09-04 04:00:00+00:00,0.7402827192454788,-11696.310440891642,7332.023246473219,0.2771,0.2399,0.2754,0.2295,2.313363549455239,3.2009888071457744,screen_failed,-56.36931401380522,9.903863230487161,-66.27317724429238,20
UNIUSDT-OPUSDT,UNIUSDT,OPUSDT,1,2025-09-01 08:00:00+00:00,2025-09-04 04:00:00+00:00,0.9988852955914169,278.02489329745146,-3327.9280210901215,9.556,0.7041,9.45,0.7019,-2.0385570596987996,-1.9391637181724408,screen_failed,-22.14919704313162,9.963207919664072,-32.112404962795694,17
AVAXUSDT-VETUSDT,AVAXUSDT,VETUSDT,-1,2025-09-02 04:00:00+00:00,2025-09-04 04:00:00+00:00,1.1654397869868307,-101.94708887688857,108572.56760081001,23.89,0.02362,24.77,0.02333,2.3390351368024094,3.4565915729913024,screen_failed,-121.19948281589659,10.058227393607428,-131.257710209504,12
ETHFIUSDT-GALAUSDT,ETHFIUSDT,GALAUSDT,-1,2025-09-03 20:00:00+00:00,2025-09-04 04:00:00+00:00,1.3085234731609294,-1814.9732724135138,179693.69806291256,1.147,0.01624,1.121,0.01578,2.3025744741909016,2.8236609899726095,screen_failed,-35.469796026188746,9.870151593808309,-45.339947619997055,2
XRPUSDT-WLDUSDT,XRPUSDT,WLDUSDT,1,2025-09-06 20:00:00+00:00,2025-09-07 00:00:00+00:00,0.7572613587450041,1220.5201789443672,-1630.9266886834027,2.8098,0.963,2.8223,0.996,-3.5227131283575965,-4.396720666156597,stop_divergence,-38.56407848974807,10.069077082963357,-48.63315557271143,1
DOTUSDT-GALAUSDT,DOTUSDT,GALAUSDT,-1,2025-09-03 12:00:00+00:00,2025-09-07 16:00:00+00:00,0.7848391711084116,-786.7668654330658,118816.88287765223,3.892,0.01631,3.99,0.01616,2.1897793056599957,4.597910031496204,stop_divergence,-94.92568524408863,10.059280620380793,-104.98496586446942,25
DOGEUSDT-DOTUSDT,DOGEUSDT,DOTUSDT,1,2025-09-07 16:00:00+00:00,2025-09-07 20:00:00+00:00,1.2045799142700813,10017.024834825688,-695.0665537510272,0.22229,3.99,0.22877,3.995,-2.155342681940079,0.11062775465626679,target,61.43498816091553,10.068385653698428,51.3666025072171,1
LTCUSDT-STXUSDT,LTCUSDT,STXUSDT,-1,2025-09-07 20:00:00+00:00,2025-09-08 04:00:00+00:00,0.676346810600392,-28.814725315460056,2689.7899064548387,114.9,0.628,112.86,0.636,2.129248897013527,0.4348067597434091,target,80.30035889517742,9.962736279608098,70.33762261556933,2
XRPUSDT-WLDUSDT,XRPUSDT,WLDUSDT,1,2025-09-08 00:00:00+00:00,2025-09-08 04:00:00+00:00,0.7572613587450041,1360.0493926932952,-893.0919970884655,2.889,1.199,2.9106,1.241,-6.880534634118002,-6.613470279579523,stop_divergence,-8.132796995540023,10.06688693075989,-18.19968392629991,1
LTCUSDT-ICPUSDT,LTCUSDT,ICPUSDT,-1,2025-09-06 16:00:00+00:00,2025-09-09 00:00:00+00:00,0.8292689432088256,-27.082667306726965,416.46108047088285,112.3,4.703,112.33,4.901,2.0090648232792843,0.33279850100398384,target,81.64681391403276,10.083271773952436,71.56354214008033,14
OPUSDT-ETCUSDT,OPUSDT,ETCUSDT,-1,2025-09-05 12:00:00+00:00,2025-09-09 04:00:00+00:00,1.073782608469032,-2738.7748610779977,150.44866105695448,0.7083,20.34,0.7811,20.97,2.247274510659314,3.689895738737619,screen_failed,-104.60015342059698,10.29416546635236,-114.89431888694934,22
WIFUSDT-STXUSDT,WIFUSDT,STXUSDT,-1,2025-09-07 08:00:00+00:00,2025-09-09 04:00:00+00:00,1.139327730145128,-2395.6106877694892,4765.134284617977,0.836,0.629,0.895,0.661,2.182145294736433,2.3748553103409633,screen_failed,11.14326652937541,10.293825327686175,0.8494412016892339,11
DOGEUSDT-GALAUSDT,DOGEUSDT,GALAUSDT,-1,2025-09-07 16:00:00+00:00,2025-09-09 04:00:00+00:00,0.938912461912421,-12357.22179625987,139425.31973449222,0.22229,0.01616,0.24025,0.01745,2.052503132925306,1.7966666663491282,screen_failed,-42.077041003332425,10.401794365918324,-52.478835369250746,9
TAOUSDT-ICPUSDT,TAOUSDT,ICPUSDT,-1,2025-09-08 00:00:00+00:00,2025-09-09 04:00:00+00:00,1.145547198345855,-6.951980814020474,557.0482558333914,331.4,4.84,346.6,4.997,2.018958941053679,2.1395502778193505,screen_failed,-18.213532207269054,10.193126684538953,-28.406658891808007,7
DOTUSDT-GALAUSDT,DOTUSDT,GALAUSDT,-1,2025-09-08 20:00:00+00:00,2025-09-09 04:00:00+00:00,0.7752367076403069,-741.5723740265063,118363.29864276818,4.045,0.0169,4.125,0.01745,2.061919651570167,1.5920758860611839,screen_failed,5.774024331402167,10.124425604175643,-4.350401272773476,2
RUNEUSDT-TAOUSDT,RUNEUSDT,TAOUSDT,1,2025-09-08 04:00:00+00:00,2025-09-09 20:00:00+00:00,0.9429347333337746,1880.6288617947673,-8.099135284432837,1.222,333.6,1.247,335.5,-2.030038754573143,-0.4884320541449791,target,31.62736450444723,10.062404078585292,21.564960425861937,10
TAOUSDT-STXUSDT,TAOUSDT,STXUSDT,-1,2025-09-08 12:00:00+00:00,2025-09-10 08:00:00+00:00,0.958111182266859,-7.373935148560169,3751.1242656904415,346.9,0.651,334.8,0.646,2.153079064074472,0.19944000147766472,target,70.46899396912558,9.89201976337397,60.57697420575161,11
DOGEUSDT-DOTUSDT,DOGEUSDT,DOTUSDT,-1,2025-09-08 20:00:00+00:00,2025-09-10 16:00:00+00:00,1.2045799142700813,-8910.93473356612,703.7729866455086,0.24164,4.045,0.23986,4.161,3.2177195128763754,-0.15829219280376394,target,97.49913027662649,10.06577620262513,87.43335407400136,11
LTCUSDT-INJUSDT,LTCUSDT,INJUSDT,1,2025-09-09 12:00:00+00:00,2025-09-10 16:00:00+00:00,0.6928070460703363,30.943835694133934,-111.24512935585145,111.36,13.97,115.46,13.82,-2.336553070609395,-0.37161091232723875,target,143.5564957493267,10.11018295694257,133.44631279238413,7
WIFUSDT-LTCUSDT,WIFUSDT,LTCUSDT,-1,2025-09-09 04:00:00+00:00,2025-09-10 20:00:00+00:00,1.5941059485080684,-1568.0319763731723,31.540922398895123,0.895,114.03,0.895,117.66,2.655464757094027,0.4960202725799005,target,114.49354830798916,10.11449354830799,104.37905475968117,10
PEOPLEUSDT-GALAUSDT,PEOPLEUSDT,GALAUSDT,-1,2025-09-10 00:00:00+00:00,2025-09-11 00:00:00+00:00,1.055579466606539,-106874.92066884597,163544.55565375538,0.02054,0.01715,0.02026,0.01743,2.1634779931371004,0.22316548392441604,target,75.71745337032867,10.015867497795776,65.70158587253289,6
ETHFIUSDT-SANDUSDT,ETHFIUSDT,SANDUSDT,-1,2025-09-10 20:00:00+00:00,2025-09-11 00:00:00+00:00,1.528169102458383,-1037.1967730607519,12144.488736121788,1.308,0.3,1.464,0.3019,2.0372024418842556,5.585569803013875,stop_divergence,-138.72816799884563,10.184877225196109,-148.91304522404175,1
DOGEUSDT-SANDUSDT,DOGEUSDT,SANDUSDT,-1,2025-09-09 12:00:00+00:00,2025-09-12 00:00:00+00:00,1.1770622182636423,-9463.747505437152,9384.864553434154,0.23827,0.2925,0.26099,0.3029,2.8410394049648198,4.702244675664143,stop_divergence,-117.41375196781661,10.312618934679247,-127.72637090249586,15
APTUSDT-INJUSDT,APTUSDT,INJUSDT,1,2025-09-09 12:00:00+00:00,2025-09-12 00:00:00+00:00,0.7590605826755816,707.4751259683467,-136.55162665657528,4.371,13.97,4.555,14.14,-2.727163309021106,-0.25429409713080275,target,106.96164664655748,10.153389199709792,96.80825744684769,15
DOGEUSDT-DOTUSDT,DOGEUSDT,DOTUSDT,-1,2025-09-11 16:00:00+00:00,2025-09-12 00:00:00+00:00,1.1574985762910375,-8218.230601156007,695.0638151249975,0.25217,4.212,0.26099,4.219,2.6312416834736982,4.644147417811319,stop_divergence,-67.61934719632056,10.07735024060807,-77.69669743692863,2
TAOUSDT-STXUSDT,TAOUSDT,STXUSDT,-1,2025-09-11 16:00:00+00:00,2025-09-12 08:00:00+00:00,0.9625609889304512,-6.846799764353689,3786.8119114624515,358.6,0.672,346.7,0.666,2.136115796660024,0.47118024264518815,target,58.75604572703439,9.895802211335416,48.860243515698976,4
DOTUSDT-SANDUSDT,DOTUSDT,SANDUSDT,-1,2025-09-09 20:00:00+00:00,2025-09-12 16:00:00+00:00,0.9724466168259884,-592.7992741564244,8656.276793581786,4.14,0.2941,4.292,0.3114,2.4215697440399553,0.3695058472458884,target,59.64809885718863,10.239859078200741,49.40823977898789,17
RUNEUSDT-STXUSDT,RUNEUSDT,STXUSDT,1,2025-09-11 00:00:00+00:00,2025-09-12 16:00:00+00:00,0.9365996084543786,1934.463097061486,-3703.5508780914365,1.279,0.682,1.316,0.685,-2.1602905582541334,-0.040823092134625476,target,60.46448195700094,10.08268578722555,50.38179616977539,10
PEOPLEUSDT-GALAUSDT,PEOPLEUSDT,GALAUSDT,-1,2025-09-12 16:00:00+00:00,2025-09-13 00:00:00+00:00,1.055579466606539,-97494.29697845831,159460.37225556732,0.02173,0.01807,0.02324,0.01823,2.172645473046389,5.203504319775872,stop_divergence,-121.70272887658132,10.172730047998364,-131.87545892457968,2
DOGEUSDT-SANDUSDT,DOGEUSDT,SANDUSDT,-1,2025-09-13 00:00:00+00:00,2025-09-13 04:00:00+00:00,1.1770622182636423,-7490.668800216324,9193.155125158057,0.28029,0.3155,0.28316,0.3138,4.297661561872743,4.686071191812015,stop_divergence,-37.12658316938965,10.005869855743853,-47.1324530251335,1
DOGEUSDT-DOTUSDT,DOGEUSDT,DOTUSDT,-1,2025-09-13 00:00:00+00:00,2025-09-13 08:00:00+00:00,1.1574985762910375,-7244.566837340155,678.1046725649527,0.28029,4.379,0.29626,4.584,4.559049177528046,4.251733319121185,stop_divergence,23.315725483492784,10.254707190268137,13.061018293224647,2
RUNEUSDT-TAOUSDT,RUNEUSDT,TAOUSDT,1,2025-09-10 20:00:00+00:00,2025-09-13 20:00:00+00:00,0.9544684473786509,1953.9426973232291,-7.228123650980275,1.269,348.7,1.327,359.0,-2.169032396858662,-0.4433996517477069,target,38.87900283965047,10.187778350049845,28.69122448960062,18
LTCUSDT-FILUSDT,LTCUSDT,FILUSDT,1,2025-09-08 12:00:00+00:00,2025-09-14 04:00:00+00:00,0.9079785707350282,27.81350820112022,-753.8036348928937,113.45,2.447,116.78,2.586,-2.39453886624734,-2.499259092200481,screen_failed,-12.159722940381783,10.197397687559842,-22.357120627941626,34
RUNEUSDT-ICPUSDT,RUNEUSDT,ICPUSDT,-1,2025-09-08 12:00:00+00:00,2025-09-14 04:00:00+00:00,1.1044575336938594,-1634.797170900857,594.9942703836577,1.266,4.925,1.333,4.984,2.3572437450601536,3.1597053915809425,screen_failed,-74.42674849772143,10.144636072402992,-84.57138457012442,34
LTCUSDT-OPUSDT,LTCUSDT,OPUSDT,1,2025-09-09 04:00:00+00:00,2025-09-14 04:00:00+00:00,0.7584278639965648,30.22787815766593,-1988.3690355669614,114.03,0.7811,116.78,0.8041,-2.529251458113589,-1.94103718771492,screen_failed,37.394177115541154,10.128859152751621,27.26531796278953,30
WIFUSDT-LTCUSDT,WIFUSDT,LTCUSDT,-1,2025-09-12 00:00:00+00:00,2025-09-14 04:00:00+00:00,1.5941059485080684,-1594.7738131136255,30.54360111032569,0.922,115.56,0.961,116.78,2.513883872487907,3.0805573054581825,screen_failed,-24.932985356833967,10.099459372066029,-35.032444728899996,13
ETHFIUSDT-SANDUSDT,ETHFIUSDT,SANDUSDT,-1,2025-09-12 00:00:00+00:00,2025-09-14 04:00:00+00:00,1.528169102458383,-727.395714297588,12967.377738941415,1.474,0.3029,1.524,0.3169,3.9695184473127063,2.464627017111193,screen_failed,145.17350263030053,10.217913074060059,134.95558955624048,13
UNIUSDT-JASMYUSDT,UNIUSDT,JASMYUSDT,1,2025-09-14 00:00:00+00:00,2025-09-14 04:00:00+00:00,0.9169229155525063,250.31694287026352,-173332.94480649644,9.484,0.01515,9.691,0.01518,-3.2707486077803036,-2.2313415820488776,screen_failed,46.615618829949746,10.05701559551834,36.5586032344314,1
PEOPLEUSDT-GALAUSDT,PEOPLEUSDT,GALAUSDT,-1,2025-09-14 00:00:00+00:00,2025-09-14 04:00:00+00:00,1.055579466606539,-88061.73162997441,168996.37299806016,0.02212,0.01806,0.02207,0.01802,2.53665595879706,2.4880835725678145,screen_failed,-2.3567683384232847,9.98883705849858,-12.345605396921865,1
XRPUSDT-SUIUSDT,XRPUSDT,SUIUSDT,-1,2025-09-15 12:00:00+00:00,2025-09-17 00:00:00+00:00,0.7513663065078837,-1101.2848711308363,476.08243624114596,3.0275,3.4991,3.0162,3.5969,2.443111010613133,0.28594326555525135,target,59.00538130816254,10.034116343220607,48.97126496494194,9
WIFUSDT-FILUSDT,WIFUSDT,FILUSDT,-1,2025-09-16 04:00:00+00:00,2025-09-17 00:00:00+00:00,1.4046164160454033,-1804.6063159808127,1405.593352464807,0.892,2.412,0.939,2.566,2.07617154030791,0.20239770765794368,target,131.64487942848206,10.301277873130676,121.34360155535138,5
AVAXUSDT-ETHFIUSDT,AVAXUSDT,ETHFIUSDT,-1,2025-09-16 04:00:00+00:00,2025-09-17 12:00:00+00:00,0.6638509555034545,-114.29344642005996,1029.6646539516228,30.63,1.456,29.52,1.494,2.2960128025557935,0.29548273432673855,target,165.9929823764282,9.912261531323894,156.08072084510428,8
NEARUSDT-ARUSDT,NEARUSDT,ARUSDT,-1,2025-09-16 08:00:00+00:00,2025-09-18 00:00:00+00:00,0.8250769553165993,-1117.6738099160568,284.22766930848496,2.696,6.99,2.883,7.15,2.2717914952879243,4.272931905791594,stop_divergence,-163.5285753649448,10.25448142954366,-173.78305679448846,10
CAKEUSDT-ENSUSDT,CAKEUSDT,ENSUSDT,-1,2025-09-17 00:00:00+00:00,2025-09-18 00:00:00+00:00,0.7043461389313179,-1194.460734380253,80.03853835010678,2.618,23.4,2.744,24.42,3.365025344222887,4.038565466030698,stop_divergence,-68.86274341480309,10.232141361649024,-79.09488477645212,6
CRVUSDT-JASMYUSDT,CRVUSDT,JASMYUSDT,1,2025-09-16 08:00:00+00:00,2025-09-18 08:00:00+00:00,1.0357233508672794,3186.912858414669,-188343.73076108293,0.7303,0.01419,0.8058,0.01485,-2.158273938924926,0.038769377936277334,target,116.30505850799264,10.364918783112621,105.94013972488001,12
AVAXUSDT-ETHFIUSDT,AVAXUSDT,ETHFIUSDT,-1,2025-09-18 12:00:00+00:00,2025-09-18 20:00:00+00:00,0.6638509555034545,-103.0220208854086,974.1094765709827,33.14,1.628,35.19,1.606,2.346791483996895,4.457607171099459,stop_divergence,-232.62555129964875,10.189764734330527,-242.8153160339793,2
TAOUSDT-STXUSDT,TAOUSDT,STXUSDT,-1,2025-09-17 08:00:00+00:00,2025-09-19 00:00:00+00:00,1.005737300908263,-7.075850073662396,3978.8348596635174,344.5,0.644,354.6,0.685,2.473528509043519,-0.23804496851602738,target,91.666143502214,10.234598314990194,81.4315451872238,10
NOTUSDT-OPUSDT,NOTUSDT,OPUSDT,1,2025-09-15 00:00:00+00:00,2025-09-19 04:00:00+00:00,0.8417514116608922,1496070.3175345499,-2655.934788512176,0.001924,0.7988,0.00191,0.8319,-2.085836334339076,-3.0092307221647543,screen_failed,-108.85642594523664,10.06696645705427,-118.9233924022909,25
ENSUSDT-ICPUSDT,ENSUSDT,ICPUSDT,-1,2025-09-15 00:00:00+00:00,2025-09-19 04:00:00+00:00,1.3129858104432226,-77.11610184387901,644.2244730774245,24.07,4.88,23.93,4.885,2.097737817813899,1.0471275513949971,screen_failed,14.017376623530158,9.992424868107243,4.024951755422914,25
JASMYUSDT-ICPUSDT,JASMYUSDT,ICPUSDT,-1,2025-09-15 16:00:00+00:00,2025-09-19 04:00:00+00:00,1.2480517424533546,-137415.90203976785,657.021168108795,0.01411,4.659,0.01444,4.885,2.5095360779907905,-0.28990659275917174,target,103.1395363194642,10.193834031665713,92.94570228779848,21
LDOUSDT-ICPUSDT,LDOUSDT,ICPUSDT,-1,2025-09-17 20:00:00+00:00,2025-09-19 04:00:00+00:00,1.280473087109768,-1202.0091497713777,708.6095154524486,1.3076,4.838,1.3031,4.885,2.463145794343461,1.6528123505664276,screen_failed,38.71368840023628,10.027895606052294,28.685792794183985,8
LDOUSDT-JASMYUSDT,LDOUSDT,JASMYUSDT,-1,2025-09-18 04:00:00+00:00,2025-09-19 04:00:00+00:00,1.013263240105698,-1581.3587506862657,197356.3580471951,1.3285,0.01469,1.3031,0.01444,2.105177169084214,1.9004714742828983,screen_failed,-9.172577244367531,9.91049439822077,-19.0830716425883,6
XRPUSDT-SUIUSDT,XRPUSDT,SUIUSDT,1,2025-09-18 12:00:00+00:00,2025-09-19 04:00:00+00:00,0.7513663065078837,1110.454778828169,-390.07562557748065,3.1134,3.9549,3.0382,3.7994,-3.019185319794368,-2.3063660409946993,screen_failed,-22.849439590580268,9.855837040854823,-32.70527663143509,4
NOTUSDT-JUPUSDT,NOTUSDT,JUPUSDT,1,2025-09-18 16:00:00+00:00,2025-09-19 04:00:00+00:00,0.8862932298349641,1525361.6277116423,-3627.193699454777,0.001937,0.5639,0.00191,0.5423,-2.2508135977892936,-1.4786374495648182,screen_failed,37.162619960008826,9.88046785214356,27.282152107865265,3
NEARUSDT-ARUSDT,NEARUSDT,ARUSDT,-1,2025-09-19 00:00:00+00:00,2025-09-19 04:00:00+00:00,0.8250769553165993,-841.563083357964,326.09979009233615,3.194,7.09,3.208,7.01,6.02672029377981,5.85971478703155,stop_divergence,-37.86986637439861,9.985693899959626,-47.85556027435824,1
CAKEUSDT-ENSUSDT,CAKEUSDT,ENSUSDT,-1,2025-09-19 00:00:00+00:00,2025-09-19 04:00:00+00:00,0.7043461389313179,-1082.9955750417457,87.24590829912064,2.685,23.98,2.714,23.93,2.7596008914384482,3.321541480803268,screen_failed,-35.76916709116663,10.027044576261254,-45.79621166742788,1
RUNEUSDT-STXUSDT,RUNEUSDT,STXUSDT,-1,2025-09-17 20:00:00+00:00,2025-09-20 04:00:00+00:00,0.9865908775133102,-1922.2144159610377,3599.6363457391253,1.339,0.674,1.281,0.661,2.638324668098394,0.23359235562113023,target,64.69316363113163,9.841716291379651,54.85144733975197,14
TAOUSDT-STRKUSDT,TAOUSDT,STRKUSDT,-1,2025-09-19 20:00:00+00:00,2025-09-20 12:00:00+00:00,1.0429843140266897,-7.615161517040017,18512.64187211157,345.9,0.1278,347.2,0.1329,2.1364247785866413,0.2633958485476547,target,84.51476357561677,10.104314183519921,74.41044939209685,4
DOTUSDT-ORDIUSDT,DOTUSDT,ORDIUSDT,-1,2025-09-19 04:00:00+00:00,2025-09-20 16:00:00+00:00,0.8488647590423158,-683.5468526714535,179.79335244523853,4.604,10.306,4.357,10.068,2.8192074896473107,0.45324685700399786,target,126.04525472788225,9.788373109508186,116.25688161837407,9
OPUSDT-SANDUSDT,OPUSDT,SANDUSDT,-1,2025-09-19 04:00:00+00:00,2025-09-22 12:00:00+00:00,1.1336018718689183,-2601.479514640665,9121.354749985301,0.8319,0.3109,0.6939,0.2717,2.186460681200651,0.11589288387390036,target,1.4470668209879136,9.283438720780163,-7.836371899792249,20
ADAUSDT-APTUSDT,ADAUSDT,APTUSDT,1,2025-09-20 04:00:00+00:00,2025-09-22 12:00:00+00:00,1.2198766044987126,2488.3399168186734,-584.3053144697568,0.9062,4.698,0.8203,4.23,-2.0418663903132463,0.2849364394723692,target,59.706488317122194,9.51279671397343,50.193691603148764,14
TAOUSDT-STRKUSDT,TAOUSDT,STRKUSDT,-1,2025-09-22 16:00:00+00:00,2025-09-23 08:00:00+00:00,1.0429843140266897,-8.755541614486187,19593.595157589785,311.7,0.1159,315.1,0.1208,2.0345919445558565,0.3451736014338608,target,66.23977478293665,10.125777457761444,56.113997325175205,4
DOTUSDT-ORDIUSDT,DOTUSDT,ORDIUSDT,-1,2025-09-22 04:00:00+00:00,2025-09-24 04:00:00+00:00,0.8488647590423158,-773.1093372597436,220.21496646559984,3.979,8.736,4.033,8.467,2.2540926647240034,3.208759277466947,screen_failed,-100.98573019127275,9.98251007823278,-110.96824026950553,12
DOGEUSDT-ETHFIUSDT,DOGEUSDT,ETHFIUSDT,1,2025-09-22 08:00:00+00:00,2025-09-24 04:00:00+00:00,0.7193897705872742,13378.195311599862,-1276.8347711522417,0.23917,1.41,0.23955,1.575,-2.7626330492044664,-4.045997239162251,stop_divergence,-205.59402302171173,10.215761451458528,-215.80978447317025,11
TRXUSDT-LDOUSDT,TRXUSDT,LDOUSDT,-1,2025-09-22 08:00:00+00:00,2025-09-24 04:00:00+00:00,0.3363358954212066,-13327.68444022598,409.8674814425168,0.3409,1.114,0.338,1.1233,2.312968062740252,1.323992212632064,screen_failed,42.46205245407013,9.96516148270076,32.496890971369375,11
RUNEUSDT-STRKUSDT,RUNEUSDT,STRKUSDT,-1,2025-09-22 16:00:00+00:00,2025-09-24 04:00:00+00:00,0.9558563567462173,-2546.3997583383643,17391.0222884162,1.172,0.1159,1.189,0.1219,2.273944093359553,0.28739471161661817,target,61.05733783874453,10.14763492962225,50.90970290912228,9
RUNEUSDT-STXUSDT,RUNEUSDT,STXUSDT,-1,2025-09-22 16:00:00+00:00,2025-09-24 04:00:00+00:00,1.0328389430110543,-2163.9440358303964,4147.908400684808,1.172,0.594,1.189,0.602,2.087895365589875,1.9263086135953982,screen_failed,-3.6037814036385214,10.069970315814595,-13.673751719453117,9
TAOUSDT-INJUSDT,TAOUSDT,INJUSDT,-1,2025-09-22 16:00:00+00:00,2025-09-24 04:00:00+00:00,0.9694312772898973,-8.345013786550332,197.92567679309082,311.7,12.12,311.8,12.42,2.170776866538636,0.464320686589513,target,58.54320165927216,10.06021220441658,48.48298945485558,9
ADAUSDT-APTUSDT,ADAUSDT,APTUSDT,1,2025-09-23 20:00:00+00:00,2025-09-24 04:00:00+00:00,1.2198766044987126,2881.9761790784178,-623.167411467131,0.806,4.296,0.8148,4.308,-2.4172880334251086,-1.8041054519221287,screen_failed,17.88338143828454,10.032839399313495,7.850542038971045,2
TAOUSDT-GALAUSDT,TAOUSDT,GALAUSDT,-1,2025-09-25 20:00:00+00:00,2025-09-26 16:00:00+00:00,0.8998776533982977,-9.897516505588195,144468.30592620588,298.2,0.01418,299.3,0.01464,2.308984913751066,0.4921417532953834,target,55.56815256990751,10.0773426888822,45.49080988102531,5
TAOUSDT-INJUSDT,TAOUSDT,INJUSDT,-1,2025-09-25 16:00:00+00:00,2025-09-27 16:00:00+00:00,0.9423544337170114,-8.871233233688823,203.21471348744126,299.5,11.53,297.4,11.81,2.4173695622989158,0.23031461377354362,target,75.52970956723051,10.038270529985738,65.49143903724477,12
ORDIUSDT-OPUSDT,ORDIUSDT,OPUSDT,-1,2025-09-27 12:00:00+00:00,2025-09-27 20:00:00+00:00,1.1410677372532934,-227.74273842387882,4424.434595536339,8.88,0.673,8.221,0.6727,4.503690796402865,-0.2639247184192579,target,148.75513424267504,9.848590205000002,138.90654403767505,2
ORDIUSDT-FILUSDT,ORDIUSDT,FILUSDT,-1,2025-09-27 12:00:00+00:00,2025-09-27 20:00:00+00:00,1.4057312120273608,-154.92208816013837,1651.910600336359,8.88,2.194,8.221,2.19,3.3674111761029377,0.25216639617359593,target,95.48601369618585,9.891298701501125,85.59471499468472,2
TIAUSDT-INJUSDT,TIAUSDT,INJUSDT,1,2025-09-24 04:00:00+00:00,2025-09-29 04:00:00+00:00,1.1518207498934858,1492.8370208906742,-225.7678536449129,1.471,12.42,1.409,11.98,-2.7226947453149766,-2.125462819482477,screen_failed,6.7819603085396665,9.808106249101016,-3.0261459405613493,30
INJUSDT-STRKUSDT,INJUSDT,STRKUSDT,1,2025-09-24 08:00:00+00:00,2025-09-29 04:00:00+00:00,1.000662779151646,221.14264836856714,-18177.783396531864,12.45,0.1236,11.98,0.1217,-2.046525229986119,-2.025499406935987,screen_failed,-69.39925627981577,9.861525166813362,-79.26078144662914,29
FETUSDT-STRKUSDT,FETUSDT,STRKUSDT,1,2025-09-24 20:00:00+00:00,2025-09-29 04:00:00+00:00,0.8736572049922153,5147.1447664310035,-15880.271233084159,0.591,0.1233,0.569,0.1217,-2.2415406717832806,-2.8575643538508824,screen_failed,-87.82875088854746,9.861354381165583,-97.69010526971304,26
STRKUSDT-STXUSDT,STRKUSDT,STXUSDT,-1,2025-09-24 20:00:00+00:00,2025-09-29 04:00:00+00:00,1.0472690862668081,-16271.913134634875,5031.38337899079,0.1233,0.595,0.1217,0.583,2.233991699320709,1.932989190844935,screen_failed,-34.341539532473675,9.913588338436696,-44.25512787091037,26
BNBUSDT-AVAXUSDT,BNBUSDT,AVAXUSDT,-1,2025-09-25 12:00:00+00:00,2025-09-29 04:00:00+00:00,0.46415887357353414,-4.098438331184573,30.44047368502461,995.3,30.25,1009.87,29.58,2.134571535477462,2.5820679585403545,screen_failed,-80.10936385432598,10.039319129116393,-90.14868298344237,22
TAOUSDT-STXUSDT,TAOUSDT,STXUSDT,-1,2025-09-25 16:00:00+00:00,2025-09-29 04:00:00+00:00,1.1450584500823278,-7.459551188397986,4860.921650395086,299.5,0.569,304.1,0.583,2.4217356224560866,1.0932847594607775,screen_failed,33.73896763890035,10.102366838572163,23.636600800328186,21
BOMEUSDT-ALGOUSDT,BOMEUSDT,ALGOUSDT,1,2025-09-25 16:00:00+00:00,2025-09-29 04:00:00+00:00,1.0521443528383838,1358888.0612532517,-13770.146633421473,0.001592,0.206,0.001631,0.206,-2.081977236582592,-1.3050747799184996,screen_failed,52.99663438887678,10.052996634388878,42.9436377544879,21
ETCUSDT-JASMYUSDT,ETCUSDT,JASMYUSDT,-1,2025-09-25 20:00:00+00:00,2025-09-29 04:00:00+00:00,0.9456529059417221,-160.43197899186464,179131.36213923816,17.89,0.01189,18.4,0.01224,2.3676982605625136,2.122808570866521,screen_failed,-19.124332537117354,10.144516286034584,-29.268848823151938,20
RUNEUSDT-STRKUSDT,RUNEUSDT,STRKUSDT,1,2025-09-27 08:00:00+00:00,2025-09-29 04:00:00+00:00,0.8615252020807217,2681.5683188673333,-16365.609245932164,1.131,0.1202,1.152,0.1217,-2.089266823474207,-1.3367343289619738,screen_failed,31.764520827315483,10.080861348565112,21.68365947875037,11
TAOUSDT-STRKUSDT,TAOUSDT,STRKUSDT,1,2025-09-27 08:00:00+00:00,2025-09-29 04:00:00+00:00,0.9651464491893875,9.115169906257117,-18854.913020910906,299.9,0.1202,304.1,0.1217,-2.031824845877671,-1.5937467411591362,screen_failed,10.001344074913924,10.066566083137646,-0.06522200822372248,11
ORDIUSDT-OPUSDT,ORDIUSDT,OPUSDT,1,2025-09-29 00:00:00+00:00,2025-09-29 04:00:00+00:00,1.1410677372532934,239.78183658267784,-4502.092000257836,8.081,0.6802,8.0,0.6741,-2.1139342766925804,-2.0771085269406946,screen_failed,8.040432438375987,9.95311491003523,-1.9126824716592434,1
FETUSDT-TAOUSDT,FETUSDT,TAOUSDT,1,2025-09-29 16:00:00+00:00,2025-09-30 20:00:00+00:00,0.8843415246753535,4874.295769072794,-7.076841952918238,0.576,309.8,0.545,303.1,-2.209930072869253,-4.150028136831926,stop_divergence,-103.6883277567041,9.80148199007419,-113.48980974677829,7
GALAUSDT-STXUSDT,GALAUSDT,STXUSDT,1,2025-09-29 16:00:00+00:00,2025-09-30 20:00:00+00:00,1.2303959598064855,125686.75489882613,-5393.918647403964,0.01459,0.587,0.01441,0.572,-2.0091240469250455,-0.30075355310239993,target,58.285163829270665,9.896467604407153,48.388696224863516,7
ENSUSDT-SAGAUSDT,ENSUSDT,SAGAUSDT,1,2025-10-01 00:00:00+00:00,2025-10-01 08:00:00+00:00,0.7721700322019163,168.96919369630302,-8048.66000894895,19.65,0.2087,20.64,0.2136,-2.262305005719842,0.1481997603825358,target,127.84106771549034,10.20671793580319,117.63434977968716,2
XRPUSDT-XLMUSDT,XRPUSDT,XLMUSDT,1,2025-10-01 08:00:00+00:00,2025-10-01 16:00:00+00:00,0.891416413094326,984.4592140002262,-5407.384923860905,2.9439,0.3887,2.9549,0.396,-3.0764613702872494,-4.2111417825756075,stop_divergence,-28.644858590182594,10.050302961298186,-38.69516155148078,2
APTUSDT-PENDLEUSDT,APTUSDT,PENDLEUSDT,-1,2025-09-30 16:00:00+00:00,2025-10-01 20:00:00+00:00,0.6988247313624979,-727.3575078343488,408.808203283938,4.336,4.516,4.875,4.832,2.078524272730569,4.352929498663359,stop_divergence,-262.8623044849894,10.521229088960439,-273.3835335739498,7
TAOUSDT-GALAUSDT,TAOUSDT,GALAUSDT,-1,2025-09-29 16:00:00+00:00,2025-10-02 04:00:00+00:00,0.8351615688386496,-9.507304314523259,140825.02559017786,309.8,0.01459,318.4,0.01571,2.377450783078639,-0.06322926702058537,target,75.96121155609917,10.2394868457659,65.72172471033328,15
APTUSDT-PENDLEUSDT,APTUSDT,PENDLEUSDT,-1,2025-10-02 20:00:00+00:00,2025-10-03 04:00:00+00:00,0.6988247313624979,-600.9900476894501,370.6870803205513,5.227,5.014,5.139,4.904,4.494684433130488,4.060256248711099,stop_divergence,12.111545361410897,9.906337296968069,2.2052080644428296,2
JUPUSDT-STXUSDT,JUPUSDT,STXUSDT,1,2025-09-29 20:00:00+00:00,2025-10-04 04:00:00+00:00,1.2290560216326905,4182.705738251602,-5406.0467849334555,0.4393,0.585,0.4641,0.61,-2.2865865033525963,-1.504734331469106,screen_failed,-31.42006731469681,10.238882271931976,-41.658949586628786,26
ADAUSDT-RUNEUSDT,ADAUSDT,RUNEUSDT,-1,2025-09-30 20:00:00+00:00,2025-10-04 04:00:00+00:00,0.9923990907918154,-2876.738502659257,2346.9734273912777,0.8072,1.141,0.8525,1.204,2.1521643452442865,1.7090929110124182,screen_failed,17.54307175518599,10.278175580096114,7.264896175089877,20
UNIUSDT-RAYUSDT,UNIUSDT,RAYUSDT,1,2025-10-01 08:00:00+00:00,2025-10-04 04:00:00+00:00,0.8084081783463262,374.4671450855062,-735.8267654844992,7.868,2.791,8.07,2.927,-2.03713522377434,-2.4028093264498613,screen_failed,-24.43007679861975,10.175714803413165,-34.605791602032916,17
ORDIUSDT-FILUSDT,ORDIUSDT,FILUSDT,1,2025-10-01 16:00:00+00:00,2025-10-04 04:00:00+00:00,1.401683283910756,173.49873990221064,-1558.2886885982489,8.197,2.296,8.753,2.361,-2.4860820917348057,-1.0451687392920057,screen_failed,-4.8234653732575055,10.197754064144515,-15.02121943740202,15
JUPUSDT-VETUSDT,JUPUSDT,VETUSDT,1,2025-10-02 08:00:00+00:00,2025-10-04 04:00:00+00:00,1.328242172165641,3735.576810427012,-138259.42556074494,0.4676,0.02353,0.4641,0.02333,-2.121369948773151,-1.8012346095351606,screen_failed,14.577366275654269,9.959273596051354,4.618092679602915,11
ETHUSDT-LINKUSDT,ETHUSDT,LINKUSDT,-1,2025-10-02 12:00:00+00:00,2025-10-04 04:00:00+00:00,0.7970840693486544,-0.6833417366619593,87.73745937024461,4437.09,22.43,4498.29,22.08,2.6406535296686693,3.5742106042215145,screen_failed,-72.52862506329753,10.011112403504125,-82.53973746680165,10
ENSUSDT-SAGAUSDT,ENSUSDT,SAGAUSDT,-1,2025-10-02 12:00:00+00:00,2025-10-04 04:00:00+00:00,0.7721700322019163,-144.17666198445576,8803.551195443782,21.46,0.2165,21.51,0.2181,2.218450247092016,1.6467807969616515,screen_failed,6.876848813487077,10.021294515011931,-3.1444457015248553,10
XRPUSDT-XLMUSDT,XRPUSDT,XLMUSDT,1,2025-10-02 16:00:00+00:00,2025-10-04 04:00:00+00:00,0.891416413094326,933.6306882295523,-5139.476177966071,3.0902,0.4115,3.018,0.401,-2.3027225265688585,-1.9939164302596817,screen_failed,-13.443635821530215,9.878627364441183,-23.322263185971398,9
BOMEUSDT-TIAUSDT,BOMEUSDT,TIAUSDT,-1,2025-10-04 04:00:00+00:00,2025-10-04 12:00:00+00:00,1.0486965596932332,-1296227.6323575922,1801.305436272127,0.001809,1.474,0.00168,1.447,2.596460148216205,-0.3208490940234049,target,118.57811779478212,9.784151388646524,108.7939664061356,2
SUIUSDT-ADAUSDT,SUIUSDT,ADAUSDT,-1,2025-10-04 12:00:00+00:00,2025-10-04 20:00:00+00:00,1.0807642831396604,-639.4108101194755,3297.614036903106,3.5108,0.8355,3.6229,0.8395,2.34932996766802,4.26493717913674,stop_divergence,-58.48749566678069,10.084868407962006,-68.5723640747427,2
FETUSDT-TAOUSDT,FETUSDT,TAOUSDT,1,2025-10-06 04:00:00+00:00,2025-10-06 12:00:00+00:00,0.9530251725193276,3662.721751186109,-8.992142742233739,0.579,320.2,0.588,339.9,-2.304561612592575,-4.288649469669808,stop_divergence,-144.18071626132954,10.21010970778268,-154.39082596911223,2
BOMEUSDT-SAGAUSDT,BOMEUSDT,SAGAUSDT,-1,2025-10-04 04:00:00+00:00,2025-10-06 16:00:00+00:00,1.1059896865157435,-1330261.663127603,11891.59400000993,0.001809,0.2181,0.001781,0.2219,2.7161829720808672,0.31996681630820906,target,82.43538376761063,10.007940730632464,72.42744303697816,15
TAOUSDT-SEIUSDT,TAOUSDT,SEIUSDT,-1,2025-10-06 12:00:00+00:00,2025-10-07 04:00:00+00:00,0.8340714734346452,-8.512672665052476,6956.877678826498,339.9,0.3028,348.2,0.2973,2.136338876506251,4.052206365144178,stop_divergence,-108.9180103534814,10.03239235588639,-118.9504027093678,4
TAOUSDT-VETUSDT,TAOUSDT,VETUSDT,-1,2025-10-06 16:00:00+00:00,2025-10-07 04:00:00+00:00,1.1646287538909388,-5.884805613157596,122817.11172849036,352.1,0.02384,348.2,0.02324,3.7364982941781566,4.43314956512363,stop_divergence,-50.73952514577938,9.903358991071592,-60.642884136850974,3
GALAUSDT-STXUSDT,GALAUSDT,STXUSDT,-1,2025-10-04 04:00:00+00:00,2025-10-07 16:00:00+00:00,1.2484700973704947,-122587.58569547418,4971.261064897771,0.01605,0.61,0.01538,0.602,2.2133779680651684,-0.16066129507105906,target,42.36359389678534,9.878096229064852,32.48549766772049,21
FILUSDT-STXUSDT,FILUSDT,STXUSDT,-1,2025-10-05 12:00:00+00:00,2025-10-07 16:00:00+00:00,0.9413305587055325,-1051.6816685708322,4117.429302934529,2.37,0.609,2.287,0.602,2.1442812583074398,0.3192485317155267,target,58.46757337083754,9.883888416388078,48.58368495444946,13
FETUSDT-TAOUSDT,FETUSDT,TAOUSDT,1,2025-10-07 12:00:00+00:00,2025-10-08 08:00:00+00:00,0.9530251725193276,4218.598138120194,-7.860795356759912,0.561,335.0,0.549,334.6,-4.152098137290482,-4.042285866957566,stop_divergence,-47.47885951473858,9.946232504199852,-57.425092018938436,5
HBARUSDT-RUNEUSDT,HBARUSDT,RUNEUSDT,-1,2025-10-06 20:00:00+00:00,2025-10-08 16:00:00+00:00,0.9479851399840581,-10371.191776715932,2168.867269925225,0.23011,1.205,0.22015,1.181,2.08467406685954,0.1515705122632699,target,51.2442556178852,9.844650115425704,41.399605502459494,11
TIAUSDT-SAGAUSDT,TIAUSDT,SAGAUSDT,-1,2025-10-04 20:00:00+00:00,2025-10-09 04:00:00+00:00,1.0219265853149095,-1602.9182246219548,11859.862102008346,1.55,0.2121,1.453,0.1999,3.200196180422026,2.204877880699235,screen_failed,10.792750143827561,9.699826614567169,1.0929235292603927,26
FILUSDT-SANDUSDT,FILUSDT,SANDUSDT,-1,2025-10-05 16:00:00+00:00,2025-10-09 04:00:00+00:00,0.9487088089081177,-1086.8632355686032,9049.521022921526,2.314,0.2746,2.284,0.2643,2.0360665038142507,2.9630966739528506,screen_failed,-60.604169469033636,9.874184036396848,-70.47835350543049,21
SUIUSDT-ADAUSDT,SUIUSDT,ADAUSDT,-1,2025-10-05 20:00:00+00:00,2025-10-09 04:00:00+00:00,1.0807642831396604,-653.3155332160208,3190.928346368237,3.5647,0.8371,3.441,0.8148,2.957457006209278,1.9436576543736106,screen_failed,9.657429334810374,9.848027166417168,-0.19059783160679356,20
BOMEUSDT-SAGAUSDT,BOMEUSDT,SAGAUSDT,-1,2025-10-07 16:00:00+00:00,2025-10-09 04:00:00+00:00,1.1059896865157435,-1386390.951943851,13590.41271071519,0.001643,0.2003,0.001662,0.1999,2.0191575371363135,2.507750117037325,screen_failed,-31.777593171219593,10.020905263002646,-41.79849843422224,9
TAOUSDT-SEIUSDT,TAOUSDT,SEIUSDT,-1,2025-10-08 04:00:00+00:00,2025-10-09 04:00:00+00:00,0.8340714734346452,-8.539116069807474,7722.4839564443055,330.6,0.2819,326.6,0.2819,3.1528690752584962,2.1395175823581756,screen_failed,34.156464279229894,9.965843535720772,24.190620743509122,6
TAOUSDT-VETUSDT,TAOUSDT,VETUSDT,-1,2025-10-08 04:00:00+00:00,2025-10-09 04:00:00+00:00,1.1646287538909388,-6.168728401663507,131349.5292994696,330.6,0.02254,326.6,0.02217,2.8955825764963468,2.7423301087769234,screen_failed,-23.92441223415003,9.926725760552543,-33.85113799470257,6
OMUSDT-CFXUSDT,OMUSDT,CFXUSDT,1,2025-10-08 20:00:00+00:00,2025-10-09 04:00:00+00:00,1.1059248349174915,14040.799253902293,-17798.675014573615,0.1671,0.1491,0.1607,0.1427,-2.2188905671763397,-1.736117079507765,screen_failed,24.050404868296923,9.796227364681753,14.254177503615168,2
NOTUSDT-OMUSDT,NOTUSDT,OMUSDT,-1,2025-10-09 00:00:00+00:00,2025-10-09 04:00:00+00:00,0.8061417137355826,-1801867.802309535,12799.264143826647,0.001627,0.1616,0.001592,0.1607,2.77438984005657,1.935374990096743,screen_failed,51.54603535138972,9.925415289189722,41.6206200622,1
TAOUSDT-FILUSDT,TAOUSDT,FILUSDT,-1,2025-10-09 16:00:00+00:00,2025-10-09 20:00:00+00:00,1.0265661211544952,-7.149937987563119,1147.1611367258145,335.1,2.27,347.1,2.298,3.092413517056499,4.0737061239044365,stop_divergence,-53.678744022434586,10.11791976767908,-63.79666379011367,1
ENSUSDT-JASMYUSDT,ENSUSDT,JASMYUSDT,-1,2025-10-09 12:00:00+00:00,2025-10-10 16:00:00+00:00,0.9564709135782176,-130.64082267510238,190678.44921393995,20.51,0.01217,19.43,0.01185,2.0073597158256034,-0.36916015151440623,target,80.07498474064985,9.797890807762428,70.27709393288742,7
GALAUSDT-STXUSDT,GALAUSDT,STXUSDT,-1,2025-10-10 00:00:00+00:00,2025-10-10 20:00:00+00:00,1.2262425710105795,-134698.0450711213,4866.378138360673,0.01566,0.594,0.01015,0.428,2.149954835907498,-0.13576027592611944,target,-65.6325426259931,8.44999500069025,-74.08253762668335,5
FILUSDT-ALGOUSDT,FILUSDT,ALGOUSDT,-1,2025-10-10 08:00:00+00:00,2025-10-10 20:00:00+00:00,0.896353013173831,-1119.4268530651434,10520.853183042507,2.382,0.2218,1.685,0.1754,2.2547824847660745,-9.012157188672235,stop_divergence,292.07292889323276,8.731591895720422,283.3413369975123,3
SUIUSDT-DOTUSDT,SUIUSDT,DOTUSDT,1,2025-10-10 12:00:00+00:00,2025-10-10 20:00:00+00:00,1.059545583267082,757.4567395124277,-615.6411731735716,3.3028,4.058,2.6047,2.946,-2.031058470716748,4.213700446096687,stop_divergence,155.8124347153855,8.786626465577362,147.02580824980814,2
TRXUSDT-DOTUSDT,TRXUSDT,DOTUSDT,1,2025-10-10 12:00:00+00:00,2025-10-10 20:00:00+00:00,0.31260417440449706,13816.866801060933,-107.1727966804997,0.3304,4.058,0.3205,2.946,-2.4787408595687643,4.687416202277004,stop_divergence,-17.610831421787864,9.74403686876078,-27.354868290548644,2
INJUSDT-ENSUSDT,INJUSDT,ENSUSDT,1,2025-10-10 16:00:00+00:00,2025-10-11 00:00:00+00:00,0.9862534863471408,222.89879809290977,-128.50470907959976,11.23,19.43,8.94,15.04,-2.02484840991812,-0.15630572980024202,target,53.69742522667946,8.925426079507794,44.77199914717166,2
WIFUSDT-JUPUSDT,WIFUSDT,JUPUSDT,1,2025-10-10 20:00:00+00:00,2025-10-11 00:00:00+00:00,1.102851086698094,3879.2197127819686,-9741.323420437666,0.463,0.3289,0.491,0.3367,-5.975790572353463,-4.363039763185446,stop_divergence,32.63582927848147,10.184600474637309,22.45122880384416,1
ARBUSDT-ATOMUSDT,ARBUSDT,ATOMUSDT,-1,2025-10-10 20:00:00+00:00,2025-10-11 00:00:00+00:00,1.6314962984615307,-6268.751897188854,1066.9367576553498,0.2962,2.946,0.3042,3.048,10.463624542819167,7.438497678987955,stop_divergence,58.67753410333466,10.158977564458354,48.518556538876304,1
TAOUSDT-FILUSDT,TAOUSDT,FILUSDT,-1,2025-10-10 20:00:00+00:00,2025-10-11 00:00:00+00:00,1.0265661211544952,-8.752044595530945,1457.4365792754625,290.7,1.685,292.3,1.694,6.721664696742653,6.049984237445714,stop_divergence,-0.8863421393707007,10.02712020056633,-10.91346233993703,1
BOMEUSDT-ATOMUSDT,BOMEUSDT,ATOMUSDT,-1,2025-10-10 20:00:00+00:00,2025-10-11 00:00:00+00:00,1.9435715637571531,-1325877.9252629771,1246.7061088974065,0.001001,2.946,0.001036,3.048,5.899640071223494,4.314677592488283,stop_divergence,80.75829572333097,10.173569750491739,70.58472597283924,1
ORDIUSDT-JUPUSDT,ORDIUSDT,JUPUSDT,1,2025-10-10 20:00:00+00:00,2025-10-11 00:00:00+00:00,1.055958866758356,364.2677942435469,-9315.648141062777,5.315,0.3289,5.204,0.3367,-4.224828184954826,-5.5329143707359245,stop_divergence,-113.09578066132336,10.032228330339255,-123.12800899166261,1
SANDUSDT-VETUSDT,SANDUSDT,VETUSDT,-1,2025-10-10 20:00:00+00:00,2025-10-11 00:00:00+00:00,1.1520708350285371,-12080.15291076005,172520.76573288566,0.1874,0.01586,0.1951,0.01601,2.6518284403153967,4.737147744170443,stop_divergence,-67.13906255291921,10.118895292272786,-77.257957845192,1
JASMYUSDT-STXUSDT,JASMYUSDT,STXUSDT,-1,2025-10-10 16:00:00+00:00,2025-10-11 04:00:00+00:00,1.1523465230116656,-197991.0711434228,4878.31949807066,0.01185,0.544,0.00995,0.434,2.0433542751814655,6.161316026626497,stop_divergence,-160.43210961526972,9.087201820039724,-169.51931143530945,3
ENSUSDT-STXUSDT,ENSUSDT,STXUSDT,-1,2025-10-10 04:00:00+00:00,2025-10-11 12:00:00+00:00,1.143909401977174,-115.14971477974534,4446.345564246183,20.91,0.583,15.81,0.444,2.458047252428385,4.127838616628619,stop_divergence,-30.778488053518117,8.794694421193078,-39.573182474711196,8
ADAUSDT-LDOUSDT,ADAUSDT,LDOUSDT,-1,2025-10-11 00:00:00+00:00,2025-10-11 12:00:00+00:00,0.79800956704311,-4994.348779410334,2214.135355570559,0.6474,0.7979,0.6548,0.8533,2.606594691548097,0.35739320246461265,target,85.7049177309719,10.159621279666244,75.54529645130566,3
TIAUSDT-ARUSDT,TIAUSDT,ARUSDT,1,2025-10-10 20:00:00+00:00,2025-10-11 20:00:00+00:00,0.9800404101410827,2417.2171920605097,-689.809915739977,0.927,4.0,0.925,4.03,-4.960503365329389,-4.440570525626385,stop_divergence,-25.528731856320505,10.015859863088078,-35.54459171940859,6
ENSUSDT-JASMYUSDT,ENSUSDT,JASMYUSDT,1,2025-10-11 16:00:00+00:00,2025-10-11 20:00:00+00:00,0.9564709135782176,163.56963489967328,-255586.176514974,15.13,0.00988,14.99,0.00985,-4.737438575140975,-4.815392815774426,stop_divergence,-15.232163590505001,9.969432665818596,-25.201596256323597,1
FILUSDT-ALGOUSDT,FILUSDT,ALGOUSDT,1,2025-10-11 20:00:00+00:00,2025-10-12 00:00:00+00:00,0.896353013173831,1397.0662781470862,-15491.668906799252,1.563,0.1818,1.538,0.1845,-6.147046272957471,-6.239001321968236,stop_divergence,-76.75416300203514,10.00690084909468,-86.76106385112982,1
GALAUSDT-STXUSDT,GALAUSDT,STXUSDT,-1,2025-10-11 20:00:00+00:00,2025-10-12 00:00:00+00:00,1.2262425710105795,-170630.92649711834,7574.481296031895,0.01057,0.422,0.01074,0.417,2.849337159282264,4.240059715725957,stop_divergence,-66.87966398466963,9.991134851024352,-76.87079883569399,1
ARKMUSDT-ATOMUSDT,ARKMUSDT,ATOMUSDT,1,2025-10-11 16:00:00+00:00,2025-10-12 04:00:00+00:00,1.4204689737558003,5176.192151501528,-1040.1041312857114,0.333,3.15,0.342,3.267,-3.380269557566772,-4.281490836712052,stop_divergence,-75.10645399691444,10.16827791272394,-85.27473190963838,3
WIFUSDT-JUPUSDT,WIFUSDT,JUPUSDT,1,2025-10-12 00:00:00+00:00,2025-10-12 04:00:00+00:00,1.102851086698094,3762.4272279733104,-9581.588578305933,0.473,0.3361,0.485,0.3435,-4.5810197959107555,-4.312896492406039,stop_divergence,-25.754628743784302,10.116052882215143,-35.870681625999445,1
TAOUSDT-FILUSDT,TAOUSDT,FILUSDT,-1,2025-10-12 00:00:00+00:00,2025-10-12 04:00:00+00:00,1.0265661211544952,-8.275576179864318,1648.0532223786863,297.9,1.538,314.8,1.576,5.0775968730897425,5.142345479153655,stop_divergence,-77.23121498931712,10.202483259890098,-87.43369824920723,1
ORDIUSDT-JUPUSDT,ORDIUSDT,JUPUSDT,1,2025-10-12 00:00:00+00:00,2025-10-12 04:00:00+00:00,1.055958866758356,388.5936782274527,-9140.692538868214,4.961,0.3361,5.096,0.3435,-4.662592149366346,-4.332502919913389,stop_divergence,-15.180978226918917,10.12010127134833,-25.30107949826725,1
JASMYUSDT-STXUSDT,JASMYUSDT,STXUSDT,-1,2025-10-12 04:00:00+00:00,2025-10-12 08:00:00+00:00,1.1523465230116656,-225949.5035006156,6402.169742128397,0.01003,0.427,0.01015,0.427,4.759841834846821,4.837369410183141,stop_divergence,-27.11394042007355,10.027113940420072,-37.14105436049362,1
SUIUSDT-LDOUSDT,SUIUSDT,LDOUSDT,-1,2025-10-11 00:00:00+00:00,2025-10-12 12:00:00+00:00,0.8564870731921671,-1108.9194014183502,2503.2948198765926,2.7077,0.7979,2.735,0.8874,4.4308034441111515,0.27614774391436925,target,193.771386720234,10.254318386037676,183.51706833419632,9
INJUSDT-ENSUSDT,INJUSDT,ENSUSDT,1,2025-10-12 00:00:00+00:00,2025-10-12 12:00:00+00:00,0.9862534863471408,296.71570263005424,-166.00921219782643,8.47,14.98,9.21,16.61,-3.4081787766160563,-4.126279852725833,stop_divergence,-51.02539593621668,10.490164635828696,-61.51556057204538,3
ENSUSDT-STXUSDT,ENSUSDT,STXUSDT,-1,2025-10-12 12:00:00+00:00,2025-10-12 16:00:00+00:00,1.143909401977174,-131.59950847278722,6239.760896379167,16.61,0.451,17.15,0.464,4.672541004982674,4.39441602233524,stop_divergence,10.053157077624249,10.152180626228233,-0.09902354860398521,1
ARKMUSDT-SAGAUSDT,ARKMUSDT,SAGAUSDT,1,2025-10-11 20:00:00+00:00,2025-10-13 00:00:00+00:00,0.7824708962207769,8427.062234498331,-18324.27301912098,0.33,0.1211,0.371,0.1318,-2.144557707630404,0.16364854457480651,target,149.4398303098369,10.541579272919027,138.89825103691788,7
ARBUSDT-ATOMUSDT,ARBUSDT,ATOMUSDT,-1,2025-10-12 00:00:00+00:00,2025-10-13 00:00:00+00:00,1.6314962984615307,-6128.491017098184,1006.2293860767021,0.3031,3.123,0.3314,3.483,3.7365351703743825,0.4978590394581619,target,188.80628320373404,10.535678874771492,178.27060432896255,6
FILUSDT-ALGOUSDT,FILUSDT,ALGOUSDT,1,2025-10-13 00:00:00+00:00,2025-10-13 04:00:00+00:00,0.896353013173831,1347.2732478486503,-13904.55706708347,1.644,0.2003,1.654,0.2039,-4.213993164873325,-4.169227271286021,stop_divergence,-36.58367296301387,10.063529137919986,-46.64720210093385,1
TAOUSDT-FILUSDT,TAOUSDT,FILUSDT,-1,2025-10-13 04:00:00+00:00,2025-10-13 08:00:00+00:00,1.0265661211544952,-5.4276715364979475,1644.0703871605576,420.2,1.654,402.6,1.631,5.257630903789373,4.692495707617366,stop_divergence,57.713400137671016,9.866659362052944,47.84674077561807,1
TIAUSDT-ARUSDT,TIAUSDT,ARUSDT,1,2025-10-12 20:00:00+00:00,2025-10-13 20:00:00+00:00,0.9800404101410827,2104.9598417348893,-606.257159666129,1.062,4.56,1.183,4.8,-2.7475981306236803,-0.286185017031899,target,109.19842253005052,10.400201859169794,98.79822067088072,6
UNIUSDT-ARUSDT,UNIUSDT,ARUSDT,-1,2025-10-10 00:00:00+00:00,2025-10-14 04:00:00+00:00,0.9566125699805758,-320.6567266026113,393.272745115966,8.455,5.82,6.534,4.33,3.224827471493581,3.5372302242217315,screen_failed,30.005181580826957,8.798042037973596,21.207139542853362,25
WIFUSDT-ORDIUSDT,WIFUSDT,ORDIUSDT,1,2025-10-10 20:00:00+00:00,2025-10-14 04:00:00+00:00,1.0115743884367479,5162.676320006654,-491.00298472942956,0.463,5.315,0.547,5.422,-2.3027362730390855,2.9821589272951474,screen_failed,381.12749151451044,10.486202130246607,370.6412893842638,20
ARBUSDT-BOMEUSDT,ARBUSDT,BOMEUSDT,-1,2025-10-10 20:00:00+00:00,2025-10-14 04:00:00+00:00,0.8162720875085926,-10584.481422225614,1863013.5891476248,0.2962,0.001001,0.3291,0.001141,3.0456600107021816,2.089752245336614,screen_failed,-87.4075363105548,10.60905134127189,-98.0165876518267,20
TRXUSDT-DOTUSDT,TRXUSDT,DOTUSDT,-1,2025-10-11 20:00:00+00:00,2025-10-14 04:00:00+00:00,0.31260417440449706,-15186.952817885376,75.14916051279192,0.3144,2.997,0.3117,3.116,2.0892571298027054,-0.24770698471192634,target,49.94752270931331,9.967937977492731,39.97958473182058,14
SANDUSDT-VETUSDT,SANDUSDT,VETUSDT,1,2025-10-12 04:00:00+00:00,2025-10-14 04:00:00+00:00,1.1520708350285371,11446.00966928771,-152420.63303799523,0.1998,0.0178,0.2148,0.01841,-2.730034885310535,-0.10710777035065044,target,78.7135588861385,10.264666731192492,68.44889215494601,12
SUIUSDT-DOTUSDT,SUIUSDT,DOTUSDT,-1,2025-10-12 16:00:00+00:00,2025-10-14 04:00:00+00:00,1.059545583267082,-946.9722563044612,702.5574549021981,2.8473,3.279,2.7183,3.116,2.627003864376942,2.6771152213384415,screen_failed,7.642555914217354,9.763323713787667,-2.120767799570312,9
ENSUSDT-JASMYUSDT,ENSUSDT,JASMYUSDT,1,2025-10-12 20:00:00+00:00,2025-10-14 04:00:00+00:00,0.9564709135782176,145.19548593711437,-231708.33391838227,16.93,0.01097,16.22,0.01039,-3.0329505335119284,-2.1768518205124536,screen_failed,31.302038657310547,9.762520371311986,21.53951828599856,8
GALAUSDT-STXUSDT,GALAUSDT,STXUSDT,-1,2025-10-13 00:00:00+00:00,2025-10-14 04:00:00+00:00,1.2262425710105795,-153599.7311996204,6932.737324253208,0.01179,0.46,0.01143,0.454,2.4079889572602906,1.616389154448559,screen_failed,13.699479286344207,9.903107672822618,3.7963716135215897,7
ORDIUSDT-JUPUSDT,ORDIUSDT,JUPUSDT,1,2025-10-13 04:00:00+00:00,2025-10-14 04:00:00+00:00,1.055958866758356,353.8887838621481,-8051.633885836489,5.549,0.3771,5.422,0.3631,-3.6060702523381662,-2.7862727575098285,screen_failed,67.77899885121789,9.842333250047796,57.9366656011701,6
ARKMUSDT-ATOMUSDT,ARKMUSDT,ATOMUSDT,1,2025-10-13 04:00:00+00:00,2025-10-14 04:00:00+00:00,1.4204689737558003,4530.578826438246,-928.9503748669791,0.379,3.534,0.373,3.36,-3.7113774258407006,-1.7835944044383543,screen_failed,134.45389226822482,9.811179161814515,124.6427131064103,6
JASMYUSDT-STXUSDT,JASMYUSDT,STXUSDT,-1,2025-10-13 08:00:00+00:00,2025-10-14 04:00:00+00:00,1.1523465230116656,-205721.5705815891,5822.050062751334,0.01106,0.468,0.01039,0.454,3.287736921520411,2.343637955291074,screen_failed,56.32475141114604,9.780657846831817,46.544093564314224,5
INJUSDT-ENSUSDT,INJUSDT,ENSUSDT,1,2025-10-13 12:00:00+00:00,2025-10-14 04:00:00+00:00,0.9862534863471408,258.9209671903268,-144.15996390728426,9.74,17.19,9.12,16.22,-2.420338208019032,-2.647402122425169,screen_failed,-20.695834667936765,9.699633835351932,-30.395468503288697,4
ENSUSDT-STXUSDT,ENSUSDT,STXUSDT,-1,2025-10-13 16:00:00+00:00,2025-10-14 04:00:00+00:00,1.143909401977174,-123.63704087028546,5749.743101423206,17.7,0.489,16.22,0.454,2.466740010601963,2.245006967708729,screen_failed,-18.258188061789554,9.615776170962166,-27.873964232751717,3
TRXUSDT-LINKUSDT,TRXUSDT,LINKUSDT,1,2025-10-14 04:00:00+00:00,2025-10-14 08:00:00+00:00,0.2919120768475906,14867.464773432359,-19.709656795319724,0.3117,18.56,0.3113,18.58,-4.320294494130159,-4.379734864335676,stop_divergence,-6.3411790452786745,9.994447207226536,-16.33562625250521,1
TRXUSDT-HBARUSDT,TRXUSDT,HBARUSDT,1,2025-10-14 04:00:00+00:00,2025-10-14 08:00:00+00:00,0.27008142096281945,15041.646620933665,-1735.2871449140866,0.3117,0.17952,0.3113,0.18033,-3.8712098283871765,-4.089297583378304,stop_divergence,-7.422241235753174,9.995388923939007,-17.41763015969218,1
TRXUSDT-ARBUSDT,TRXUSDT,ARBUSDT,1,2025-10-14 04:00:00+00:00,2025-10-14 08:00:00+00:00,0.17643185057118288,15525.390238668015,-488.4103999002729,0.3117,0.3291,0.3113,0.3307,-4.039319147794145,-4.2463201814284375,stop_divergence,-6.991612735306954,9.994571300544372,-16.986184035851327,1
TRXUSDT-BOMEUSDT,TRXUSDT,BOMEUSDT,1,2025-10-14 04:00:00+00:00,2025-10-14 08:00:00+00:00,0.1311861106414867,15750.26964539402,-79439.92246335138,0.3117,0.001141,0.3113,0.001148,-3.8919168340990904,-4.092967745123249,stop_divergence,-6.856187315400361,9.994255971599086,-16.85044328699945,1
TRXUSDT-CRVUSDT,TRXUSDT,CRVUSDT,1,2025-10-14 04:00:00+00:00,2025-10-14 08:00:00+00:00,0.1953425252703443,15547.524418744042,-274.2186072682391,0.3117,0.561,0.3113,0.563,-4.308893830691274,-4.368707709965258,stop_divergence,-6.76744698203338,9.99432942744704,-16.76177640948042,1
TRXUSDT-PEOPLEUSDT,TRXUSDT,PEOPLEUSDT,1,2025-10-14 04:00:00+00:00,2025-10-14 08:00:00+00:00,0.1544807965225253,15596.018659320871,-11062.27941704029,0.3117,0.01254,0.3113,0.01274,-3.828893402501228,-4.175521216805912,stop_divergence,-8.450863347135705,9.995974048419681,-18.446837395555384,1
TRXUSDT-TIAUSDT,TRXUSDT,TIAUSDT,1,2025-10-14 04:00:00+00:00,2025-10-14 08:00:00+00:00,0.14984100924516103,15686.36948939877,-101.24416680806199,0.3117,1.092,0.3113,1.091,-4.596174702110967,-4.6024359098953065,stop_divergence,-6.173303628950744,9.993624208037433,-16.16692783698818,1
TRXUSDT-GALAUSDT,TRXUSDT,GALAUSDT,1,2025-10-14 04:00:00+00:00,2025-10-14 08:00:00+00:00,0.18927387420381014,15583.627553638444,-12474.47869911614,0.3117,0.01143,0.3113,0.01155,-3.723315023631207,-4.108844751370216,stop_divergence,-7.730388465348632,9.99526348642244,-17.72565195177107,1
TRXUSDT-LDOUSDT,TRXUSDT,LDOUSDT,1,2025-10-14 04:00:00+00:00,2025-10-14 08:00:00+00:00,0.21619695202409245,15438.559686645562,-202.83070058600063,0.3117,0.9259,0.3113,0.9248,-4.249906186236709,-4.2049296508390395,stop_divergence,-5.9523101040129465,9.993601462354697,-15.945911566367641,1
TRXUSDT-ETCUSDT,TRXUSDT,ETCUSDT,1,2025-10-14 08:00:00+00:00,2025-10-14 12:00:00+00:00,0.2797610961565768,15144.988983898887,-17.49631694127997,0.3113,16.31,0.314,16.97,-4.351632309908249,-4.419662773587035,stop_divergence,29.343901075281913,10.052439039437772,19.29146203584414,1
TRXUSDT-ICPUSDT,TRXUSDT,ICPUSDT,1,2025-10-14 08:00:00+00:00,2025-10-14 12:00:00+00:00,0.22575588798251403,15436.492862076168,-56.47700871610244,0.3113,3.446,0.314,3.557,-4.347985263019195,-4.003030502590886,stop_divergence,35.40958276011799,10.047947478695093,25.3616352814229,1
TRXUSDT-SANDUSDT,TRXUSDT,SANDUSDT,1,2025-10-14 08:00:00+00:00,2025-10-14 12:00:00+00:00,0.21835548521916093,15421.214966337053,-926.8980984624592,0.3113,0.2151,0.314,0.2232,-4.326699005776128,-4.0730758425784055,stop_divergence,34.12940581156382,10.049145155006656,24.080260656557165,1
TRXUSDT-PENDLEUSDT,TRXUSDT,PENDLEUSDT,1,2025-10-14 08:00:00+00:00,2025-10-14 20:00:00+00:00,0.24122971726613066,15134.288092398325,-81.9693687780811,0.3113,3.522,0.3168,3.601,-2.1535032334391158,-0.4007015069739478,target,76.76300437472243,10.08971416464166,66.67329021008076,3
TRXUSDT-OPUSDT,TRXUSDT,OPUSDT,1,2025-10-14 08:00:00+00:00,2025-10-15 04:00:00+00:00,0.16554329872780207,15573.258954802961,-331.10733312246913,0.3113,0.4592,0.3182,0.487,-2.0838582869363687,-0.3759231486945182,target,98.2507029273352,10.116660270648943,88.13404265668625,5
TRXUSDT-FILUSDT,TRXUSDT,FILUSDT,1,2025-10-14 08:00:00+00:00,2025-10-15 08:00:00+00:00,0.19551306837100907,15452.73025960569,-118.10907799672754,0.3113,1.605,0.3181,1.661,-2.3057065153024485,-0.33016827015987055,target,98.46445739750152,10.111692674133135,88.35276472336838,6
TRXUSDT-RUNEUSDT,TRXUSDT,RUNEUSDT,1,2025-10-14 04:00:00+00:00,2025-10-15 16:00:00+00:00,0.22931508874552106,15210.08598727419,-292.34333833706023,0.3117,0.886,0.3174,0.879,-2.671837212710296,0.19706638457701783,target,88.74389349582289,10.084651086759102,78.65924240906378,9
TRXUSDT-SEIUSDT,TRXUSDT,SEIUSDT,1,2025-10-14 04:00:00+00:00,2025-10-15 16:00:00+00:00,0.20875307099342422,15335.702671149244,-1016.4654526249667,0.3117,0.2163,0.3174,0.2165,-3.320625666782568,-0.4805012762836015,target,87.21021213502628,10.087616798316075,77.1225953367102,9
TRXUSDT-INJUSDT,TRXUSDT,INJUSDT,1,2025-10-14 04:00:00+00:00,2025-10-15 20:00:00+00:00,0.1918866614568455,15455.405161066543,-20.0164705367938,0.3117,9.12,0.3192,9.05,-3.5320634102439814,0.2781627389888995,target,117.3166916455747,10.114514385770423,107.20217725980429,10
TRXUSDT-ENSUSDT,TRXUSDT,ENSUSDT,1,2025-10-14 08:00:00+00:00,2025-10-15 20:00:00+00:00,0.20825009355386676,15430.810932867484,-12.063179152232927,0.3113,16.28,0.3192,16.18,-4.16506101136571,-0.42250639250865757,target,123.10972428487585,10.120697088454431,112.98902719642142,9
TRXUSDT-ATOMUSDT,TRXUSDT,ATOMUSDT,1,2025-10-14 12:00:00+00:00,2025-10-15 20:00:00+00:00,0.2496484752317834,15161.499342185918,-69.54060056774809,0.314,3.441,0.3192,3.334,-3.2561048140324624,-0.28685275944226474,target,86.28064084011554,10.071398952318617,76.20924188779692,8
TRXUSDT-VETUSDT,TRXUSDT,VETUSDT,1,2025-10-14 12:00:00+00:00,2025-10-15 20:00:00+00:00,0.25287366825377094,15166.438712090445,-12434.008598514636,0.314,0.01912,0.3192,0.01831,-4.000394703440745,-0.44823800779896705,target,88.93702826766693,10.068793934338071,78.86823433332886,8
TRXUSDT-STXUSDT,TRXUSDT,STXUSDT,1,2025-10-14 20:00:00+00:00,2025-10-15 20:00:00+00:00,0.2102354097863196,15074.204682918458,-477.1348702474646,0.3168,0.4705,0.3192,0.4551,-2.313158992343165,-0.15589945668740668,target,43.525968240814606,10.028830214237193,33.49713802657741,6
TRXUSDT-HBARUSDT,TRXUSDT,HBARUSDT,1,2025-10-15 08:00:00+00:00,2025-10-15 20:00:00+00:00,0.27008142096281945,14728.314947398228,-1679.4998412491273,0.3181,0.18751,0.3192,0.17895,-2.1894015712016586,-0.2910325284751727,target,30.57766508323045,10.001824627801046,20.575840455429404,3
TRXUSDT-ARKMUSDT,TRXUSDT,ARKMUSDT,1,2025-10-14 08:00:00+00:00,2025-10-16 00:00:00+00:00,0.15071434257649063,15715.647518027183,-281.2504638071481,0.3113,0.383,0.3214,0.38,-4.087543524059264,0.06483076803150428,target,159.57179132349597,10.157884288540654,149.41390703495532,10
TRXUSDT-ARUSDT,TRXUSDT,ARUSDT,1,2025-10-14 08:00:00+00:00,2025-10-16 00:00:00+00:00,0.1605904308263695,15587.460258554382,-34.17213460926397,0.3113,4.32,0.3214,4.27,-3.6115787670652315,0.3157468966060315,target,159.14195534186246,10.155724741880935,148.98623059998152,10
TRXUSDT-PENDLEUSDT,TRXUSDT,PENDLEUSDT,-1,2025-10-15 20:00:00+00:00,2025-10-16 04:00:00+00:00,0.24122971726613066,-14691.254692779823,94.9118282593768,0.3192,3.272,0.3216,3.301,3.653817523698331,4.014822293192353,stop_divergence,-32.50656824314981,10.038011454282195,-42.544579697432,2
BOMEUSDT-PEOPLEUSDT,BOMEUSDT,PEOPLEUSDT,1,2025-10-15 20:00:00+00:00,2025-10-17 04:00:00+00:00,1.1799616160010713,1773763.4046814437,-238719.37410550955,0.001111,0.01269,0.000997,0.01114,-2.509013035818984,-0.19539447845903432,target,167.80600172985513,9.427775942002775,158.37822578785236,8
TRXUSDT-FILUSDT,TRXUSDT,FILUSDT,-1,2025-10-16 08:00:00+00:00,2025-10-17 04:00:00+00:00,0.19551306837100907,-14827.951551386337,130.68053359192112,0.3231,1.6,0.3077,1.403,2.5561150703522912,-0.3393217989729762,target,202.6063887737415,9.74590548099104,192.86048329275044,5
SUIUSDT-LDOUSDT,SUIUSDT,LDOUSDT,1,2025-10-14 00:00:00+00:00,2025-10-17 08:00:00+00:00,0.8564870731921671,1043.191604841874,-2020.58363664311,2.864,0.9959,2.3925,0.8773,-2.3406024619983685,-4.248063814214573,stop_divergence,-252.22362237707054,9.268493939011185,-261.49211631608176,20
TRXUSDT-OPUSDT,TRXUSDT,OPUSDT,-1,2025-10-16 04:00:00+00:00,2025-10-17 08:00:00+00:00,0.16554329872780207,-15027.48685066408,364.89899329061785,0.3216,0.4581,0.3105,0.4169,2.4321116193758456,-0.1812517458864131,target,151.7712655187978,9.818161057434054,141.95310446136375,7
LINKUSDT-ETCUSDT,LINKUSDT,ETCUSDT,1,2025-10-15 16:00:00+00:00,2025-10-17 16:00:00+00:00,0.9598279337523764,157.11990530790405,-132.7897124570153,18.03,16.32,16.39,15.37,-3.131899061333904,-4.13668845334667,stop_divergence,-131.52641787079804,9.616173128460872,-141.1425909992589,12
TRXUSDT-RUNEUSDT,TRXUSDT,RUNEUSDT,1,2025-10-17 16:00:00+00:00,2025-10-18 08:00:00+00:00,0.22931508874552106,15258.325464141402,-360.33602576475164,0.3079,0.838,0.3135,0.846,-2.319626726160183,-0.19033472609268645,target,82.56393439307374,10.08832931080531,72.47560508226843,4
WIFUSDT-JUPUSDT,WIFUSDT,JUPUSDT,1,2025-10-13 04:00:00+00:00,2025-10-19 04:00:00+00:00,1.102851086698094,3175.0009461072564,-8552.57085952279,0.559,0.3771,0.515,0.3398,-2.6063341100671678,-1.1343830354934759,screen_failed,179.31085143148061,9.54128906531108,169.76956236616954,36
XRPUSDT-LDOUSDT,XRPUSDT,LDOUSDT,1,2025-10-14 04:00:00+00:00,2025-10-19 04:00:00+00:00,0.5497759721247161,1616.812926912395,-1117.7535133816205,2.4524,0.9259,2.3484,0.8704,-2.4071941536887045,-1.5735502849817105,screen_failed,-106.11322440620928,9.76981613560843,-115.8830405418177,30
DOGEUSDT-ETCUSDT,DOGEUSDT,ETCUSDT,1,2025-10-14 12:00:00+00:00,2025-10-19 04:00:00+00:00,1.110501600233576,12731.106316070849,-141.96934971594476,0.2035,16.97,0.18879,15.33,-2.0286344513435837,-0.5733876995243503,screen_failed,45.555159624747375,9.579895692556448,35.97526393219093,28
ADAUSDT-LDOUSDT,ADAUSDT,LDOUSDT,1,2025-10-15 04:00:00+00:00,2025-10-19 04:00:00+00:00,0.770218026969666,4701.6618641350005,-1673.950011469851,0.7024,1.0141,0.6303,0.8704,-3.0909129812421896,-1.8518966274766073,screen_failed,-98.44320375591613,9.42046356294765,-107.86366731886378,24
NOTUSDT-FETUSDT,NOTUSDT,FETUSDT,-1,2025-10-15 16:00:00+00:00,2025-10-19 04:00:00+00:00,1.209461975938811,-2069018.434879366,10504.919576992073,0.000898,0.2991,0.00084,0.2586,3.6244656834128515,2.811034986149752,screen_failed,-305.4461736451755,9.454547687908818,-314.90072133308433,21
SEIUSDT-ENSUSDT,SEIUSDT,ENSUSDT,1,2025-10-15 20:00:00+00:00,2025-10-19 04:00:00+00:00,0.9964223364707481,12335.489514891455,-144.9569008897008,0.2152,16.18,0.1909,15.1,-2.012524011971981,-2.911205575008731,screen_failed,-143.1989422509857,9.54369415182726,-152.74263640281296,20
SEIUSDT-SANDUSDT,SEIUSDT,SANDUSDT,1,2025-10-15 20:00:00+00:00,2025-10-19 04:00:00+00:00,1.0404631860929527,12254.295063626987,-10949.377675196813,0.2152,0.2158,0.1909,0.2032,-2.364089176886632,-3.147994694586,screen_failed,-159.81721133865614,9.564258471246383,-169.3814698099025,20
BOMEUSDT-TIAUSDT,BOMEUSDT,TIAUSDT,1,2025-10-15 20:00:00+00:00,2025-10-19 04:00:00+00:00,1.1446571334950721,2012032.0718222486,-2586.1855642707965,0.001111,1.069,0.001053,0.995,-2.646660064068305,-0.9678614966161407,screen_failed,74.67987159034818,9.69192440807827,64.98794718226992,20
PENDLEUSDT-VETUSDT,PENDLEUSDT,VETUSDT,1,2025-10-15 20:00:00+00:00,2025-10-19 04:00:00+00:00,1.0182847737811036,850.0343370889697,-121173.5471897811,3.272,0.01831,3.226,0.0172,-4.028674986849454,-1.6976208304925315,screen_failed,95.40105787456456,9.826395783113252,85.5746620914513,20
SEIUSDT-ATOMUSDT,SEIUSDT,ATOMUSDT,1,2025-10-16 12:00:00+00:00,2025-10-19 04:00:00+00:00,1.2034499928651972,11545.891237732665,-792.3498827532906,0.207,3.294,0.1909,3.16,-2.3474891716148494,-2.5550501263724055,screen_failed,-79.7139646385551,9.707936266783564,-89.42190090533866,16
DOGEUSDT-SUIUSDT,DOGEUSDT,SUIUSDT,-1,2025-10-17 04:00:00+00:00,2025-10-19 04:00:00+00:00,1.011771360875886,-14783.686126423961,997.9825481216261,0.17858,2.3647,0.18879,2.4865,2.237699983862682,2.3161445839712758,screen_failed,-29.38716098957505,10.272495709712004,-39.659656699287055,12
SUIUSDT-ADAUSDT,SUIUSDT,ADAUSDT,1,2025-10-17 04:00:00+00:00,2025-10-19 04:00:00+00:00,1.0726045951716876,938.1950907972206,-4565.7420695860355,2.3647,0.6092,2.4865,0.6303,-2.337944517606745,-1.2330359928635881,screen_failed,17.935004390835985,10.210609319727368,7.724395071108617,12
TRXUSDT-BOMEUSDT,TRXUSDT,BOMEUSDT,1,2025-10-17 08:00:00+00:00,2025-10-19 04:00:00+00:00,0.1311861106414867,15754.252952405088,-104440.17191728094,0.3105,0.001037,0.3141,0.001053,-2.1963752790822375,-0.9260672433702725,screen_failed,55.0442678779817,10.058386353379337,44.98588152460237,11
SUIUSDT-LDOUSDT,SUIUSDT,LDOUSDT,1,2025-10-18 08:00:00+00:00,2025-10-19 04:00:00+00:00,0.8390960576458425,1221.6614140203383,-2217.004856679495,2.4871,0.8848,2.4865,0.8704,-2.674953801161667,-2.053972815985626,screen_failed,31.19187308777278,9.967342133215404,21.224530954557377,5
TRXUSDT-ARBUSDT,TRXUSDT,ARBUSDT,1,2025-10-17 08:00:00+00:00,2025-10-19 08:00:00+00:00,0.17643185057118288,15490.76210906856,-629.3226254028841,0.3105,0.3021,0.3181,0.3148,-2.093952511486434,-0.16485854763382946,target,109.73739468630434,10.125722189371537,99.6116724969328,12
TRXUSDT-LINKUSDT,TRXUSDT,LINKUSDT,-1,2025-10-19 20:00:00+00:00,2025-10-20 04:00:00+00:00,0.30896404513301107,-14218.051546126375,25.628367811827463,0.3205,17.29,0.3231,18.61,2.0470961205339573,0.44694727899580405,target,-3.1374885083161956,10.07079637953154,-13.208284887847736,2
INJUSDT-STXUSDT,INJUSDT,STXUSDT,1,2025-10-19 12:00:00+00:00,2025-10-20 12:00:00+00:00,1.1113696261009192,258.053305664465,-6096.248617605231,8.66,0.4536,8.88,0.445,-3.4224028905779145,-0.36805492427811,target,109.19946535758743,10.004343989134778,99.19512136845265,6
ARUSDT-STXUSDT,ARUSDT,STXUSDT,1,2025-10-19 12:00:00+00:00,2025-10-21 16:00:00+00:00,1.1765198236413705,523.8943239315164,-6356.849495848046,4.04,0.4536,4.17,0.4478,-2.33513765167894,-0.35407891135854097,target,104.97598918701593,10.031236535035177,94.94475265198075,13
LINKUSDT-AAVEUSDT,LINKUSDT,AAVEUSDT,-1,2025-10-20 08:00:00+00:00,2025-10-22 12:00:00+00:00,1.0532533726121545,-122.69607877412828,11.507970416323644,19.01,231.8,17.47,223.42,2.947519351094351,0.4144260227448632,target,92.51516922336548,9.71461124659905,82.80055797676643,13
TRXUSDT-RUNEUSDT,TRXUSDT,RUNEUSDT,-1,2025-10-19 12:00:00+00:00,2025-10-23 12:00:00+00:00,0.23250042792045728,-14665.567906074615,359.9589578141543,0.3199,0.857,0.3162,0.845,2.158673691127898,0.4530780023144058,target,49.94309375870676,9.941417891253753,40.001675867453,24
TRXUSDT-DOTUSDT,TRXUSDT,DOTUSDT,-1,2025-10-19 12:00:00+00:00,2025-10-23 12:00:00+00:00,0.2472486108764376,-14796.431510539223,87.99391411831748,0.3199,3.03,0.3162,2.996,2.2243615709886173,0.4111101910055273,target,51.75500350897289,9.942261410330982,41.812742098641905,24
TRXUSDT-INJUSDT,TRXUSDT,INJUSDT,-1,2025-10-19 12:00:00+00:00,2025-10-23 12:00:00+00:00,0.19948457384554436,-14944.262334372788,25.326845177152947,0.3199,8.66,0.3162,8.47,2.0830282318363764,0.4583884833429335,target,50.481670053520816,9.93989412877916,40.54177592474166,24
TRXUSDT-STXUSDT,TRXUSDT,STXUSDT,-1,2025-10-19 20:00:00+00:00,2025-10-23 12:00:00+00:00,0.22275942576825883,-14759.969380499142,616.9677434165902,0.3205,0.4367,0.3162,0.4288,2.0871543717023484,0.32389099910751734,target,58.593823163155655,9.931658086490863,48.66216507666479,22
TRXUSDT-ENSUSDT,TRXUSDT,ENSUSDT,-1,2025-10-20 04:00:00+00:00,2025-10-23 12:00:00+00:00,0.2316124563577029,-14685.056987230195,16.02373430169009,0.3231,15.93,0.3162,15.24,2.047722915125686,0.30638997267869156,target,90.27051654372245,9.887616730119943,80.3828998136025,20
TRXUSDT-ATOMUSDT,TRXUSDT,ATOMUSDT,-1,2025-10-20 04:00:00+00:00,2025-10-23 12:00:00+00:00,0.2803928271734033,-14506.212734966444,95.06306265786272,0.3231,3.293,0.3162,3.202,2.032679158634096,0.20264144030914896,target,91.44212916940319,9.891256393426865,81.55087277597632,20
TRXUSDT-ARBUSDT,TRXUSDT,ARBUSDT,-1,2025-10-21 16:00:00+00:00,2025-10-23 12:00:00+00:00,0.20787621036732068,-14330.190116749169,1068.1186024010424,0.3246,0.3262,0.3162,0.3132,2.0264668641664993,-0.19877892092387486,target,106.48805514947972,9.865740861188094,96.62231428829162,11
TRXUSDT-ARUSDT,TRXUSDT,ARUSDT,-1,2025-10-19 20:00:00+00:00,2025-10-23 16:00:00+00:00,0.18435328059025988,-14987.4276940614,49.62864243770748,0.3205,3.96,0.3162,3.96,2.169456287425671,0.2667815092286526,target,64.44593908446441,9.935554060915536,54.51038502354888,23
ARBUSDT-PEOPLEUSDT,ARBUSDT,PEOPLEUSDT,1,2025-10-19 04:00:00+00:00,2025-10-23 16:00:00+00:00,0.8806895336094406,8777.893943976604,-188715.84425330165,0.3084,0.01215,0.3146,0.01223,-2.187901038417855,,end_of_backtest,39.325674912390625,10.06952020999292,29.256154702397705,27
TRXUSDT-SEIUSDT,TRXUSDT,SEIUSDT,-1,2025-10-19 08:00:00+00:00,2025-10-23 16:00:00+00:00,0.21099604399797275,-14908.840413780785,1319.8250352451698,0.3181,0.1951,0.3162,0.1927,2.724622390764695,,end_of_backtest,25.159216701595295,9.968505623129229,15.190711078466066,26
TRXUSDT-PENDLEUSDT,TRXUSDT,PENDLEUSDT,-1,2025-10-19 08:00:00+00:00,2025-10-23 16:00:00+00:00,0.21303849723770152,-14835.941810302504,86.17958555197227,0.3181,3.257,0.3162,3.091,2.083503846063733,,end_of_backtest,13.882478237947558,9.957505899358797,3.92497233858876,26
TRXUSDT-ICPUSDT,TRXUSDT,ICPUSDT,-1,2025-10-19 08:00:00+00:00,2025-10-23 16:00:00+00:00,0.22804307749226285,-14992.081596096952,75.17697503467612,0.3181,3.073,0.3162,3.039,2.3830236998707877,,end_of_backtest,25.928937881405428,9.968959027816236,15.959978853589192,26
SUIUSDT-TRXUSDT,SUIUSDT,TRXUSDT,1,2025-10-19 20:00:00+00:00,2025-10-23 16:00:00+00:00,3.7384047580286386,128.14590619579673,-14568.339779668306,2.5818,0.3205,2.4633,0.3162,-2.2496741098609805,,end_of_backtest,47.458571168372174,9.922170849063225,37.53640031930895,23
ORDIUSDT-SAGAUSDT,ORDIUSDT,SAGAUSDT,-1,2025-10-20 12:00:00+00:00,2025-10-23 16:00:00+00:00,0.9170457735283195,-514.2542089847752,18218.297953540023,5.337,0.1238,5.185,0.1144,2.3079310968011746,,end_of_backtest,-93.08536099759017,9.750581359471038,-102.83594235706121,19
SUIUSDT-DOTUSDT,SUIUSDT,DOTUSDT,1,2025-10-22 12:00:00+00:00,2025-10-23 16:00:00+00:00,0.9653522329683784,979.5190150372887,-871.81979617371,2.4433,2.99,2.4633,2.995,-2.0541269409752556,,end_of_backtest,15.231281319877336,10.023949479281615,5.207331840595721,7
TRXUSDT-JASMYUSDT,TRXUSDT,JASMYUSDT,1,2025-10-23 12:00:00+00:00,2025-10-23 16:00:00+00:00,0.27378601424382076,14449.86346039671,-39536.988424088115,0.3162,0.0109,0.3162,0.01083,-2.480452740191654,,end_of_backtest,2.7675891896861926,9.997232410810314,-7.229643221124121,1
JUPUSDT-VETUSDT,JUPUSDT,VETUSDT,-1,2025-10-23 16:00:00+00:00,2025-10-23 16:00:00+00:00,1.1407821424647757,-5944.585698831468,165028.80256322396,0.36,0.01733,0.36,0.01733,2.201998178743436,,end_of_backtest,0.0,10.0,-10.0,0
